user_id,days_since_signup,days_since_last_activity,logins_last_30_days,total_active_hours,payments_made,lifetime_value_dollars,payment_failures_count,pricing_page_visits,support_tickets,open_complaint_tickets,sentiment_score,failed_onboarding_steps,plan_utilization_percent,core_features_untouched,primary_use_case
user_legacy_1,932,28,0,0.0,30,2934.53,0,1,0,0,0.13,0,40,6,E-commerce
user_legacy_2,1161,22,3,7.8,33,7053.12,1,2,4,2,0.69,0,5,9,Finance
user_legacy_3,375,17,2,5.4,6,2578.41,0,2,0,0,0.35,0,45,5,Marketing
user_legacy_4,1238,32,4,8.1,30,4101.83,1,0,3,1,0.02,0,0,10,E-commerce
user_legacy_5,1412,46,2,4.0,25,11945.17,2,0,0,0,0.25,0,0,10,SaaS
user_legacy_6,815,2,27,17.3,23,8054.55,1,1,2,0,0.46,0,9,9,Finance
user_legacy_7,1097,29,0,0.0,30,3768.4,1,2,2,0,0.09,0,91,0,SaaS
user_legacy_8,1196,13,8,12.9,26,11884.76,0,2,3,3,0.71,0,53,4,Finance
user_legacy_9,1421,3,28,26.7,25,11529.44,0,0,0,0,0.43,0,59,4,E-commerce
user_legacy_10,773,40,3,2.9,20,7747.48,0,0,4,0,0.2,0,45,5,Education
user_legacy_11,1128,24,4,8.8,23,5330.74,0,0,2,0,0.25,0,50,5,Education
user_legacy_12,624,52,3,7.7,12,1831.19,0,0,8,1,0.34,0,35,6,Finance
user_legacy_13,664,9,14,15.2,12,3558.35,0,2,4,0,0.17,0,32,6,Finance
user_legacy_14,598,42,4,2.7,18,3404.07,0,0,1,0,0.33,0,0,10,SaaS
user_legacy_15,704,38,4,2.6,22,1619.63,0,3,1,0,0.41,0,60,4,Marketing
user_legacy_16,1718,20,2,5.1,44,17931.94,0,1,1,0,0.0,0,29,7,E-commerce
user_legacy_17,183,32,1,1.1,4,502.09,0,2,1,0,0.52,0,34,6,SaaS
user_legacy_18,582,32,1,0.9,17,3734.98,0,2,3,2,0.02,0,8,9,Marketing
user_legacy_19,505,49,0,0.0,14,6049.76,0,0,0,0,0.31,0,60,4,Marketing
user_legacy_20,1340,11,27,74.8,30,1552.75,2,0,2,0,0.19,0,49,5,Marketing
user_legacy_21,1109,34,2,5.6,29,13414.33,1,3,6,0,0.3,0,35,6,SaaS
user_legacy_22,825,35,2,2.2,16,848.1,0,4,3,1,0.11,0,30,7,E-commerce
user_legacy_23,1387,53,2,4.3,44,20676.1,0,3,3,0,0.23,0,47,5,E-commerce
user_legacy_24,826,38,2,2.7,13,4005.26,1,0,1,0,0.0,0,97,0,E-commerce
user_legacy_25,839,26,4,4.0,17,6728.81,0,1,5,1,0.13,0,94,0,Education
user_legacy_26,704,17,2,5.4,15,2312.15,0,1,1,0,0.08,0,7,9,Marketing
user_legacy_27,625,0,24,37.8,14,2953.4,0,0,0,0,0.05,0,100,0,Marketing
user_legacy_28,837,20,1,2.5,26,1324.75,0,1,4,0,0.3,0,26,7,Education
user_legacy_29,1122,48,1,2.4,23,2036.92,0,1,1,0,0.41,0,43,5,Finance
user_legacy_30,795,53,3,4.6,24,4561.58,0,3,2,0,0.22,0,54,4,SaaS
user_legacy_31,868,2,18,27.5,15,6057.28,0,1,7,0,0.31,0,78,2,E-commerce
user_legacy_32,977,35,3,5.3,17,2622.5,0,4,4,0,0.36,0,100,0,E-commerce
user_legacy_33,1320,59,3,8.3,26,3357.54,2,2,2,0,0.29,0,40,6,Finance
user_legacy_34,923,43,0,0.0,17,1796.57,0,1,4,0,0.13,0,43,5,Education
user_legacy_35,575,38,2,3.1,14,4691.05,0,2,4,0,0.27,0,3,9,Finance
user_legacy_36,1148,43,3,8.9,21,3357.41,0,4,3,2,0.06,0,56,4,E-commerce
user_legacy_37,822,16,0,0.0,26,9639.23,0,2,3,1,0.29,0,39,6,E-commerce
user_legacy_38,986,44,4,4.5,28,8706.01,0,0,1,0,0.0,0,48,5,E-commerce
user_legacy_39,1615,2,28,60.7,34,13810.44,0,3,2,0,0.3,0,42,5,Marketing
user_legacy_40,1200,51,2,5.6,26,4947.42,1,5,8,4,0.43,0,52,4,Education
user_legacy_41,1065,9,25,47.1,29,6101.17,0,1,1,0,0.45,0,75,2,E-commerce
user_legacy_42,1830,23,2,2.1,53,22050.31,0,0,3,0,0.19,0,5,9,Marketing
user_legacy_43,930,46,1,2.2,23,10304.25,0,2,5,0,0.38,0,62,3,E-commerce
user_legacy_44,1895,35,2,5.5,49,17940.66,0,1,1,0,0.44,0,12,8,Education
user_legacy_45,1280,13,6,3.5,36,2117.3,0,0,5,0,0.29,0,0,10,Marketing
user_legacy_46,932,2,26,31.9,23,5919.21,1,2,3,1,0.11,0,36,6,SaaS
user_legacy_47,684,37,3,6.7,17,3068.8,0,1,3,0,0.6,0,57,4,E-commerce
user_legacy_48,938,58,3,7.3,18,4454.9,0,2,1,0,0.41,0,71,2,SaaS
user_legacy_49,1133,42,1,3.0,22,3917.33,2,0,3,2,0.07,0,45,5,Marketing
user_legacy_50,1112,11,26,55.6,33,7579.41,2,2,2,0,0.33,0,45,5,Education
user_legacy_51,1314,40,1,2.2,37,16255.14,0,2,3,2,0.27,0,47,5,Marketing
user_legacy_52,614,33,0,0.0,11,2107.07,1,3,2,0,0.17,0,39,6,SaaS
user_legacy_53,1112,55,2,5.1,22,4048.29,0,2,1,0,0.12,0,43,5,Marketing
user_legacy_54,1376,21,4,10.9,41,10833.92,0,5,4,1,0.2,0,33,6,Education
user_legacy_55,573,50,0,0.0,10,1892.57,1,3,4,3,0.1,0,14,8,E-commerce
user_legacy_56,1054,43,2,3.1,25,3728.69,0,0,2,0,0.0,0,47,5,E-commerce
user_legacy_57,1044,27,0,0.0,31,2891.44,0,1,1,0,0.29,0,0,10,Education
user_legacy_58,1385,19,2,2.7,25,4273.98,1,3,5,1,0.26,0,97,0,Marketing
user_legacy_59,1228,42,3,2.2,27,6741.14,0,0,5,1,0.16,0,54,4,Education
user_legacy_60,1108,42,1,1.6,28,5274.01,0,3,0,0,0.42,0,56,4,Marketing
user_legacy_61,978,23,1,2.1,18,8737.86,0,2,3,0,0.45,0,26,7,Finance
user_legacy_62,1398,16,1,1.5,31,8162.06,0,1,4,2,0.18,0,13,8,Finance
user_legacy_63,1189,54,4,6.7,32,9495.9,0,5,6,1,0.31,0,31,6,Marketing
user_legacy_64,1237,19,2,1.8,24,3365.46,2,2,1,0,0.55,0,0,10,E-commerce
user_legacy_65,1350,0,15,38.9,29,6876.36,0,1,1,0,0.0,0,0,10,Education
user_legacy_66,450,36,2,2.8,13,3324.66,0,1,2,0,0.46,0,56,4,E-commerce
user_legacy_67,1122,36,3,4.8,32,11516.33,0,4,1,0,0.16,0,0,10,Education
user_legacy_68,922,48,0,0.0,15,3858.26,0,2,1,0,0.65,0,67,3,Finance
user_legacy_69,891,3,24,60.6,15,3606.97,1,1,6,0,0.2,0,72,2,Finance
user_legacy_70,1039,38,0,0.0,33,2687.75,0,0,2,0,0.38,0,28,7,Finance
user_legacy_71,1274,41,3,4.9,22,8750.4,0,1,4,3,0.54,0,65,3,SaaS
user_legacy_72,897,30,3,5.6,20,5241.27,0,1,1,0,0.42,0,49,5,Finance
user_legacy_73,1421,31,1,0.7,43,4266.44,2,1,6,0,0.34,0,69,3,Education
user_legacy_74,711,26,4,6.0,17,3645.66,0,3,2,0,0.26,0,58,4,E-commerce
user_legacy_75,449,44,2,4.6,7,1637.22,0,0,6,2,0.48,0,8,9,Finance
user_legacy_76,860,31,4,5.6,27,8786.2,0,3,6,3,0.49,0,4,9,Finance
user_legacy_77,1156,23,1,2.7,34,6451.5,0,4,3,0,0.0,0,4,9,Finance
user_legacy_78,714,30,0,0.0,22,8557.43,0,1,2,0,0.8,0,73,2,Education
user_legacy_79,559,39,2,5.1,12,1513.97,0,0,3,0,0.05,0,76,2,E-commerce
user_legacy_80,908,19,4,2.8,24,7477.84,1,0,0,0,0.0,0,48,5,Marketing
user_legacy_81,1099,22,1,1.3,35,6439.89,0,2,1,0,0.4,0,50,5,Education
user_legacy_82,701,46,3,7.5,11,2033.11,0,0,3,1,0.11,0,44,5,E-commerce
user_legacy_83,1232,33,1,0.9,29,9020.55,0,3,1,0,0.08,0,27,7,SaaS
user_legacy_84,1266,45,3,8.3,24,4304.12,0,2,3,2,0.56,0,49,5,E-commerce
user_legacy_85,789,32,3,4.6,24,8837.39,0,2,3,0,0.44,0,75,2,E-commerce
user_legacy_86,714,39,2,1.1,13,1920.42,0,5,2,0,0.0,0,14,8,Education
user_legacy_87,1059,20,0,0.0,27,9337.28,1,0,0,0,0.09,0,92,0,Education
user_legacy_88,651,49,1,2.8,17,6574.17,0,7,3,0,0.49,0,47,5,Marketing
user_legacy_89,501,50,1,1.5,12,5788.03,1,3,6,1,0.53,0,25,7,E-commerce
user_legacy_90,791,34,4,6.7,18,5478.95,2,3,0,0,0.0,0,32,6,Education
user_legacy_91,779,41,0,0.0,13,3532.42,0,0,4,2,0.44,0,37,6,Marketing
user_legacy_92,1062,27,2,4.9,32,9511.37,0,2,2,0,0.16,0,71,2,Marketing
user_legacy_93,1104,20,3,3.2,33,6658.7,0,4,4,0,0.69,0,40,6,E-commerce
user_legacy_94,928,48,0,0.0,17,6949.79,1,0,1,0,0.87,0,42,5,E-commerce
user_legacy_95,369,31,1,2.5,8,3898.42,1,1,1,0,0.08,0,53,4,E-commerce
user_legacy_96,1052,4,19,11.2,20,1278.77,0,1,3,3,0.08,0,37,6,Marketing
user_legacy_97,1003,37,4,12.0,21,1706.4,0,0,2,0,0.23,0,34,6,Marketing
user_legacy_98,1622,16,1,1.8,31,5585.89,1,3,3,2,0.5,0,23,7,Marketing
user_legacy_99,431,13,26,74.1,13,5724.04,1,0,3,2,0.18,0,69,3,Education
user_legacy_100,1101,22,2,4.4,30,10911.49,0,0,3,0,0.29,0,56,4,Finance
user_legacy_101,1111,33,0,0.0,34,6718.7,0,0,5,1,0.57,0,0,10,SaaS
user_legacy_102,906,38,0,0.0,19,8493.53,0,2,5,2,0.15,0,90,1,E-commerce
user_legacy_103,1218,7,13,37.4,27,13142.62,0,3,2,0,0.0,0,35,6,E-commerce
user_legacy_104,1395,50,0,0.0,24,11819.19,0,2,3,1,0.05,0,28,7,Finance
user_legacy_105,1130,51,0,0.0,29,9738.15,0,0,2,0,0.2,0,13,8,Finance
user_legacy_106,1004,56,3,4.2,28,6692.89,0,2,3,1,0.26,0,40,6,SaaS
user_legacy_107,485,43,0,0.0,9,998.0,1,0,1,0,0.0,0,74,2,SaaS
user_legacy_108,1620,39,3,7.9,47,14259.21,1,1,5,2,0.72,0,43,5,Finance
user_legacy_109,1207,23,0,0.0,38,10771.41,0,4,5,1,0.39,0,0,10,SaaS
user_legacy_110,556,21,1,2.8,17,5962.09,0,4,2,0,0.02,0,71,2,SaaS
user_legacy_111,971,36,3,6.3,25,8064.22,0,2,1,0,0.66,0,74,2,E-commerce
user_legacy_112,667,56,4,2.3,19,4270.64,0,2,2,0,0.04,0,49,5,Finance
user_legacy_113,641,43,2,5.1,16,3760.08,0,3,3,1,0.47,0,51,4,Finance
user_legacy_114,539,18,2,2.6,13,3236.39,1,3,0,0,0.28,0,68,3,SaaS
user_legacy_115,1006,55,2,3.1,26,5709.69,0,0,5,0,0.22,0,46,5,Marketing
user_legacy_116,1384,44,2,4.9,42,9747.75,0,1,1,0,0.37,0,83,1,E-commerce
user_legacy_117,556,41,2,3.4,12,2637.02,1,0,2,0,0.07,0,27,7,SaaS
user_legacy_118,1256,31,0,0.0,36,2607.76,1,0,2,0,0.58,0,44,5,E-commerce
user_legacy_119,1378,24,1,1.6,41,13293.85,0,0,3,0,0.28,0,64,3,Education
user_legacy_120,1169,24,3,8.7,21,9779.94,0,2,2,0,0.26,0,0,10,Finance
user_legacy_121,944,22,3,7.7,23,1939.23,0,2,0,0,0.34,0,34,6,Finance
user_legacy_122,1166,27,0,0.0,21,1294.92,0,1,2,0,0.0,0,79,2,Education
user_legacy_123,1194,46,4,2.9,33,7155.5,0,1,5,0,0.25,0,30,7,E-commerce
user_legacy_124,1480,42,2,2.8,44,9246.56,0,0,6,0,0.17,0,31,6,SaaS
user_legacy_125,1163,13,26,23.3,20,3456.52,0,1,4,0,0.17,0,15,8,E-commerce
user_legacy_126,1106,21,2,2.8,23,4379.12,2,0,0,0,0.59,0,30,7,Marketing
user_legacy_127,1109,44,0,0.0,18,3272.77,0,2,0,0,0.83,0,19,8,Marketing
user_legacy_128,838,36,1,3.0,19,8825.09,0,2,0,0,0.04,0,34,6,SaaS
user_legacy_129,726,5,27,39.3,14,1419.83,0,1,1,0,0.35,0,30,7,Marketing
user_legacy_130,1139,5,8,13.9,19,2813.89,0,3,0,0,0.28,0,44,5,SaaS
user_legacy_131,947,44,3,8.8,15,1847.1,1,1,1,0,0.3,0,0,10,Finance
user_legacy_132,1197,20,1,2.2,27,4504.88,0,0,2,0,0.05,0,36,6,SaaS
user_legacy_133,1220,17,3,5.6,38,18203.08,1,1,2,0,0.25,0,5,9,Finance
user_legacy_134,1207,49,2,2.3,35,15942.53,0,3,2,0,0.29,0,35,6,SaaS
user_legacy_135,1022,57,2,5.0,32,11337.63,0,3,3,1,0.17,0,0,10,Education
user_legacy_136,1401,7,29,33.9,44,12472.0,0,1,3,1,0.4,0,19,8,Marketing
user_legacy_137,1255,16,0,0.0,37,15025.16,0,4,2,0,0.37,0,0,10,E-commerce
user_legacy_138,1048,28,4,2.2,24,9019.42,0,0,6,1,0.29,0,48,5,Education
user_legacy_139,734,10,25,54.3,23,4632.56,0,1,2,0,0.03,0,85,1,Marketing
user_legacy_140,835,22,2,3.6,25,8993.34,1,1,1,0,0.29,0,22,7,Marketing
user_legacy_141,1214,29,1,3.0,25,4632.45,0,2,3,3,0.66,0,43,5,Marketing
user_legacy_142,1513,38,2,1.1,27,8552.75,2,1,0,0,0.71,0,27,7,E-commerce
user_legacy_143,300,47,4,6.8,5,998.76,0,0,2,0,0.3,0,0,10,Education
user_legacy_144,598,12,12,20.3,10,3872.84,0,6,3,1,0.23,0,0,10,Education
user_legacy_145,674,35,1,0.9,11,2026.15,3,0,2,0,0.3,0,42,5,Education
user_legacy_146,1128,9,9,24.5,32,1935.14,1,1,2,0,0.36,0,52,4,Education
user_legacy_147,665,17,1,2.1,11,4229.82,0,2,3,1,0.16,0,45,5,Finance
user_legacy_148,1333,28,3,6.5,22,8799.13,1,2,3,3,0.11,0,0,10,Education
user_legacy_149,1071,42,1,0.6,17,6799.0,1,2,6,0,0.16,0,48,5,SaaS
user_legacy_150,777,55,0,0.0,22,3868.4,1,0,3,1,0.68,0,37,6,Education
user_legacy_151,1254,45,4,2.6,35,7651.02,1,0,3,1,0.34,0,75,2,Finance
user_legacy_152,704,29,0,0.0,16,3980.14,0,2,1,0,0.2,0,36,6,E-commerce
user_legacy_153,1356,25,1,2.3,36,14503.98,0,1,3,2,0.41,0,54,4,Marketing
user_legacy_154,1059,34,0,0.0,34,7428.43,1,3,4,3,0.03,0,87,1,E-commerce
user_legacy_155,1608,2,12,15.0,43,20155.87,1,3,3,0,0.45,0,0,10,Education
user_legacy_156,970,3,20,51.5,20,6624.86,0,0,3,2,0.49,0,18,8,SaaS
user_legacy_157,1474,11,19,11.7,25,6081.76,0,7,1,0,0.4,0,7,9,E-commerce
user_legacy_158,1496,56,1,1.6,24,10535.06,0,3,2,0,0.02,0,99,0,E-commerce
user_legacy_159,1546,54,2,6.0,50,10484.28,1,4,0,0,0.14,0,0,10,SaaS
user_legacy_160,343,35,3,3.7,5,973.12,0,2,5,0,0.5,0,46,5,Finance
user_legacy_161,820,38,0,0.0,24,1623.98,0,6,5,1,0.74,0,0,10,Marketing
user_legacy_162,921,9,8,10.3,15,5635.4,0,2,5,0,0.78,0,3,9,E-commerce
user_legacy_163,986,56,4,10.4,17,7143.6,0,1,0,0,0.66,0,49,5,E-commerce
user_legacy_164,1230,44,4,6.9,37,17460.86,0,4,2,0,0.0,0,12,8,SaaS
user_legacy_165,924,21,4,8.4,18,3292.68,0,1,7,0,0.58,0,48,5,Marketing
user_legacy_166,876,4,17,28.8,17,4641.15,0,0,2,0,0.31,0,7,9,Finance
user_legacy_167,942,4,20,38.8,28,7695.29,0,0,2,0,0.38,0,77,2,Finance
user_legacy_168,855,12,9,20.8,22,10511.39,0,5,1,0,0.31,0,46,5,Education
user_legacy_169,900,49,4,2.7,22,5168.1,0,1,1,0,0.0,0,50,5,E-commerce
user_legacy_170,1417,29,1,3.0,23,6804.37,0,2,3,0,0.39,0,59,4,Marketing
user_legacy_171,921,26,2,4.5,28,5359.01,0,1,2,0,0.14,0,30,7,Finance
user_legacy_172,1303,8,26,76.8,35,6748.34,0,3,3,0,0.2,0,100,0,Education
user_legacy_173,1035,13,9,21.4,21,3917.11,2,5,3,0,0.62,0,42,5,Finance
user_legacy_174,772,32,0,0.0,23,5030.63,0,1,1,0,0.26,0,11,8,E-commerce
user_legacy_175,772,13,17,41.4,22,1199.18,0,1,9,1,0.45,0,44,5,E-commerce
user_legacy_176,1141,33,2,1.2,26,9223.2,0,3,2,0,0.4,0,20,8,Education
user_legacy_177,1199,59,0,0.0,27,5670.53,0,1,2,0,0.26,0,22,7,Finance
user_legacy_178,918,54,1,1.5,15,2263.52,0,3,0,0,0.0,0,28,7,Marketing
user_legacy_179,833,11,19,35.0,19,6598.77,1,3,0,0,0.34,0,0,10,SaaS
user_legacy_180,1209,9,13,16.1,27,2690.27,0,1,0,0,0.33,0,10,9,SaaS
user_legacy_181,1088,6,15,35.0,28,6051.68,0,2,1,0,0.45,0,69,3,Education
user_legacy_182,1075,10,15,21.0,22,2071.96,0,2,0,0,0.2,0,11,8,Education
user_legacy_183,1456,18,1,1.0,47,11894.94,0,4,1,0,0.73,0,52,4,Finance
user_legacy_184,1124,51,2,6.0,22,9992.9,0,2,2,0,0.28,0,20,8,Education
user_legacy_185,1277,0,29,77.5,29,13620.92,0,0,3,1,0.45,0,0,10,Finance
user_legacy_186,393,16,4,6.9,9,744.03,0,0,4,0,0.06,0,19,8,Marketing
user_legacy_187,1459,44,3,7.7,47,15111.87,1,2,4,3,0.13,0,42,5,Marketing
user_legacy_188,726,56,3,4.3,22,10204.91,0,0,0,0,0.54,0,28,7,Finance
user_legacy_189,1397,13,9,7.0,29,3867.05,2,0,1,0,0.13,0,0,10,Finance
user_legacy_190,555,44,1,2.1,10,4225.46,3,0,3,1,0.22,0,35,6,Marketing
user_legacy_191,1020,16,2,5.8,32,7768.32,0,5,0,0,0.46,0,16,8,E-commerce
user_legacy_192,801,55,0,0.0,20,4450.04,0,2,3,2,0.6,0,0,10,Finance
user_legacy_193,308,9,6,11.4,7,2564.73,1,0,2,0,0.69,0,29,7,Finance
user_legacy_194,1224,51,3,8.8,25,3635.65,1,4,6,3,0.33,0,60,4,E-commerce
user_legacy_195,606,52,0,0.0,12,3198.48,0,4,2,0,0.25,0,37,6,Education
user_legacy_196,812,17,2,4.2,20,3354.92,0,1,2,0,0.55,0,6,9,Marketing
user_legacy_197,160,32,2,1.3,3,327.66,0,1,0,0,0.07,0,41,5,Education
user_legacy_198,790,9,26,46.6,13,2104.34,0,4,1,0,0.5,0,100,0,SaaS
user_legacy_199,937,33,0,0.0,27,2851.67,1,0,3,1,0.49,0,24,7,Education
user_legacy_200,1162,21,4,2.2,24,8848.62,0,0,1,0,0.3,0,66,3,SaaS
user_legacy_201,944,0,15,20.0,30,6934.51,0,1,6,2,0.23,0,50,5,Education
user_legacy_202,896,59,1,0.6,19,2695.39,0,1,2,0,0.54,0,10,9,Finance
user_legacy_203,1112,2,18,40.6,27,10898.46,0,1,1,0,0.26,0,34,6,Finance
user_legacy_204,1057,28,2,4.1,34,16044.61,0,1,3,0,0.6,0,6,9,SaaS
user_legacy_205,1029,27,4,11.4,18,3106.81,0,2,3,0,0.32,0,0,10,E-commerce
user_legacy_206,830,8,15,24.4,15,1538.01,1,3,0,0,0.45,0,16,8,E-commerce
user_legacy_207,752,29,2,4.2,21,4720.38,1,1,3,0,0.35,0,11,8,Finance
user_legacy_208,625,56,1,0.6,14,3457.16,0,0,4,0,0.0,0,7,9,E-commerce
user_legacy_209,1081,49,2,2.1,33,2182.91,0,0,4,2,0.62,0,13,8,Finance
user_legacy_210,946,12,22,65.1,19,1140.69,0,1,1,0,0.37,0,0,10,Education
user_legacy_211,592,24,3,2.3,11,4439.53,0,0,3,0,0.0,0,23,7,Education
user_legacy_212,748,15,0,0.0,19,5942.65,0,1,5,0,0.75,0,34,6,Education
user_legacy_213,1246,54,4,11.2,20,4944.74,3,5,3,0,0.43,0,70,3,SaaS
user_legacy_214,825,24,4,4.4,19,1752.02,1,2,5,1,0.29,0,1,9,Finance
user_legacy_215,1407,27,3,6.1,23,9017.97,1,3,3,1,0.47,0,0,10,Marketing
user_legacy_216,944,54,4,9.4,26,4250.71,2,1,0,0,0.64,0,73,2,Finance
user_legacy_217,965,55,1,2.1,29,11717.02,1,3,1,0,0.34,0,61,3,Finance
user_legacy_218,675,48,3,6.6,19,8368.92,0,2,3,0,0.24,0,100,0,E-commerce
user_legacy_219,552,53,3,3.6,17,7675.11,0,2,1,0,0.23,0,40,6,Marketing
user_legacy_220,713,30,1,2.7,21,10391.18,0,2,5,0,0.52,0,57,4,Marketing
user_legacy_221,1017,25,2,1.8,21,6605.83,0,0,0,0,0.38,0,38,6,E-commerce
user_legacy_222,955,1,27,78.0,21,6912.34,0,2,4,0,0.21,0,44,5,E-commerce
user_legacy_223,1161,28,3,6.3,24,5220.42,0,3,0,0,0.33,0,80,2,Education
user_legacy_224,936,18,4,10.5,27,12062.91,1,4,2,0,0.1,0,42,5,Education
user_legacy_225,1091,6,5,10.8,26,3208.53,0,0,2,0,0.13,0,61,3,Education
user_legacy_226,714,43,0,0.0,21,5416.31,0,0,4,0,0.13,0,63,3,SaaS
user_legacy_227,1,23,0,0.0,0,0.0,0,1,2,0,0.05,2,0,10,SaaS
user_legacy_228,1204,55,1,1.0,30,6749.02,0,2,7,4,0.3,0,99,0,Finance
user_legacy_229,1124,30,3,8.4,24,10654.42,0,0,0,0,0.37,0,23,7,E-commerce
user_legacy_230,1479,33,4,2.5,45,3363.88,0,3,1,0,0.73,0,75,2,SaaS
user_legacy_231,1534,6,11,28.4,38,7714.82,1,3,4,1,0.12,0,39,6,SaaS
user_legacy_232,1015,22,4,6.1,22,7392.29,0,3,4,0,0.0,0,59,4,Marketing
user_legacy_233,386,44,2,1.2,11,4540.62,0,0,6,0,0.4,0,54,4,Marketing
user_legacy_234,1036,47,0,0.0,17,4391.4,1,0,3,4,0.0,0,46,5,Marketing
user_legacy_235,984,50,2,4.7,24,10990.98,0,3,3,2,0.32,0,0,10,E-commerce
user_legacy_236,207,37,1,2.2,3,935.68,0,1,4,0,0.34,0,65,3,SaaS
user_legacy_237,1380,40,0,0.0,36,6407.94,0,2,4,2,0.43,0,10,9,Marketing
user_legacy_238,1441,7,24,37.4,27,1399.5,0,0,1,0,0.26,0,16,8,Finance
user_legacy_239,981,4,6,14.6,30,2248.12,1,1,3,0,0.33,0,57,4,SaaS
user_legacy_240,955,26,1,0.8,21,5825.06,0,1,4,0,0.32,0,33,6,Education
user_legacy_241,1230,28,4,10.1,32,15239.66,1,3,4,2,0.36,0,45,5,E-commerce
user_legacy_242,1085,6,15,10.4,33,4926.31,1,0,5,1,0.39,0,41,5,Marketing
user_legacy_243,943,33,0,0.0,19,3978.66,0,2,1,0,0.62,0,33,6,Finance
user_legacy_244,1094,4,18,43.3,28,1557.81,0,5,0,0,0.0,0,43,5,E-commerce
user_legacy_245,924,48,1,2.6,23,8810.89,2,0,3,2,0.49,0,33,6,Finance
user_legacy_246,939,48,0,0.0,25,4761.9,0,0,1,0,0.43,0,18,8,SaaS
user_legacy_247,1228,16,4,9.3,30,2292.33,1,1,3,0,0.18,0,91,0,E-commerce
user_legacy_248,1068,50,0,0.0,28,12965.18,0,5,2,0,0.13,0,100,0,Finance
user_legacy_249,1083,59,3,6.1,27,9298.98,0,1,4,2,0.36,0,78,2,SaaS
user_legacy_250,1093,53,1,2.2,32,4434.73,0,2,4,2,0.0,0,15,8,Education
user_legacy_251,920,36,3,3.0,22,7938.25,0,1,1,0,0.46,0,60,4,SaaS
user_legacy_252,964,55,2,3.6,19,2085.4,0,2,1,0,0.01,0,53,4,Education
user_legacy_253,849,9,27,70.9,27,3559.34,0,3,2,0,0.26,0,62,3,Finance
user_legacy_254,1582,57,0,0.0,37,16223.88,0,2,5,0,0.15,0,7,9,E-commerce
user_legacy_255,1096,50,0,0.0,24,2202.76,0,3,3,0,0.2,0,66,3,SaaS
user_legacy_256,943,12,27,75.4,28,12434.6,0,2,2,0,0.27,0,45,5,Finance
user_legacy_257,1380,59,2,3.1,41,12903.58,1,0,0,0,0.1,0,89,1,Marketing
user_legacy_258,1275,59,3,5.5,28,10141.48,0,0,4,0,0.44,0,75,2,Education
user_legacy_259,1032,35,2,2.4,17,1920.27,0,1,0,0,0.01,0,29,7,E-commerce
user_legacy_260,302,2,23,13.4,6,2182.69,0,3,4,0,0.33,0,72,2,Marketing
user_legacy_261,1558,2,8,19.9,36,14604.3,1,3,1,0,0.39,0,0,10,Marketing
user_legacy_262,912,8,5,11.8,17,6181.03,0,4,0,0,0.55,0,56,4,SaaS
user_legacy_263,220,16,3,5.9,6,1497.36,0,5,3,0,0.19,0,11,8,SaaS
user_legacy_264,1017,39,1,1.7,32,1677.84,0,4,1,0,0.47,0,42,5,Finance
user_legacy_265,902,47,1,1.5,26,9683.57,0,1,2,0,0.07,0,88,1,Marketing
user_legacy_266,1220,52,4,10.9,38,13884.27,0,4,4,1,0.64,0,17,8,E-commerce
user_legacy_267,856,42,3,8.1,16,4831.04,0,2,1,0,0.28,0,24,7,Education
user_legacy_268,1100,17,3,2.8,28,8976.92,0,1,4,1,0.17,0,39,6,Education
user_legacy_269,998,0,9,24.6,22,6670.89,1,0,4,0,0.12,0,84,1,SaaS
user_legacy_270,1168,30,0,0.0,31,10640.42,1,0,0,0,0.42,0,50,5,E-commerce
user_legacy_271,1557,59,2,3.5,44,3792.55,1,0,2,0,0.07,0,59,4,E-commerce
user_legacy_272,1199,24,1,2.9,36,3101.57,1,2,4,0,0.3,0,0,10,E-commerce
user_legacy_273,965,11,8,23.0,26,7584.47,1,0,2,0,0.06,0,18,8,E-commerce
user_legacy_274,1131,23,4,4.9,30,8748.6,1,1,1,0,0.36,0,48,5,Finance
user_legacy_275,633,8,22,42.6,19,5288.16,0,3,4,2,0.23,0,19,8,Marketing
user_legacy_276,1402,22,3,6.8,32,5656.33,0,0,1,0,0.26,0,25,7,Education
user_legacy_277,1530,0,24,60.6,32,10179.84,0,4,3,0,0.31,0,50,5,SaaS
user_legacy_278,1398,59,1,0.6,26,9344.41,0,3,6,2,0.38,0,67,3,E-commerce
user_legacy_279,774,7,10,11.3,17,6957.81,0,2,3,0,0.28,0,0,10,Marketing
user_legacy_280,1192,38,2,2.9,35,11099.24,0,3,1,0,0.53,0,56,4,E-commerce
user_legacy_281,597,18,2,5.9,17,5842.84,1,0,1,0,0.44,0,47,5,Marketing
user_legacy_282,1541,39,4,5.7,28,5119.75,1,2,1,0,0.0,0,82,1,Finance
user_legacy_283,1063,8,19,32.0,28,8822.2,0,4,2,0,0.23,0,18,8,Marketing
user_legacy_284,1057,4,12,21.5,24,7516.65,0,3,2,0,0.0,0,56,4,SaaS
user_legacy_285,1215,28,0,0.0,32,8586.35,0,2,3,0,0.56,0,42,5,E-commerce
user_legacy_286,750,19,0,0.0,24,11628.29,0,2,1,0,0.33,0,0,10,SaaS
user_legacy_287,758,58,4,4.8,15,5730.52,0,4,0,0,0.7,0,8,9,E-commerce
user_legacy_288,1229,3,27,71.5,22,6437.44,0,0,4,4,0.16,0,34,6,Finance
user_legacy_289,534,24,0,0.0,15,6044.09,1,0,1,0,0.54,0,41,5,SaaS
user_legacy_290,891,17,3,5.2,17,3592.67,3,1,1,0,0.49,0,47,5,E-commerce
user_legacy_291,766,9,14,39.9,17,2676.67,0,2,4,1,0.33,0,37,6,Finance
user_legacy_292,1387,4,16,26.9,40,18008.92,0,2,0,0,0.15,0,24,7,E-commerce
user_legacy_293,1175,11,5,10.8,37,7687.61,0,0,0,0,0.49,0,72,2,E-commerce
user_legacy_294,772,17,3,8.1,20,3624.82,1,3,7,0,0.48,0,26,7,Finance
user_legacy_295,878,58,3,5.9,28,4429.08,0,0,1,0,0.2,0,74,2,Marketing
user_legacy_296,815,8,26,38.8,26,9708.84,0,0,1,0,0.05,0,56,4,Marketing
user_legacy_297,1405,23,2,1.4,34,8594.19,0,5,2,0,0.22,0,63,3,E-commerce
user_legacy_298,992,54,0,0.0,24,9751.26,0,0,1,0,0.16,0,79,2,E-commerce
user_legacy_299,633,28,3,9.0,19,8559.06,0,4,3,0,0.41,0,10,9,Education
user_legacy_300,1518,34,3,4.5,43,15555.24,0,5,1,0,0.31,0,24,7,E-commerce
user_legacy_301,1003,19,0,0.0,22,1793.63,0,0,2,0,0.47,0,59,4,Education
user_legacy_302,1399,40,3,4.6,31,13764.45,2,2,3,0,0.55,0,36,6,E-commerce
user_legacy_303,1066,20,3,1.7,24,7242.83,0,2,3,0,0.15,0,64,3,E-commerce
user_legacy_304,1015,24,1,2.0,23,1180.05,0,3,6,0,0.48,0,9,9,Education
user_legacy_305,1317,19,3,8.3,30,5622.85,0,3,5,0,0.24,0,12,8,E-commerce
user_legacy_306,1221,38,2,4.6,36,10173.35,0,0,1,0,0.42,0,16,8,Marketing
user_legacy_307,904,26,3,6.0,23,3144.93,1,0,2,0,0.03,0,36,6,Education
user_legacy_308,1125,26,3,3.2,36,3317.11,0,3,3,1,0.52,0,8,9,Finance
user_legacy_309,1293,24,4,7.7,40,2861.67,1,0,4,1,0.39,0,27,7,Education
user_legacy_310,985,56,0,0.0,18,3834.47,1,4,6,1,0.56,0,39,6,Education
user_legacy_311,980,27,3,2.0,22,5432.22,0,2,0,0,0.32,0,53,4,Education
user_legacy_312,1524,19,3,8.4,43,21387.54,0,1,0,0,0.26,0,24,7,Marketing
user_legacy_313,1622,59,1,2.3,29,5671.02,0,1,1,0,0.29,0,30,7,E-commerce
user_legacy_314,1125,46,2,5.4,32,11910.76,0,0,5,1,0.06,0,11,8,Finance
user_legacy_315,1110,41,2,4.4,27,8675.2,0,1,0,0,0.0,0,10,9,Marketing
user_legacy_316,1248,54,3,2.4,35,8164.92,1,0,3,2,0.32,0,41,5,Finance
user_legacy_317,932,34,3,6.4,30,8088.89,0,1,3,3,0.46,0,0,10,Marketing
user_legacy_318,1155,30,3,8.7,35,15155.14,0,0,3,3,0.49,0,25,7,Finance
user_legacy_319,922,25,0,0.0,20,3335.16,0,0,3,1,0.49,0,76,2,SaaS
user_legacy_320,493,0,29,49.6,8,1150.4,0,0,6,1,0.0,0,27,7,Finance
user_legacy_321,927,56,2,1.4,23,7403.54,0,0,3,0,0.08,0,47,5,SaaS
user_legacy_322,1059,23,4,4.9,25,2892.33,2,2,2,0,0.44,0,19,8,Finance
user_legacy_323,1077,17,0,0.0,34,3985.58,1,1,5,4,0.29,0,24,7,Marketing
user_legacy_324,1731,3,28,34.3,29,7091.87,1,2,5,1,0.37,0,12,8,Marketing
user_legacy_325,1412,13,6,12.3,24,6355.17,0,5,1,0,0.27,0,15,8,SaaS
user_legacy_326,1215,10,23,58.6,24,5766.79,0,4,1,0,0.07,0,50,5,E-commerce
user_legacy_327,881,6,13,35.3,27,3132.46,1,3,0,0,0.61,0,58,4,SaaS
user_legacy_328,820,47,1,1.8,21,7485.79,0,5,1,0,0.0,0,32,6,Finance
user_legacy_329,1419,7,23,61.8,39,2711.19,0,2,0,0,0.14,0,0,10,E-commerce
user_legacy_330,1046,31,2,4.0,27,11645.98,1,1,4,0,0.41,0,55,4,E-commerce
user_legacy_331,959,53,0,0.0,17,2842.11,0,0,1,0,0.33,0,22,7,SaaS
user_legacy_332,917,26,0,0.0,16,3103.29,1,1,0,0,0.42,0,33,6,Education
user_legacy_333,473,49,2,1.8,12,2198.85,0,0,3,3,0.33,0,25,7,Finance
user_legacy_334,948,31,2,3.3,30,5750.88,1,0,0,0,0.35,0,36,6,E-commerce
user_legacy_335,1224,23,2,1.5,28,4390.7,0,0,5,1,0.26,0,70,3,Marketing
user_legacy_336,1042,44,4,8.8,17,6436.84,1,1,1,0,0.2,0,13,8,E-commerce
user_legacy_337,1462,29,3,2.5,37,13688.46,1,3,4,1,0.24,0,92,0,Education
user_legacy_338,1172,11,17,14.3,24,10885.3,0,3,1,0,0.15,0,48,5,SaaS
user_legacy_339,826,41,0,0.0,16,2250.01,1,2,5,2,0.08,0,75,2,SaaS
user_legacy_340,1069,28,3,4.0,18,1614.2,1,1,4,0,0.37,0,51,4,Education
user_legacy_341,855,27,4,10.0,18,7829.65,0,0,0,0,0.21,0,90,1,Education
user_legacy_342,961,50,4,4.2,31,13359.36,1,5,3,0,0.52,0,0,10,SaaS
user_legacy_343,579,28,2,1.5,17,3468.69,0,1,0,0,0.79,0,12,8,Education
user_legacy_344,1310,9,5,3.6,38,11061.03,1,2,1,0,0.39,0,31,6,Education
user_legacy_345,907,35,0,0.0,25,10757.12,0,1,1,0,0.4,0,37,6,E-commerce
user_legacy_346,1379,47,1,1.5,40,5601.95,1,2,5,1,0.3,0,35,6,Education
user_legacy_347,1809,55,0,0.0,48,5227.44,1,1,3,0,0.0,0,78,2,Marketing
user_legacy_348,1151,38,0,0.0,29,6091.22,0,2,1,0,0.0,0,7,9,E-commerce
user_legacy_349,428,20,2,3.9,10,3021.87,0,0,4,4,0.0,0,27,7,SaaS
user_legacy_350,857,0,12,30.4,15,4852.21,2,2,3,0,0.16,0,75,2,Finance
user_legacy_351,1105,52,1,0.9,29,10929.59,0,0,4,1,0.0,0,61,3,Finance
user_legacy_352,681,8,5,8.2,11,3566.14,0,4,1,0,0.47,0,44,5,Education
user_legacy_353,581,25,0,0.0,13,6358.78,0,1,7,2,0.02,0,34,6,SaaS
user_legacy_354,1404,35,4,4.8,45,10262.66,0,2,5,3,0.57,0,54,4,SaaS
user_legacy_355,1131,11,14,38.4,28,9706.96,0,2,1,0,0.49,0,34,6,E-commerce
user_legacy_356,1238,54,1,1.5,38,8013.71,0,1,3,2,0.33,0,37,6,Education
user_legacy_357,808,22,1,2.4,23,1387.62,0,3,4,2,0.3,0,70,3,Marketing
user_legacy_358,852,12,21,61.4,23,2610.54,1,3,1,0,0.07,0,34,6,E-commerce
user_legacy_359,1062,52,3,5.1,25,1381.97,0,3,5,2,0.41,0,0,10,Education
user_legacy_360,792,21,2,2.5,13,777.02,1,4,4,1,0.49,0,27,7,Education
user_legacy_361,552,47,0,0.0,9,2394.3,0,3,1,0,0.43,0,43,5,Marketing
user_legacy_362,1228,32,0,0.0,23,6445.23,2,3,3,1,0.38,0,40,6,Marketing
user_legacy_363,1034,4,12,25.7,28,12570.95,1,1,0,0,0.55,0,0,10,Marketing
user_legacy_364,1678,27,4,4.9,36,5908.67,0,2,2,0,0.37,0,43,5,Marketing
user_legacy_365,1205,54,4,10.7,20,8292.01,2,0,1,0,0.0,0,72,2,Education
user_legacy_366,707,36,2,3.5,12,5757.05,0,0,4,2,0.79,0,57,4,Marketing
user_legacy_367,760,20,0,0.0,18,5976.73,0,4,1,0,0.3,0,2,9,Marketing
user_legacy_368,860,50,3,6.1,27,6229.9,1,5,2,0,0.1,0,38,6,Finance
user_legacy_369,469,48,1,0.8,13,1502.92,1,4,5,0,0.35,0,29,7,Finance
user_legacy_370,1533,29,2,2.1,30,6517.45,0,2,0,0,0.39,0,80,2,SaaS
user_legacy_371,814,11,21,61.8,16,6017.85,2,1,3,2,0.53,0,31,6,Education
user_legacy_372,908,9,7,20.0,15,3789.5,1,3,1,0,0.27,0,14,8,E-commerce
user_legacy_373,638,6,29,27.7,20,7834.02,0,0,0,0,0.52,0,42,5,Education
user_legacy_374,753,26,1,2.2,19,6213.7,1,4,0,0,0.21,0,52,4,Marketing
user_legacy_375,861,38,4,10.8,27,10688.33,1,1,2,0,0.41,0,19,8,Finance
user_legacy_376,967,54,4,3.4,20,2879.56,0,1,2,0,0.33,0,33,6,Education
user_legacy_377,556,41,4,11.3,15,3733.29,1,2,3,1,0.44,0,100,0,Education
user_legacy_378,960,5,12,11.0,16,3309.45,0,1,1,0,0.49,0,30,7,Education
user_legacy_379,587,51,0,0.0,13,4102.07,0,3,5,0,0.19,0,35,6,E-commerce
user_legacy_380,334,32,3,3.9,10,3760.01,0,0,2,0,0.55,0,2,9,Education
user_legacy_381,963,48,0,0.0,18,1020.13,0,1,7,0,0.24,0,39,6,Finance
user_legacy_382,938,40,3,2.4,26,5690.51,0,1,6,0,0.55,0,34,6,Education
user_legacy_383,179,59,0,0.0,3,439.09,0,3,4,2,0.41,0,47,5,E-commerce
user_legacy_384,1103,20,2,1.8,22,2088.73,1,0,3,1,0.4,0,86,1,SaaS
user_legacy_385,1123,52,1,2.7,35,17381.36,1,1,0,0,0.34,0,15,8,Education
user_legacy_386,919,28,0,0.0,16,7858.82,2,3,5,1,0.51,0,17,8,SaaS
user_legacy_387,1216,20,1,1.9,23,10272.85,2,2,3,1,0.34,0,40,6,Finance
user_legacy_388,906,18,3,7.2,27,4607.26,0,1,2,0,0.45,0,15,8,Marketing
user_legacy_389,1009,52,1,1.6,20,4568.08,0,1,1,0,0.57,0,78,2,Finance
user_legacy_390,1476,2,18,32.1,25,6369.72,0,3,4,0,0.42,0,0,10,SaaS
user_legacy_391,1018,23,2,2.5,30,5405.84,0,1,1,0,0.34,0,0,10,Marketing
user_legacy_392,914,13,11,17.7,24,9103.26,1,0,3,1,0.15,0,43,5,SaaS
user_legacy_393,1044,33,2,4.3,30,14412.55,0,0,5,1,0.38,0,27,7,E-commerce
user_legacy_394,810,4,7,13.4,20,8863.98,0,0,0,0,0.36,0,16,8,Education
user_legacy_395,739,18,0,0.0,18,2141.64,1,1,3,2,0.32,0,19,8,Education
user_legacy_396,683,54,4,10.3,14,6950.09,0,5,8,0,0.41,0,76,2,Marketing
user_legacy_397,1096,39,1,2.9,30,10859.59,3,1,5,1,0.45,0,3,9,Marketing
user_legacy_398,697,54,4,10.4,14,6185.97,0,6,4,0,0.53,0,76,2,SaaS
user_legacy_399,1113,32,2,4.5,33,11482.12,2,4,5,0,0.24,0,67,3,E-commerce
user_legacy_400,742,19,0,0.0,20,8896.36,1,2,5,0,0.0,0,70,3,SaaS
user_legacy_401,589,35,1,0.8,9,2407.0,0,1,0,0,0.4,0,33,6,Marketing
user_legacy_402,1243,25,3,4.1,34,6590.14,0,2,7,1,0.3,0,21,7,Education
user_legacy_403,1079,59,4,6.0,31,6774.21,0,0,0,0,0.53,0,33,6,Finance
user_legacy_404,830,4,12,32.3,18,7708.85,0,1,3,2,0.42,0,64,3,Finance
user_legacy_405,736,51,4,3.4,17,5379.65,0,2,3,2,0.68,0,0,10,SaaS
user_legacy_406,1226,11,19,13.4,37,9783.61,0,0,1,0,0.29,0,47,5,Finance
user_legacy_407,705,30,4,9.7,18,6759.6,0,1,6,4,0.21,0,50,5,Marketing
user_legacy_408,1181,47,0,0.0,28,8747.44,0,2,2,0,0.45,0,10,9,E-commerce
user_legacy_409,790,6,21,39.0,20,5284.11,0,0,1,0,0.09,0,85,1,Marketing
user_legacy_410,1127,50,1,1.1,29,5536.46,0,0,0,0,0.0,0,46,5,Education
user_legacy_411,550,30,4,11.6,11,1229.93,0,3,3,1,0.1,0,15,8,E-commerce
user_legacy_412,935,46,2,4.5,27,4547.71,0,0,1,0,0.6,0,83,1,Finance
user_legacy_413,1141,58,1,2.3,21,4386.56,0,3,3,1,0.5,0,25,7,SaaS
user_legacy_414,1044,57,2,5.9,31,10358.38,0,1,7,1,0.61,0,31,6,SaaS
user_legacy_415,856,38,0,0.0,22,2447.01,0,2,2,0,0.0,0,31,6,Education
user_legacy_416,1248,9,23,20.3,34,10804.36,0,1,0,0,0.06,0,61,3,Education
user_legacy_417,1215,39,0,0.0,21,3757.44,1,1,3,1,0.36,0,22,7,Education
user_legacy_418,1591,31,0,0.0,52,2813.17,1,3,1,0,0.53,0,63,3,Education
user_legacy_419,1204,21,3,8.4,28,10821.87,0,0,4,0,0.53,0,54,4,Marketing
user_legacy_420,1151,46,0,0.0,21,6873.75,0,0,1,0,0.01,0,64,3,Finance
user_legacy_421,1642,57,2,1.5,47,6507.25,0,1,5,0,0.25,0,80,2,Education
user_legacy_422,740,12,9,26.0,19,9160.79,0,2,0,0,0.0,0,71,2,SaaS
user_legacy_423,1595,8,6,13.9,36,13747.45,0,3,0,0,0.47,0,60,4,E-commerce
user_legacy_424,1214,30,1,2.5,29,2080.22,0,0,2,0,0.11,0,0,10,Marketing
user_legacy_425,1195,54,2,5.3,27,7270.67,0,3,2,0,0.36,0,52,4,E-commerce
user_legacy_426,1333,10,14,17.1,35,6339.16,0,0,3,1,0.28,0,39,6,Education
user_legacy_427,1098,36,3,2.2,33,3044.02,1,0,0,0,0.07,0,28,7,Education
user_legacy_428,964,45,4,2.3,31,4562.36,0,1,4,2,0.28,0,71,2,Marketing
user_legacy_429,1334,40,2,3.4,25,11998.12,2,1,0,0,0.25,0,37,6,Marketing
user_legacy_430,814,34,2,4.8,21,8078.97,0,0,4,1,0.51,0,24,7,Education
user_legacy_431,1467,58,3,5.7,39,18497.07,0,1,1,0,0.21,0,63,3,SaaS
user_legacy_432,796,3,26,30.1,25,12383.43,0,5,5,0,0.35,0,52,4,Education
user_legacy_433,872,38,4,6.0,15,7486.55,1,2,6,0,0.3,0,76,2,Finance
user_legacy_434,1060,50,2,5.0,23,10173.65,0,4,3,1,0.32,0,44,5,Education
user_legacy_435,786,10,13,20.8,14,1360.92,0,2,0,0,0.6,0,50,5,Marketing
user_legacy_436,549,28,2,5.8,9,2729.19,1,0,4,0,0.5,0,70,3,Marketing
user_legacy_437,688,39,3,3.2,16,2095.91,1,0,5,0,0.37,0,42,5,Finance
user_legacy_438,612,21,0,0.0,15,3582.62,0,0,4,0,0.42,0,44,5,E-commerce
user_legacy_439,547,29,3,7.2,16,5383.99,0,0,3,1,0.74,0,19,8,Marketing
user_legacy_440,643,31,2,5.6,15,5681.11,1,3,3,2,0.32,0,40,6,SaaS
user_legacy_441,664,57,2,2.5,13,4664.47,0,1,1,0,0.13,0,12,8,E-commerce
user_legacy_442,1416,51,3,5.0,43,4208.17,0,2,2,0,0.18,0,0,10,Education
user_legacy_443,952,24,3,3.8,28,1653.69,1,3,0,0,0.0,0,15,8,SaaS
user_legacy_444,1253,44,2,2.3,32,15813.83,0,0,1,0,0.29,0,57,4,SaaS
user_legacy_445,856,30,2,2.6,23,10155.75,0,1,5,0,0.19,0,5,9,Finance
user_legacy_446,928,16,2,4.8,25,11590.55,0,0,4,0,0.23,0,6,9,Education
user_legacy_447,808,17,0,0.0,16,5438.66,1,0,0,0,0.22,0,46,5,Marketing
user_legacy_448,737,6,27,28.7,22,6261.4,0,2,3,0,0.4,0,33,6,Finance
user_legacy_449,1099,25,3,2.5,21,4639.22,1,1,0,0,0.1,0,50,5,SaaS
user_legacy_450,948,37,0,0.0,26,7960.27,2,2,2,0,0.37,0,24,7,E-commerce
user_legacy_451,1326,31,4,4.5,35,10542.21,0,1,6,0,0.09,0,51,4,Finance
user_legacy_452,930,48,1,0.7,20,2801.08,0,0,2,0,0.23,0,42,5,E-commerce
user_legacy_453,761,10,5,12.0,19,3885.66,0,1,3,1,0.44,0,0,10,Finance
user_legacy_454,1296,26,1,0.5,29,3323.37,1,2,6,0,0.0,0,27,7,Education
user_legacy_455,1470,29,4,7.1,46,20675.9,0,0,4,0,0.19,0,0,10,Finance
user_legacy_456,453,40,3,8.6,11,1903.48,0,0,1,0,0.2,0,86,1,Marketing
user_legacy_457,933,41,2,3.1,20,6401.11,0,2,9,1,0.29,0,61,3,Finance
user_legacy_458,978,16,2,5.0,31,3346.09,0,3,1,0,0.38,0,92,0,Finance
user_legacy_459,1379,33,2,3.0,28,3011.75,0,5,5,0,0.31,0,28,7,E-commerce
user_legacy_460,1255,39,0,0.0,20,2252.24,1,1,0,0,0.49,0,51,4,Marketing
user_legacy_461,649,56,4,5.9,18,7876.69,1,4,1,0,0.47,0,26,7,E-commerce
user_legacy_462,1618,48,1,2.5,41,18533.06,1,2,3,1,0.29,0,65,3,Marketing
user_legacy_463,988,45,1,0.8,21,1165.14,3,0,1,0,0.33,0,51,4,Marketing
user_legacy_464,973,10,15,22.3,29,8559.92,0,2,2,0,0.41,0,20,8,Education
user_legacy_465,568,0,20,43.0,16,2811.85,0,2,1,0,0.42,0,48,5,Finance
user_legacy_466,616,29,1,2.2,15,1239.15,0,1,2,0,0.28,0,40,6,E-commerce
user_legacy_467,1466,13,21,34.8,31,15059.09,1,2,4,1,0.0,0,16,8,E-commerce
user_legacy_468,1235,19,1,2.9,40,3970.28,2,2,4,1,0.7,0,0,10,Marketing
user_legacy_469,881,59,1,0.6,20,6471.43,1,4,5,2,0.29,0,0,10,Finance
user_legacy_470,1225,0,21,62.9,39,2677.26,0,0,2,0,0.29,0,34,6,SaaS
user_legacy_471,956,58,0,0.0,30,4463.91,0,0,1,0,0.24,0,0,10,SaaS
user_legacy_472,1257,21,4,10.4,28,10256.11,0,2,1,0,0.0,0,27,7,SaaS
user_legacy_473,1157,16,1,1.5,37,8724.06,0,0,3,2,0.29,0,45,5,Marketing
user_legacy_474,1372,19,2,5.9,40,16233.03,1,2,2,0,0.55,0,61,3,Finance
user_legacy_475,749,23,0,0.0,17,5508.77,1,3,0,0,0.17,0,41,5,SaaS
user_legacy_476,680,0,22,61.3,20,8524.85,0,0,5,3,0.17,0,43,5,Finance
user_legacy_477,954,24,1,1.1,28,13144.54,1,3,2,0,0.3,0,31,6,Marketing
user_legacy_478,1087,20,2,1.3,19,8868.04,1,3,1,0,0.52,0,21,7,Marketing
user_legacy_479,776,53,2,4.3,13,5351.11,0,1,0,0,0.14,0,1,9,Finance
user_legacy_480,374,43,3,6.0,7,2505.53,0,2,2,0,0.51,0,56,4,Education
user_legacy_481,1070,31,1,2.8,19,7262.8,1,3,4,0,0.22,0,65,3,Finance
user_legacy_482,322,41,3,5.4,8,3011.16,0,2,1,0,0.13,0,0,10,Education
user_legacy_483,1141,8,20,10.7,25,11588.75,0,2,0,0,0.54,0,51,4,Finance
user_legacy_484,1585,0,18,35.1,49,10468.16,0,1,4,5,0.43,0,31,6,Finance
user_legacy_485,1477,39,2,5.1,38,18857.33,0,1,1,0,0.42,0,45,5,Finance
user_legacy_486,1210,26,0,0.0,20,1325.37,1,1,4,1,0.41,0,73,2,SaaS
user_legacy_487,888,7,11,25.2,19,3329.36,1,4,4,0,0.34,0,100,0,SaaS
user_legacy_488,1107,56,4,2.9,26,9355.16,1,2,2,0,0.75,0,84,1,Marketing
user_legacy_489,1088,35,1,0.5,28,5478.23,1,3,4,0,0.18,0,89,1,SaaS
user_legacy_490,1431,44,3,1.8,35,14056.9,1,2,2,0,0.2,0,51,4,E-commerce
user_legacy_491,1246,33,1,1.0,31,6429.72,2,3,1,0,0.5,0,16,8,Finance
user_legacy_492,1379,36,3,2.4,24,9727.58,0,4,2,0,0.13,0,81,1,Marketing
user_legacy_493,628,24,2,2.2,13,5462.43,1,1,1,0,0.3,0,25,7,Marketing
user_legacy_494,1072,37,4,2.4,30,4323.24,0,1,3,1,0.64,0,63,3,E-commerce
user_legacy_495,1377,23,3,7.5,43,4068.74,0,3,6,2,0.41,0,40,6,SaaS
user_legacy_496,485,36,2,1.6,12,2888.88,0,3,2,0,0.5,0,50,5,SaaS
user_legacy_497,903,32,3,8.2,24,1719.15,0,1,1,0,0.25,0,69,3,SaaS
user_legacy_498,250,54,0,0.0,4,549.85,0,2,5,2,0.2,0,0,10,Marketing
user_legacy_499,1353,59,0,0.0,26,9217.32,0,2,5,1,0.35,0,64,3,Finance
user_legacy_500,967,35,2,3.7,21,3804.86,0,1,1,0,0.29,0,9,9,SaaS
user_legacy_501,973,38,1,1.6,19,3702.04,0,2,3,3,0.28,0,30,7,Marketing
user_legacy_502,699,11,26,66.7,21,3552.79,0,0,2,0,0.37,0,9,9,Education
user_legacy_503,1152,13,9,12.0,31,2617.99,0,2,5,2,0.56,0,4,9,Marketing
user_legacy_504,1369,24,1,0.6,31,1864.56,1,0,1,0,0.0,0,73,2,Education
user_legacy_505,1423,29,3,2.2,27,13223.0,1,0,3,0,0.35,0,65,3,Education
user_legacy_506,777,26,0,0.0,19,9020.56,0,4,0,0,0.19,0,88,1,Education
user_legacy_507,1150,13,10,9.1,35,9019.46,0,4,6,1,0.11,0,58,4,Marketing
user_legacy_508,802,5,24,34.0,23,1919.54,1,4,0,0,0.44,0,43,5,SaaS
user_legacy_509,819,59,0,0.0,15,3614.44,0,5,3,2,0.48,0,64,3,Finance
user_legacy_510,1122,59,1,2.8,25,12384.52,0,7,4,2,0.42,0,61,3,Education
user_legacy_511,707,57,4,10.3,17,6030.28,0,1,0,0,0.14,0,58,4,Marketing
user_legacy_512,1292,30,1,1.8,25,5151.26,0,0,1,0,0.46,0,58,4,Finance
user_legacy_513,391,8,23,14.2,8,3745.25,0,1,1,0,0.09,0,39,6,Marketing
user_legacy_514,1005,59,1,1.7,27,5031.14,0,1,2,0,0.22,0,17,8,Education
user_legacy_515,1409,48,0,0.0,41,17696.59,0,3,2,0,0.27,0,94,0,E-commerce
user_legacy_516,661,29,4,6.7,12,2644.83,0,2,1,0,0.46,0,8,9,Marketing
user_legacy_517,819,48,4,3.7,17,8253.43,0,2,4,1,0.24,0,71,2,SaaS
user_legacy_518,852,38,0,0.0,25,5361.35,0,0,4,0,0.0,0,46,5,Marketing
user_legacy_519,941,46,2,1.9,26,10055.24,0,1,1,0,0.52,0,39,6,Marketing
user_legacy_520,1480,32,1,1.2,48,22024.45,0,0,5,0,0.02,0,44,5,Education
user_legacy_521,910,16,4,5.6,25,9325.48,1,3,1,0,0.21,0,14,8,Education
user_legacy_522,1451,31,2,3.3,46,9946.5,0,1,0,0,0.36,0,69,3,Finance
user_legacy_523,881,59,1,1.6,25,5280.43,0,3,1,0,0.1,0,5,9,Marketing
user_legacy_524,520,51,1,0.8,16,4024.76,0,3,2,0,0.21,0,61,3,Marketing
user_legacy_525,903,19,1,1.9,27,2539.63,1,2,2,0,0.61,0,82,1,Finance
user_legacy_526,805,39,1,2.0,19,2329.18,0,2,2,0,0.27,0,33,6,E-commerce
user_legacy_527,983,37,0,0.0,26,8510.24,0,4,2,0,0.66,0,92,0,SaaS
user_legacy_528,937,30,3,5.1,16,6681.1,0,3,6,0,0.36,0,6,9,Education
user_legacy_529,1355,15,0,0.0,37,5129.36,0,1,4,0,0.03,0,77,2,Marketing
user_legacy_530,563,7,24,38.2,9,3279.75,0,4,1,0,0.31,0,29,7,Education
user_legacy_531,641,34,2,4.6,14,4372.8,1,4,4,2,0.43,0,48,5,Education
user_legacy_532,904,30,3,2.3,19,3935.95,0,1,5,3,0.31,0,24,7,E-commerce
user_legacy_533,1151,5,18,33.3,25,7132.38,0,2,1,0,0.3,0,21,7,Education
user_legacy_534,765,19,0,0.0,13,3849.33,1,1,1,0,0.34,0,86,1,Finance
user_legacy_535,1377,29,3,4.6,38,2754.97,2,2,1,0,0.0,0,72,2,E-commerce
user_legacy_536,651,17,0,0.0,19,7244.99,0,2,3,1,0.0,0,9,9,E-commerce
user_legacy_537,1209,56,4,3.3,22,10943.92,0,2,2,0,0.26,0,55,4,Marketing
user_legacy_538,1053,31,4,2.9,30,7334.58,0,0,3,0,0.37,0,52,4,Finance
user_legacy_539,519,57,0,0.0,12,5995.98,3,0,6,3,0.45,0,16,8,Finance
user_legacy_540,706,46,2,2.3,16,4475.27,2,3,3,0,0.16,0,57,4,E-commerce
user_legacy_541,775,39,2,5.0,21,3253.92,2,2,4,2,0.36,0,40,6,E-commerce
user_legacy_542,858,12,10,13.3,23,9337.28,0,0,3,0,0.19,0,42,5,Marketing
user_legacy_543,564,20,0,0.0,10,1738.84,1,1,4,2,0.01,0,63,3,Education
user_legacy_544,644,7,23,19.5,17,8065.77,0,1,1,0,0.21,0,40,6,SaaS
user_legacy_545,1263,37,4,11.3,22,4217.02,0,1,4,2,0.0,0,84,1,Education
user_legacy_546,670,16,0,0.0,20,1872.93,1,0,1,0,0.43,0,36,6,E-commerce
user_legacy_547,1481,38,4,11.3,28,5862.95,1,1,1,0,0.27,0,91,0,Marketing
user_legacy_548,922,20,2,4.5,15,5962.45,0,4,5,0,0.0,0,6,9,Education
user_legacy_549,602,13,27,80.2,17,6200.98,0,3,0,0,0.42,0,66,3,Marketing
user_legacy_550,1277,15,0,0.0,34,5154.22,0,0,1,0,0.0,0,27,7,SaaS
user_legacy_551,1235,18,2,5.8,31,5879.88,0,0,6,2,0.2,0,32,6,Finance
user_legacy_552,1543,6,12,33.6,48,22404.36,1,5,0,0,0.5,0,0,10,Education
user_legacy_553,1095,28,4,9.1,26,12099.8,0,3,0,0,0.12,0,38,6,Finance
user_legacy_554,529,58,0,0.0,16,4320.67,0,0,0,0,0.44,0,21,7,E-commerce
user_legacy_555,1161,5,9,23.2,21,6558.48,0,3,2,0,0.64,0,16,8,Finance
user_legacy_556,409,34,1,1.6,9,1202.47,0,0,1,0,0.48,0,100,0,SaaS
user_legacy_557,1228,40,1,1.1,32,14870.59,0,2,3,0,0.86,0,4,9,SaaS
user_legacy_558,840,54,1,0.9,23,9401.07,1,1,2,0,0.27,0,49,5,Finance
user_legacy_559,1129,41,1,2.5,35,12852.65,0,0,0,0,0.36,0,51,4,Education
user_legacy_560,990,46,2,1.6,24,10141.32,0,2,1,0,0.54,0,22,7,Marketing
user_legacy_561,1264,58,1,0.9,24,5062.28,0,3,2,0,0.19,0,0,10,Marketing
user_legacy_562,1216,52,1,2.5,36,16264.66,1,1,6,1,0.63,0,47,5,Marketing
user_legacy_563,718,55,2,3.4,13,3010.43,0,0,0,0,0.25,0,67,3,Education
user_legacy_564,674,43,1,1.8,13,6108.8,1,3,4,1,0.56,0,94,0,Marketing
user_legacy_565,985,27,1,1.7,16,1878.77,0,6,2,0,0.41,0,38,6,Finance
user_legacy_566,962,7,22,40.2,19,3109.18,2,3,4,1,0.25,0,25,7,E-commerce
user_legacy_567,1040,34,4,5.8,18,5556.33,1,2,0,0,0.44,0,78,2,E-commerce
user_legacy_568,887,2,20,17.2,15,6064.77,0,2,4,0,0.0,0,29,7,Education
user_legacy_569,941,55,2,5.8,16,5028.66,0,2,1,0,0.3,0,50,5,Marketing
user_legacy_570,796,10,20,52.7,23,6531.95,0,3,2,0,0.34,0,22,7,Finance
user_legacy_571,696,20,2,5.2,12,3709.35,1,2,1,0,0.61,0,25,7,Marketing
user_legacy_572,1053,7,12,20.1,27,13006.73,0,2,0,0,0.13,0,22,7,Finance
user_legacy_573,736,42,2,2.5,16,5551.44,0,0,0,0,0.49,0,43,5,Finance
user_legacy_574,974,32,1,2.4,22,10361.06,0,0,0,0,0.31,0,38,6,Education
user_legacy_575,1116,24,1,0.8,26,12627.02,0,0,0,0,0.08,0,58,4,SaaS
user_legacy_576,1815,35,1,2.5,43,9337.33,0,0,2,0,0.07,0,26,7,Marketing
user_legacy_577,1207,16,4,2.7,37,3376.57,0,0,3,1,0.44,0,14,8,Finance
user_legacy_578,931,38,0,0.0,20,9684.65,0,1,1,0,0.38,0,31,6,Marketing
user_legacy_579,1007,49,1,2.6,30,7174.99,0,0,2,0,0.57,0,25,7,Education
user_legacy_580,879,53,2,2.0,19,8035.05,1,4,0,0,0.31,0,32,6,SaaS
user_legacy_581,1150,44,0,0.0,30,14379.81,2,0,4,2,0.26,0,0,10,SaaS
user_legacy_582,906,9,5,6.7,26,10886.21,1,1,3,0,0.35,0,50,5,Finance
user_legacy_583,1360,22,0,0.0,22,7237.22,0,0,1,0,0.26,0,49,5,Education
user_legacy_584,676,37,2,1.6,21,8796.4,2,2,4,1,0.33,0,54,4,Education
user_legacy_585,661,43,1,2.9,13,802.62,0,5,4,0,0.12,0,37,6,E-commerce
user_legacy_586,914,39,0,0.0,28,8003.02,2,2,1,0,0.0,0,52,4,SaaS
user_legacy_587,1027,52,2,4.6,33,15618.25,0,2,3,1,0.24,0,56,4,Marketing
user_legacy_588,1388,16,2,4.2,44,14476.48,0,2,1,0,0.37,0,12,8,Marketing
user_legacy_589,1032,13,5,12.8,21,1470.86,0,2,0,0,0.12,0,49,5,Marketing
user_legacy_590,1262,57,2,4.1,38,3146.79,1,1,6,1,0.43,0,50,5,SaaS
user_legacy_591,895,49,4,3.6,23,9185.2,0,3,5,1,0.19,0,0,10,Education
user_legacy_592,536,46,1,0.5,16,3760.3,1,1,0,0,0.25,0,27,7,Finance
user_legacy_593,1430,8,14,24.3,40,17986.22,0,1,3,0,0.32,0,26,7,E-commerce
user_legacy_594,709,42,3,4.0,19,1619.62,0,1,1,0,0.08,0,68,3,Finance
user_legacy_595,1293,8,9,18.3,40,3609.51,2,6,2,0,0.19,0,52,4,SaaS
user_legacy_596,1182,55,3,4.7,38,15165.57,1,3,0,0,0.02,0,82,1,Education
user_legacy_597,855,15,1,1.5,27,4539.97,0,2,2,0,0.3,0,59,4,E-commerce
user_legacy_598,460,32,4,6.7,9,872.23,0,1,5,2,0.5,0,16,8,E-commerce
user_legacy_599,930,24,0,0.0,27,9576.9,0,1,4,2,0.24,0,46,5,SaaS
user_legacy_600,904,22,0,0.0,26,6570.28,0,0,2,0,0.36,0,61,3,SaaS
user_legacy_601,989,42,2,2.3,25,4544.29,0,2,2,0,0.27,0,69,3,Education
user_legacy_602,678,59,0,0.0,17,1575.83,1,3,0,0,0.64,0,55,4,SaaS
user_legacy_603,1068,43,0,0.0,24,1736.06,0,2,1,0,0.18,0,0,10,Education
user_legacy_604,883,11,25,66.5,23,10142.51,0,4,4,2,0.0,0,52,4,E-commerce
user_legacy_605,1285,52,1,2.2,34,5655.87,0,1,3,2,0.1,0,92,0,SaaS
user_legacy_606,682,24,3,4.7,13,2735.54,1,2,0,0,0.23,0,20,8,Finance
user_legacy_607,1027,32,0,0.0,18,1430.32,0,0,5,0,0.6,0,56,4,Education
user_legacy_608,798,53,3,7.7,24,8829.17,1,1,0,0,0.23,0,41,5,Marketing
user_legacy_609,1027,39,4,11.9,23,1169.97,0,4,2,0,0.19,0,32,6,E-commerce
user_legacy_610,1018,33,0,0.0,27,4519.23,0,3,5,3,0.0,0,90,1,Education
user_legacy_611,595,10,16,16.6,14,5647.16,0,0,1,0,0.3,0,0,10,Education
user_legacy_612,1213,25,2,3.3,23,9141.64,3,1,2,0,0.47,0,61,3,SaaS
user_legacy_613,1363,44,3,4.7,29,4592.36,0,2,6,1,0.47,0,34,6,E-commerce
user_legacy_614,1704,17,0,0.0,42,19741.87,0,3,4,2,0.2,0,29,7,Education
user_legacy_615,1369,37,1,0.8,26,2048.47,0,2,4,2,0.0,0,7,9,SaaS
user_legacy_616,783,46,3,8.5,14,4801.33,0,3,1,0,0.0,0,45,5,SaaS
user_legacy_617,1089,58,2,2.9,30,9560.74,0,0,0,0,0.46,0,70,3,E-commerce
user_legacy_618,1011,57,1,1.3,23,3554.05,0,0,0,0,0.53,0,43,5,Finance
user_legacy_619,1256,33,0,0.0,20,9740.63,0,1,2,0,0.26,0,7,9,Marketing
user_legacy_620,1155,42,1,1.7,25,2163.87,3,3,1,0,0.16,0,0,10,Marketing
user_legacy_621,657,51,0,0.0,14,813.45,2,1,1,0,0.59,0,71,2,Finance
user_legacy_622,846,45,2,3.2,17,4751.09,0,0,4,1,0.0,0,41,5,E-commerce
user_legacy_623,784,37,0,0.0,23,4677.24,0,1,5,1,0.0,0,57,4,SaaS
user_legacy_624,1486,53,0,0.0,34,4515.22,1,0,0,0,0.3,0,59,4,SaaS
user_legacy_625,888,9,6,12.1,24,7731.09,1,0,3,2,0.37,0,62,3,Education
user_legacy_626,534,3,17,9.5,14,2764.89,0,0,3,1,0.48,0,56,4,Education
user_legacy_627,684,28,4,9.8,15,3154.88,0,0,5,2,0.6,0,26,7,Finance
user_legacy_628,1311,34,1,2.7,38,14345.44,0,2,1,0,0.04,0,0,10,SaaS
user_legacy_629,1184,4,24,21.1,21,5600.88,0,1,3,2,0.15,0,21,7,E-commerce
user_legacy_630,1388,12,19,30.6,35,10177.28,0,4,4,0,0.07,0,76,2,Finance
user_legacy_631,574,27,0,0.0,14,3277.0,0,5,1,0,0.43,0,62,3,Education
user_legacy_632,684,37,2,4.1,17,2861.6,0,2,2,0,0.45,0,52,4,Marketing
user_legacy_633,1148,27,0,0.0,34,7054.0,0,3,4,1,0.5,0,31,6,E-commerce
user_legacy_634,582,1,10,20.3,15,1047.01,1,3,1,0,0.59,0,55,4,Education
user_legacy_635,1351,52,4,11.2,36,11458.91,0,2,3,0,0.14,0,100,0,E-commerce
user_legacy_636,1339,0,25,67.3,34,11498.38,0,0,2,0,0.08,0,27,7,Marketing
user_legacy_637,102,41,4,10.7,2,592.17,0,5,3,1,0.18,0,74,2,Marketing
user_legacy_638,1068,35,0,0.0,24,5424.91,0,0,4,0,0.0,0,11,8,Finance
user_legacy_639,792,31,1,2.0,15,5719.8,0,0,5,0,0.27,0,62,3,Marketing
user_legacy_640,392,52,2,2.6,8,1317.0,0,0,6,1,0.32,0,44,5,Marketing
user_legacy_641,588,21,2,2.0,16,7823.46,0,0,4,1,0.0,0,35,6,Marketing
user_legacy_642,991,36,1,2.4,17,5967.85,1,3,3,0,0.1,0,51,4,Finance
user_legacy_643,749,57,4,2.8,23,6233.08,0,1,1,0,0.67,0,46,5,Finance
user_legacy_644,918,1,6,9.2,19,9161.59,1,1,1,0,0.27,0,11,8,Finance
user_legacy_645,1119,53,3,8.8,32,7675.96,1,3,3,1,0.52,0,89,1,Finance
user_legacy_646,1278,4,13,7.6,33,16271.81,0,1,6,1,0.21,0,0,10,Marketing
user_legacy_647,1069,26,1,1.3,20,5331.62,0,0,5,0,0.32,0,36,6,Education
user_legacy_648,1285,9,15,9.8,21,3128.03,0,2,1,0,0.47,0,62,3,Finance
user_legacy_649,1138,19,4,9.3,31,6401.12,0,2,2,0,0.5,0,74,2,E-commerce
user_legacy_650,1151,45,1,1.0,36,6152.52,1,1,1,0,0.29,0,20,8,Finance
user_legacy_651,1112,27,0,0.0,25,9715.0,1,8,3,3,0.61,0,53,4,Finance
user_legacy_652,1204,7,14,38.0,32,11076.04,1,4,2,0,0.42,0,57,4,SaaS
user_legacy_653,491,35,0,0.0,10,2681.67,0,1,2,0,0.0,0,71,2,E-commerce
user_legacy_654,960,28,1,2.4,20,2976.16,1,2,0,0,0.43,0,0,10,SaaS
user_legacy_655,979,54,0,0.0,26,2800.65,0,1,1,0,0.28,0,0,10,SaaS
user_legacy_656,1008,27,4,2.8,19,3415.38,0,3,2,0,0.34,0,0,10,E-commerce
user_legacy_657,1192,49,1,2.5,23,1422.42,1,0,5,1,0.22,0,40,6,SaaS
user_legacy_658,1048,50,0,0.0,29,10337.57,0,3,2,0,0.7,0,31,6,Education
user_legacy_659,1124,52,2,4.7,26,5550.35,0,0,6,1,0.39,0,1,9,E-commerce
user_legacy_660,1145,6,7,14.2,24,1676.31,3,3,2,0,0.13,0,16,8,Marketing
user_legacy_661,1052,22,3,2.5,18,6188.18,0,2,1,0,0.18,0,71,2,Education
user_legacy_662,766,36,3,7.4,13,5286.36,1,2,2,0,0.24,0,54,4,SaaS
user_legacy_663,1500,29,3,4.6,31,12256.94,0,2,0,0,0.61,0,13,8,Finance
user_legacy_664,1237,28,3,6.6,26,11082.0,1,1,1,0,0.37,0,33,6,Education
user_legacy_665,1199,4,18,45.2,24,8212.69,0,6,0,0,0.6,0,16,8,Education
user_legacy_666,544,45,0,0.0,15,5330.8,0,1,3,1,0.32,0,48,5,Finance
user_legacy_667,940,9,21,15.2,24,9313.58,0,1,2,0,0.35,0,52,4,SaaS
user_legacy_668,1074,59,4,9.6,32,7417.72,0,2,3,1,0.0,0,15,8,E-commerce
user_legacy_669,1271,31,4,6.5,30,3457.78,0,2,0,0,0.32,0,48,5,Finance
user_legacy_670,521,5,11,25.6,8,1378.3,1,3,8,1,0.19,0,25,7,SaaS
user_legacy_671,422,58,4,5.4,11,634.54,2,0,1,0,0.52,0,27,7,E-commerce
user_legacy_672,803,11,23,36.1,16,7984.22,0,1,1,0,0.02,0,1,9,E-commerce
user_legacy_673,1553,8,12,25.5,32,15835.17,0,2,0,0,0.01,0,8,9,Education
user_legacy_674,968,35,0,0.0,29,13271.85,0,2,4,0,0.36,0,65,3,Marketing
user_legacy_675,657,6,11,10.6,13,1756.99,0,1,3,0,0.12,0,0,10,Finance
user_legacy_676,1121,39,0,0.0,35,16119.84,0,0,5,2,0.42,0,57,4,Marketing
user_legacy_677,868,46,3,5.4,21,5266.9,0,7,2,0,0.49,0,37,6,SaaS
user_legacy_678,1281,39,2,4.5,33,14401.91,0,2,1,0,0.56,0,70,3,Finance
user_legacy_679,1191,54,3,7.1,27,12163.03,0,4,2,0,0.39,0,67,3,SaaS
user_legacy_680,865,51,0,0.0,24,8904.35,1,4,1,0,0.2,0,78,2,Marketing
user_legacy_681,1593,20,3,4.5,34,10722.36,1,0,0,0,0.26,0,75,2,E-commerce
user_legacy_682,1254,9,29,84.8,40,7806.47,0,0,5,2,0.13,0,0,10,E-commerce
user_legacy_683,1005,56,1,2.0,32,2846.26,0,1,1,0,0.0,0,43,5,Marketing
user_legacy_684,607,35,2,3.5,18,4347.66,0,0,3,0,0.0,0,67,3,SaaS
user_legacy_685,1072,40,2,4.3,28,13807.67,1,2,1,0,0.4,0,33,6,E-commerce
user_legacy_686,928,58,2,3.1,29,8676.31,1,5,1,0,0.46,0,37,6,Marketing
user_legacy_687,1452,51,3,4.2,32,3330.25,0,0,7,1,0.0,0,47,5,Education
user_legacy_688,1392,37,4,3.2,28,6221.0,1,0,0,0,0.49,0,100,0,E-commerce
user_legacy_689,622,19,2,2.9,13,1505.89,0,2,1,0,0.0,0,39,6,Education
user_legacy_690,841,19,2,2.3,24,7968.65,0,3,1,0,0.18,0,56,4,Education
user_legacy_691,1576,2,10,29.0,28,4284.73,0,4,3,2,0.03,0,40,6,E-commerce
user_legacy_692,775,38,4,10.8,23,8621.77,0,3,0,0,0.18,0,47,5,Finance
user_legacy_693,1051,37,2,4.4,20,2483.0,1,3,6,1,0.01,0,27,7,SaaS
user_legacy_694,523,3,11,26.3,11,5109.56,0,0,3,1,0.16,0,68,3,Marketing
user_legacy_695,731,48,3,6.0,12,3694.48,2,0,3,0,0.32,0,23,7,Marketing
user_legacy_696,1280,7,16,19.2,35,2149.42,0,1,2,0,0.0,0,17,8,Marketing
user_legacy_697,806,26,4,3.1,22,5214.91,0,4,0,0,0.26,0,96,0,Marketing
user_legacy_698,1336,1,8,22.2,43,2237.12,0,3,1,0,0.46,0,49,5,E-commerce
user_legacy_699,1370,11,9,25.3,44,6918.38,0,1,0,0,0.19,0,100,0,E-commerce
user_legacy_700,1057,56,1,1.3,34,14466.12,2,1,2,0,0.48,0,0,10,E-commerce
user_legacy_701,120,54,0,0.0,2,297.18,1,0,2,0,0.49,0,23,7,SaaS
user_legacy_702,666,8,29,48.8,14,6441.98,0,2,1,0,0.57,0,67,3,SaaS
user_legacy_703,1323,42,1,2.8,37,6053.94,0,0,3,0,0.6,0,26,7,SaaS
user_legacy_704,1300,35,1,1.8,38,12713.03,0,0,4,0,0.55,0,49,5,Marketing
user_legacy_705,787,30,3,3.2,14,6356.43,0,1,3,1,0.45,0,0,10,E-commerce
user_legacy_706,504,36,0,0.0,8,1325.28,0,2,2,0,0.46,0,89,1,E-commerce
user_legacy_707,1264,26,3,9.0,41,16415.51,0,0,4,2,0.26,0,32,6,E-commerce
user_legacy_708,659,19,4,11.0,19,6717.57,2,3,2,0,0.41,0,41,5,Marketing
user_legacy_709,874,44,0,0.0,18,7573.96,0,2,1,0,0.4,0,51,4,E-commerce
user_legacy_710,967,59,2,2.1,19,5653.19,1,3,1,0,0.44,0,9,9,Education
user_legacy_711,912,45,1,1.5,20,8112.76,0,1,4,2,0.51,0,62,3,SaaS
user_legacy_712,1244,26,1,2.8,39,9956.41,1,0,1,0,0.25,0,89,1,E-commerce
user_legacy_713,878,5,11,22.2,26,10304.52,1,0,2,0,0.1,0,33,6,Finance
user_legacy_714,1385,22,2,3.9,43,2561.75,1,0,1,0,0.26,0,0,10,Finance
user_legacy_715,858,55,3,8.4,14,6273.35,0,2,0,0,0.0,0,55,4,E-commerce
user_legacy_716,1361,0,11,15.9,40,11616.92,0,1,2,0,0.42,0,10,9,Finance
user_legacy_717,1365,47,1,2.8,44,11855.89,1,0,7,2,0.0,0,14,8,Finance
user_legacy_718,1134,17,1,2.4,32,14077.08,0,3,1,0,0.08,0,55,4,Marketing
user_legacy_719,674,34,4,8.4,13,2112.33,1,1,1,0,0.7,0,47,5,Finance
user_legacy_720,789,26,0,0.0,15,5681.18,1,3,2,0,0.56,0,37,6,E-commerce
user_legacy_721,934,36,3,6.7,22,2831.15,0,2,2,0,0.31,0,100,0,Finance
user_legacy_722,1305,47,4,6.4,27,7332.34,0,0,0,0,0.5,0,33,6,Education
user_legacy_723,1598,13,28,59.0,44,14487.66,1,1,4,2,0.0,0,66,3,SaaS
user_legacy_724,641,18,0,0.0,11,4756.16,0,3,1,0,0.48,0,80,2,Marketing
user_legacy_725,924,45,2,3.0,24,11704.16,1,2,2,0,0.03,0,50,5,Finance
user_legacy_726,592,36,0,0.0,9,796.31,2,0,3,3,0.11,0,3,9,Education
user_legacy_727,1050,53,3,2.9,18,4046.56,0,0,2,0,0.05,0,0,10,E-commerce
user_legacy_728,1427,5,5,9.9,46,19629.85,0,0,4,0,0.41,0,22,7,Education
user_legacy_729,874,16,0,0.0,26,11721.25,0,1,4,3,0.3,0,14,8,SaaS
user_legacy_730,1368,52,4,10.4,38,14814.95,0,0,5,0,0.19,0,44,5,E-commerce
user_legacy_731,1115,27,4,10.0,31,2704.33,0,1,4,0,0.24,0,34,6,E-commerce
user_legacy_732,878,24,2,1.2,28,3353.07,0,2,5,1,0.71,0,73,2,SaaS
user_legacy_733,1135,33,4,10.7,34,10575.65,0,0,3,1,0.3,0,80,2,Marketing
user_legacy_734,1093,11,6,10.2,29,3816.89,2,2,2,0,0.5,0,32,6,Finance
user_legacy_735,816,52,0,0.0,19,966.44,1,2,3,1,0.22,0,68,3,E-commerce
user_legacy_736,665,58,2,5.5,19,6342.06,0,2,6,1,0.53,0,20,8,Finance
user_legacy_737,508,16,3,3.5,11,2979.35,0,2,2,0,0.73,0,0,10,E-commerce
user_legacy_738,1136,59,3,7.6,29,13074.34,2,3,2,0,0.39,0,54,4,Education
user_legacy_739,812,10,11,23.2,21,8048.59,0,0,4,0,0.2,0,81,1,SaaS
user_legacy_740,1024,40,1,1.2,22,7263.36,2,4,2,0,0.56,0,80,2,Education
user_legacy_741,1450,32,3,7.4,29,5045.93,0,0,4,2,0.77,0,2,9,SaaS
user_legacy_742,1448,39,0,0.0,45,17578.55,0,5,4,2,0.07,0,29,7,Marketing
user_legacy_743,960,26,3,4.2,20,9699.84,1,0,1,0,0.05,0,55,4,Marketing
user_legacy_744,593,7,14,36.0,11,3455.01,0,0,4,0,0.38,0,43,5,SaaS
user_legacy_745,981,10,8,13.1,18,8629.67,1,2,3,1,0.25,0,57,4,Finance
user_legacy_746,429,19,1,1.4,10,3681.55,0,1,0,0,0.43,0,54,4,Education
user_legacy_747,514,44,4,2.2,11,2227.01,0,0,1,0,0.23,0,45,5,Marketing
user_legacy_748,1634,20,0,0.0,52,12357.67,1,1,10,0,0.13,0,47,5,E-commerce
user_legacy_749,1103,45,0,0.0,35,15823.91,0,3,0,0,0.09,0,46,5,Finance
user_legacy_750,1078,59,2,2.3,25,11918.42,1,1,2,0,0.21,0,5,9,SaaS
user_legacy_751,865,27,4,11.5,27,11966.32,1,0,2,0,0.32,0,58,4,Education
user_legacy_752,1117,2,21,22.5,23,5650.76,0,1,2,0,0.27,0,48,5,SaaS
user_legacy_753,857,15,4,4.0,15,4580.22,0,2,1,0,0.18,0,70,3,Marketing
user_legacy_754,935,9,16,35.4,28,10468.52,1,0,1,0,0.33,0,16,8,Education
user_legacy_755,1345,23,0,0.0,30,13951.91,0,2,5,1,0.28,0,49,5,Finance
user_legacy_756,606,1,21,11.1,15,1669.67,1,1,2,0,0.09,0,80,2,Marketing
user_legacy_757,805,58,4,4.6,24,8248.72,0,2,5,2,0.13,0,26,7,E-commerce
user_legacy_758,958,31,0,0.0,28,12717.9,0,1,0,0,0.12,0,31,6,E-commerce
user_legacy_759,1291,46,2,5.5,33,1930.46,0,0,1,0,0.51,0,74,2,Marketing
user_legacy_760,910,22,4,5.7,29,10698.65,0,1,2,0,0.39,0,0,10,Finance
user_legacy_761,851,19,2,3.3,20,1351.43,0,3,0,0,0.0,0,31,6,Marketing
user_legacy_762,752,57,3,4.5,15,1638.15,0,0,7,3,0.37,0,75,2,Finance
user_legacy_763,1130,8,9,5.5,29,10825.67,1,3,5,0,0.4,0,42,5,E-commerce
user_legacy_764,1310,5,12,7.0,35,13566.97,1,1,1,0,0.49,0,57,4,Finance
user_legacy_765,643,49,2,4.9,11,2785.42,1,0,2,0,0.14,0,0,10,Finance
user_legacy_766,1297,3,20,52.9,41,5276.0,0,1,1,0,0.22,0,29,7,Finance
user_legacy_767,768,15,2,2.3,13,3562.97,0,1,2,0,0.3,0,47,5,E-commerce
user_legacy_768,1146,54,2,5.8,36,3621.07,1,0,8,1,0.34,0,44,5,Marketing
user_legacy_769,1271,57,0,0.0,28,11663.71,1,0,5,1,0.31,0,38,6,Finance
user_legacy_770,743,30,1,1.0,12,1864.75,0,0,0,0,0.34,0,19,8,SaaS
user_legacy_771,1264,19,3,7.2,33,7464.05,1,3,3,1,0.49,0,9,9,Finance
user_legacy_772,943,21,4,9.7,15,6389.88,0,2,6,1,0.54,0,12,8,Marketing
user_legacy_773,985,35,3,5.9,21,2809.78,0,2,5,2,0.54,0,97,0,Education
user_legacy_774,711,50,0,0.0,18,8762.39,0,0,1,0,0.18,0,14,8,Marketing
user_legacy_775,369,46,0,0.0,10,3158.75,0,1,4,0,0.77,0,86,1,SaaS
user_legacy_776,461,32,4,6.0,11,1814.05,2,0,5,1,0.32,0,14,8,Marketing
user_legacy_777,1122,19,2,2.3,26,9629.07,0,4,3,0,0.0,0,21,7,Finance
user_legacy_778,1523,43,1,2.8,36,8893.73,1,0,2,0,0.15,0,74,2,E-commerce
user_legacy_779,1279,22,0,0.0,39,12998.27,0,0,5,3,0.37,0,32,6,E-commerce
user_legacy_780,472,11,29,43.3,7,794.61,1,0,0,0,0.33,0,31,6,Education
user_legacy_781,1014,24,2,2.7,30,6860.68,1,2,3,0,0.17,0,0,10,E-commerce
user_legacy_782,529,27,1,1.4,10,2643.26,1,2,1,0,0.28,0,98,0,SaaS
user_legacy_783,943,1,23,65.1,20,9702.32,0,0,0,0,0.45,0,32,6,SaaS
user_legacy_784,874,58,4,5.7,22,3739.09,0,4,3,3,0.21,0,65,3,Education
user_legacy_785,1194,33,3,3.4,36,9135.96,0,0,2,0,0.62,0,33,6,Marketing
user_legacy_786,1022,37,1,2.9,30,14367.57,0,2,3,0,0.37,0,64,3,Finance
user_legacy_787,924,23,0,0.0,26,5000.1,1,0,0,0,0.19,0,14,8,SaaS
user_legacy_788,1262,36,2,4.2,38,12298.09,1,0,2,0,0.72,0,100,0,SaaS
user_legacy_789,970,47,4,9.4,27,12763.03,2,2,2,0,0.18,0,35,6,Marketing
user_legacy_790,1489,30,3,4.5,28,4345.46,0,2,5,2,0.15,0,41,5,Finance
user_legacy_791,929,20,3,3.6,20,8279.55,0,3,1,0,0.31,0,63,3,Marketing
user_legacy_792,1195,3,20,44.9,26,2660.53,0,2,1,0,0.05,0,68,3,Marketing
user_legacy_793,1377,44,0,0.0,27,8476.08,0,2,2,0,0.11,0,67,3,Education
user_legacy_794,1042,31,1,2.9,22,5624.27,1,2,3,2,0.71,0,67,3,Education
user_legacy_795,878,47,3,7.6,16,3215.44,0,3,1,0,0.09,0,81,1,Marketing
user_legacy_796,715,29,0,0.0,18,3382.75,1,1,6,0,0.49,0,38,6,Education
user_legacy_797,1307,38,0,0.0,37,4129.74,0,0,0,0,0.16,0,36,6,Marketing
user_legacy_798,946,31,3,8.5,30,11527.27,0,2,0,0,0.34,0,50,5,Marketing
user_legacy_799,1417,28,2,1.5,32,12465.92,1,2,1,0,0.36,0,50,5,Education
user_legacy_800,1085,2,26,32.9,25,9001.51,0,2,1,0,0.0,0,15,8,E-commerce
user_legacy_801,614,21,4,7.6,14,5246.62,1,0,2,0,0.55,0,29,7,SaaS
user_legacy_802,706,2,5,10.6,16,1464.97,1,0,0,0,0.16,0,17,8,E-commerce
user_legacy_803,1078,33,2,3.0,21,5288.97,2,0,0,0,0.43,0,43,5,E-commerce
user_legacy_804,943,18,0,0.0,16,2018.75,1,0,1,0,0.01,0,63,3,Education
user_legacy_805,1259,12,17,24.5,26,7220.89,0,7,1,0,0.56,0,46,5,E-commerce
user_legacy_806,939,50,4,9.5,19,7438.52,0,2,2,0,0.24,0,44,5,SaaS
user_legacy_807,1321,18,4,8.7,34,5429.43,0,3,1,0,0.36,0,21,7,E-commerce
user_legacy_808,1123,45,2,4.1,36,10176.45,0,0,1,0,0.32,0,22,7,Finance
user_legacy_809,1190,54,1,0.6,29,11379.28,1,5,1,0,0.24,0,14,8,Marketing
user_legacy_810,943,9,22,42.9,30,10077.82,0,0,3,0,0.8,0,0,10,Finance
user_legacy_811,574,28,3,2.8,16,7786.77,0,3,2,0,0.12,0,64,3,E-commerce
user_legacy_812,1211,57,3,4.8,35,13137.88,0,4,3,1,0.55,0,16,8,Marketing
user_legacy_813,1563,36,0,0.0,33,14329.52,1,4,4,0,0.17,0,44,5,Marketing
user_legacy_814,850,54,1,0.7,22,7584.53,0,1,1,0,0.45,0,30,7,Education
user_legacy_815,1084,1,17,48.7,25,3183.29,1,2,3,0,0.01,0,49,5,Finance
user_legacy_816,1605,50,2,5.0,43,9580.36,0,1,0,0,0.35,0,57,4,E-commerce
user_legacy_817,1230,27,2,5.8,38,3455.72,0,0,4,0,0.2,0,34,6,E-commerce
user_legacy_818,719,20,0,0.0,22,8598.57,0,0,0,0,0.19,0,42,5,Marketing
user_legacy_819,1049,54,0,0.0,22,3677.75,1,3,6,1,0.32,0,69,3,Education
user_legacy_820,1655,9,22,28.2,49,23761.73,2,2,3,1,0.15,0,61,3,E-commerce
user_legacy_821,760,43,0,0.0,16,1517.34,0,0,0,0,0.25,0,10,9,Education
user_legacy_822,1244,27,4,11.4,37,9066.89,0,0,1,0,0.21,0,50,5,Education
user_legacy_823,1148,54,3,2.5,32,15860.77,2,2,2,0,0.1,0,18,8,E-commerce
user_legacy_824,1155,52,0,0.0,28,8816.16,1,1,4,2,0.35,0,84,1,SaaS
user_legacy_825,399,26,4,5.0,9,2481.74,1,2,4,1,0.05,0,61,3,Finance
user_legacy_826,1212,56,0,0.0,36,15130.61,4,0,1,0,0.4,0,8,9,Marketing
user_legacy_827,944,13,6,11.2,21,8344.47,0,0,1,0,0.2,0,31,6,Finance
user_legacy_828,886,36,2,4.5,28,6056.61,0,4,5,0,0.49,0,31,6,SaaS
user_legacy_829,1059,57,3,6.6,26,3361.04,1,1,7,1,0.34,0,25,7,SaaS
user_legacy_830,702,22,1,2.7,13,3750.91,0,2,2,0,0.22,0,12,8,SaaS
user_legacy_831,849,17,1,1.8,15,5506.36,1,2,1,0,0.48,0,33,6,Marketing
user_legacy_832,911,19,1,1.8,26,9970.46,2,1,1,0,0.0,0,43,5,Marketing
user_legacy_833,708,25,3,7.2,15,1335.9,0,2,4,3,0.06,0,83,1,Finance
user_legacy_834,768,31,4,6.8,18,2050.41,0,4,2,0,0.0,0,12,8,E-commerce
user_legacy_835,1719,38,4,2.9,39,18359.13,0,2,3,1,0.1,0,51,4,Finance
user_legacy_836,920,31,3,5.5,18,5942.53,0,0,5,2,0.38,0,75,2,Marketing
user_legacy_837,1644,30,0,0.0,33,15931.81,0,1,1,0,0.53,0,61,3,SaaS
user_legacy_838,652,28,4,4.2,15,6227.73,0,1,1,0,0.21,0,30,7,SaaS
user_legacy_839,842,57,0,0.0,23,2562.49,0,1,3,1,0.42,0,9,9,Finance
user_legacy_840,1374,19,0,0.0,32,4354.93,0,3,2,0,0.44,0,72,2,Finance
user_legacy_841,1024,13,25,25.5,27,2353.41,0,0,2,0,0.24,0,70,3,Finance
user_legacy_842,876,4,8,15.6,20,2269.15,0,4,3,1,0.45,0,35,6,Finance
user_legacy_843,1280,22,2,3.7,33,16484.31,0,1,0,0,0.2,0,19,8,E-commerce
user_legacy_844,1011,26,2,3.7,23,4605.04,1,0,1,0,0.19,0,74,2,Marketing
user_legacy_845,1715,28,3,3.4,42,2275.42,0,1,3,2,0.24,0,39,6,Education
user_legacy_846,1080,46,2,4.7,23,2456.15,0,1,3,0,0.42,0,28,7,E-commerce
user_legacy_847,842,46,2,5.5,22,4313.39,0,2,4,0,0.18,0,48,5,SaaS
user_legacy_848,680,11,6,4.7,13,6021.78,1,0,4,1,0.27,0,72,2,Finance
user_legacy_849,871,53,2,3.5,24,5344.86,1,3,5,2,0.57,0,18,8,SaaS
user_legacy_850,1135,1,17,22.8,34,15200.18,0,6,3,1,0.26,0,0,10,Marketing
user_legacy_851,380,37,1,1.0,9,1512.61,0,1,2,0,0.67,0,34,6,Education
user_legacy_852,1114,24,0,0.0,30,6395.78,0,2,1,0,0.16,0,25,7,Marketing
user_legacy_853,903,50,0,0.0,26,4605.55,0,4,1,0,0.33,0,91,0,E-commerce
user_legacy_854,1105,38,2,1.7,28,1513.74,1,2,6,0,0.19,0,67,3,Marketing
user_legacy_855,947,45,1,2.2,18,6789.37,0,3,3,0,0.15,0,78,2,Marketing
user_legacy_856,931,51,0,0.0,20,2579.64,0,3,0,0,0.38,0,59,4,Finance
user_legacy_857,872,2,18,18.6,19,4001.52,2,2,0,0,0.17,0,66,3,E-commerce
user_legacy_858,1142,20,3,6.5,36,13499.7,1,1,0,0,0.04,0,0,10,SaaS
user_legacy_859,1108,50,3,3.7,28,7664.26,0,3,3,1,0.36,0,21,7,E-commerce
user_legacy_860,1349,58,2,5.4,22,9164.37,1,3,0,0,0.0,0,92,0,E-commerce
user_legacy_861,1152,55,3,3.4,23,10359.63,1,2,9,1,0.19,0,7,9,Finance
user_legacy_862,812,27,4,4.8,13,1098.79,1,0,2,0,0.58,0,21,7,E-commerce
user_legacy_863,1,54,1,2.0,0,0.0,0,2,3,1,0.22,5,51,4,Marketing
user_legacy_864,800,36,0,0.0,22,6213.77,0,2,2,0,0.72,0,41,5,Education
user_legacy_865,1085,53,1,2.8,25,8601.82,1,0,6,4,0.27,0,36,6,E-commerce
user_legacy_866,815,15,3,4.6,14,3722.77,0,0,4,1,0.17,0,3,9,Marketing
user_legacy_867,1342,20,3,7.8,26,6023.84,0,6,7,1,0.22,0,28,7,Marketing
user_legacy_868,1021,28,0,0.0,20,1730.15,0,0,3,1,0.65,0,62,3,E-commerce
user_legacy_869,1223,16,2,4.2,25,2474.6,0,1,4,3,0.09,0,34,6,Marketing
user_legacy_870,678,43,3,6.2,17,4322.45,0,0,2,0,0.95,0,46,5,Marketing
user_legacy_871,581,0,26,33.2,17,942.66,0,0,3,3,0.56,0,28,7,Finance
user_legacy_872,351,3,12,32.3,9,1177.87,2,0,3,0,0.15,0,19,8,Education
user_legacy_873,1098,18,1,0.8,22,8040.23,0,0,2,0,0.49,0,80,2,Marketing
user_legacy_874,775,13,24,15.9,15,3891.63,0,2,6,0,0.0,0,0,10,E-commerce
user_legacy_875,1348,45,4,5.8,23,6115.78,0,0,3,0,0.58,0,6,9,SaaS
user_legacy_876,950,33,2,1.8,28,2978.26,0,4,3,1,0.39,0,56,4,E-commerce
user_legacy_877,957,44,4,10.5,19,8894.37,0,1,2,0,0.38,0,26,7,Education
user_legacy_878,1011,34,2,3.1,29,3132.04,0,0,3,1,0.23,0,37,6,E-commerce
user_legacy_879,1073,12,27,52.5,23,11006.58,1,3,2,0,0.18,0,61,3,Education
user_legacy_880,871,34,3,2.9,24,10004.15,0,2,5,0,0.14,0,73,2,SaaS
user_legacy_881,659,47,0,0.0,18,1374.75,2,1,5,2,0.26,0,43,5,Marketing
user_legacy_882,722,35,3,1.6,12,1148.64,0,0,6,1,0.41,0,28,7,Education
user_legacy_883,720,19,0,0.0,16,2280.46,0,2,5,0,0.49,0,82,1,Education
user_legacy_884,510,13,23,64.7,10,1653.57,1,2,5,1,0.33,0,64,3,Marketing
user_legacy_885,902,17,0,0.0,21,7495.79,1,0,2,0,0.1,0,60,4,Marketing
user_legacy_886,1001,7,11,7.3,25,12062.94,3,0,1,0,0.52,0,29,7,Finance
user_legacy_887,1437,3,13,21.7,41,17709.37,1,5,0,0,0.45,0,54,4,Finance
user_legacy_888,1058,32,2,2.2,34,14936.34,0,2,2,0,0.09,0,26,7,SaaS
user_legacy_889,454,9,15,39.8,8,3764.83,0,1,2,0,0.34,0,74,2,Finance
user_legacy_890,866,54,0,0.0,16,2008.78,1,1,0,0,0.24,0,67,3,Finance
user_legacy_891,848,17,2,1.7,14,1729.81,0,1,4,2,0.21,0,94,0,E-commerce
user_legacy_892,1301,30,0,0.0,35,3193.37,0,1,0,0,0.34,0,53,4,SaaS
user_legacy_893,1560,39,1,1.7,45,20868.54,0,2,2,0,0.12,0,19,8,SaaS
user_legacy_894,691,44,3,8.0,20,8280.82,1,0,5,0,0.04,0,2,9,SaaS
user_legacy_895,1036,3,7,18.2,26,5296.82,1,2,2,0,0.18,0,10,9,E-commerce
user_legacy_896,1135,3,10,7.8,28,4419.31,0,1,0,0,0.06,0,100,0,Marketing
user_legacy_897,1131,47,4,10.1,27,11665.39,2,3,2,0,0.43,0,44,5,E-commerce
user_legacy_898,1081,32,4,3.5,29,12092.66,0,2,1,0,0.23,0,84,1,Finance
user_legacy_899,1532,42,0,0.0,29,3141.49,0,3,3,1,0.25,0,65,3,E-commerce
user_legacy_900,1302,15,2,4.7,33,13103.94,1,4,5,0,0.31,0,89,1,Finance
user_legacy_901,1259,13,26,52.7,39,13334.28,0,4,4,1,0.53,0,19,8,Finance
user_legacy_902,1236,26,1,2.9,24,8352.87,1,4,2,0,0.3,0,94,0,Marketing
user_legacy_903,971,7,13,16.9,28,8892.06,0,1,2,0,0.04,0,54,4,Marketing
user_legacy_904,1065,23,1,1.7,18,3221.42,1,2,4,0,0.37,0,0,10,SaaS
user_legacy_905,1568,48,1,1.7,37,5060.78,0,1,0,0,0.19,0,57,4,SaaS
user_legacy_906,1197,22,3,4.2,26,4139.61,0,2,2,0,0.24,0,5,9,Finance
user_legacy_907,1308,13,29,73.8,32,11346.54,3,2,3,2,0.58,0,47,5,E-commerce
user_legacy_908,870,5,21,51.6,15,4865.37,0,2,1,0,0.43,0,58,4,Marketing
user_legacy_909,691,22,2,3.1,16,1451.57,0,3,4,0,0.06,0,0,10,Finance
user_legacy_910,1274,24,2,4.0,28,5160.02,1,4,4,0,0.43,0,45,5,Finance
user_legacy_911,1518,28,0,0.0,32,7004.37,0,2,6,0,0.46,0,65,3,Marketing
user_legacy_912,906,15,4,4.5,23,8239.11,0,0,2,0,0.16,0,0,10,Education
user_legacy_913,1117,1,11,7.8,28,11077.35,0,1,1,0,0.55,0,6,9,Education
user_legacy_914,766,52,2,1.9,13,3451.64,1,1,2,0,0.36,0,57,4,Education
user_legacy_915,437,15,0,0.0,9,3987.2,0,3,7,1,0.21,0,29,7,Finance
user_legacy_916,819,53,1,2.1,19,9317.52,0,2,2,0,0.3,0,61,3,Finance
user_legacy_917,676,29,2,5.3,19,9087.72,0,3,2,0,0.31,0,23,7,E-commerce
user_legacy_918,950,4,16,16.6,17,4458.56,0,1,0,0,0.35,0,89,1,Finance
user_legacy_919,1278,34,3,4.1,23,4252.04,1,1,0,0,0.71,0,58,4,SaaS
user_legacy_920,837,27,2,1.5,22,6425.37,0,2,2,0,0.44,0,77,2,SaaS
user_legacy_921,1253,27,2,1.1,20,5857.61,0,2,6,1,0.06,0,39,6,Education
user_legacy_922,1349,55,3,3.5,40,2397.47,1,5,0,0,0.32,0,28,7,Finance
user_legacy_923,790,20,4,2.1,16,3821.15,0,4,0,0,0.26,0,86,1,Education
user_legacy_924,1216,15,3,6.9,30,5845.8,0,3,5,0,0.19,0,59,4,Education
user_legacy_925,1058,34,0,0.0,19,5018.06,0,0,0,0,0.29,0,51,4,SaaS
user_legacy_926,847,56,2,4.5,27,6682.47,0,1,1,0,0.66,0,17,8,E-commerce
user_legacy_927,777,48,0,0.0,22,10031.1,0,0,3,0,0.24,0,75,2,Marketing
user_legacy_928,1266,51,0,0.0,34,10624.64,0,5,4,1,0.17,0,79,2,Education
user_legacy_929,1145,6,14,36.9,36,8836.58,2,7,4,3,0.36,0,40,6,SaaS
user_legacy_930,824,22,1,1.3,19,3433.47,1,1,0,0,0.31,0,86,1,Finance
user_legacy_931,993,56,0,0.0,30,2340.54,1,3,3,0,0.33,0,35,6,E-commerce
user_legacy_932,1424,53,4,6.3,37,15348.95,1,2,5,0,0.04,0,35,6,Marketing
user_legacy_933,1094,45,4,4.8,26,4957.55,1,0,5,0,0.14,0,41,5,E-commerce
user_legacy_934,849,38,2,3.1,20,6678.04,0,0,4,3,0.66,0,51,4,Marketing
user_legacy_935,913,24,3,2.3,21,8584.29,1,1,3,1,0.18,0,83,1,Marketing
user_legacy_936,1041,59,4,5.8,29,13727.49,2,0,2,0,0.0,0,14,8,SaaS
user_legacy_937,698,26,2,3.4,12,5311.67,1,1,4,1,0.09,0,45,5,SaaS
user_legacy_938,1406,50,4,3.4,24,5677.72,0,0,0,0,0.19,0,17,8,E-commerce
user_legacy_939,1017,20,0,0.0,26,6586.22,0,1,4,2,0.15,0,66,3,Marketing
user_legacy_940,1225,19,1,2.2,33,11331.15,0,2,4,0,0.55,0,0,10,Education
user_legacy_941,1098,53,0,0.0,35,7643.31,0,2,3,0,0.19,0,53,4,Education
user_legacy_942,978,54,4,3.3,20,9566.94,0,1,4,1,0.47,0,82,1,Finance
user_legacy_943,1223,2,7,14.2,36,17598.82,0,1,2,0,0.44,0,3,9,Finance
user_legacy_944,757,57,0,0.0,22,6463.37,2,2,1,0,0.01,0,49,5,E-commerce
user_legacy_945,1248,56,2,4.3,27,2554.6,2,2,1,0,0.28,0,60,4,SaaS
user_legacy_946,1021,24,4,11.6,32,11470.19,0,0,3,2,0.55,0,39,6,SaaS
user_legacy_947,1072,25,3,8.5,23,9108.41,0,0,4,1,0.29,0,58,4,SaaS
user_legacy_948,754,27,1,2.8,23,3269.82,1,2,3,0,0.47,0,54,4,Finance
user_legacy_949,970,2,10,8.7,25,4384.89,1,0,3,1,0.09,0,7,9,Marketing
user_legacy_950,1137,1,7,16.6,27,10065.59,0,2,3,1,0.62,0,77,2,Finance
user_legacy_951,1514,47,2,4.3,33,2945.22,1,2,2,0,0.24,0,4,9,Marketing
user_legacy_952,1661,46,4,9.6,54,3803.85,0,2,2,0,0.22,0,50,5,E-commerce
user_legacy_953,770,34,2,5.2,13,3375.08,0,1,2,0,0.32,0,50,5,E-commerce
user_legacy_954,692,20,4,9.3,14,776.45,0,1,2,0,0.51,0,43,5,E-commerce
user_legacy_955,1257,15,1,2.0,24,8481.09,1,5,1,0,0.18,0,0,10,E-commerce
user_legacy_956,1264,21,0,0.0,31,4006.09,0,3,4,1,0.31,0,50,5,Finance
user_legacy_957,650,16,1,1.9,13,3696.84,0,2,2,0,0.17,0,0,10,Marketing
user_legacy_958,537,38,2,1.3,13,1321.29,0,1,1,0,0.5,0,59,4,Marketing
user_legacy_959,949,42,0,0.0,17,2084.11,1,1,3,0,0.39,0,41,5,E-commerce
user_legacy_960,1042,1,11,31.0,28,4815.24,0,3,0,0,0.27,0,39,6,E-commerce
user_legacy_961,900,1,12,33.8,15,6420.1,0,4,3,2,0.38,0,24,7,Marketing
user_legacy_962,969,23,3,5.8,22,5124.13,0,0,6,3,0.43,0,61,3,SaaS
user_legacy_963,1298,35,4,10.4,30,10502.26,2,0,0,0,0.0,0,60,4,Marketing
user_legacy_964,1174,33,2,4.5,22,2154.26,0,0,3,0,0.12,0,67,3,E-commerce
user_legacy_965,760,7,5,5.5,15,1361.31,2,0,1,0,0.0,0,38,6,Marketing
user_legacy_966,1059,30,3,7.6,26,7215.1,0,0,1,0,0.52,0,62,3,Finance
user_legacy_967,403,34,0,0.0,10,4145.17,1,1,2,0,0.4,0,26,7,E-commerce
user_legacy_968,600,16,4,4.9,17,5461.51,1,1,2,0,0.12,0,75,2,Finance
user_legacy_969,1002,50,1,1.7,26,7143.8,0,4,3,0,0.31,0,43,5,Marketing
user_legacy_970,820,55,0,0.0,16,1058.15,2,3,2,0,0.26,0,23,7,SaaS
user_legacy_971,1172,19,0,0.0,26,9048.33,0,1,3,1,0.39,0,35,6,E-commerce
user_legacy_972,623,44,1,0.6,17,8450.92,0,4,8,1,0.51,0,3,9,SaaS
user_legacy_973,1139,30,0,0.0,20,3754.35,0,1,0,0,0.74,0,35,6,SaaS
user_legacy_974,838,16,2,4.8,17,4989.16,0,2,1,0,0.59,0,56,4,E-commerce
user_legacy_975,806,27,4,7.7,15,4177.91,0,3,2,0,0.25,0,73,2,Marketing
user_legacy_976,893,9,6,6.6,24,4902.25,1,1,0,0,0.0,0,24,7,Finance
user_legacy_977,893,39,2,5.9,24,6788.33,0,1,0,0,0.37,0,50,5,E-commerce
user_legacy_978,1187,43,4,8.7,29,5663.87,1,1,3,0,0.09,0,96,0,SaaS
user_legacy_979,966,19,2,2.7,16,4952.92,0,0,0,0,0.49,0,17,8,Marketing
user_legacy_980,1396,50,3,6.6,39,3266.46,0,0,0,0,0.55,0,34,6,Marketing
user_legacy_981,1437,43,4,7.5,31,11912.05,0,2,5,1,0.0,0,41,5,Education
user_legacy_982,859,39,1,1.4,15,4049.04,0,2,2,0,0.36,0,37,6,Finance
user_legacy_983,1067,22,0,0.0,18,8997.94,0,0,2,0,0.47,0,44,5,Finance
user_legacy_984,526,44,2,2.1,11,4479.73,1,2,5,0,0.67,0,28,7,Marketing
user_legacy_985,1043,50,3,3.8,29,6827.49,0,1,2,0,0.47,0,0,10,E-commerce
user_legacy_986,982,15,4,3.9,20,6635.81,0,1,5,1,0.51,0,42,5,Marketing
user_legacy_987,1009,25,4,2.3,29,13101.05,1,0,1,0,0.0,0,86,1,SaaS
user_legacy_988,1015,50,1,0.6,32,13565.52,1,0,1,0,0.1,0,38,6,Education
user_legacy_989,1146,19,2,5.6,37,2501.83,2,1,4,0,0.51,0,85,1,Marketing
user_legacy_990,850,41,1,1.3,26,4805.44,0,4,0,0,0.23,0,37,6,SaaS
user_legacy_991,842,3,18,17.1,19,6069.26,0,0,1,0,0.43,0,68,3,Finance
user_legacy_992,1139,26,1,2.5,30,13619.44,0,0,2,0,0.26,0,56,4,Finance
user_legacy_993,1084,39,1,3.0,25,8435.2,1,2,1,0,0.47,0,0,10,SaaS
user_legacy_994,1117,57,3,5.5,29,14149.09,1,0,4,0,0.28,0,0,10,Education
user_legacy_995,1439,44,0,0.0,46,7826.83,2,1,2,0,0.37,0,51,4,E-commerce
user_legacy_996,1012,42,1,2.4,20,7067.85,1,0,1,0,0.0,0,65,3,Marketing
user_legacy_997,419,15,2,3.3,11,3169.93,0,0,5,0,0.63,0,0,10,Finance
user_legacy_998,474,19,3,4.4,8,3445.28,0,4,1,0,0.39,0,24,7,Marketing
user_legacy_999,961,5,26,49.3,19,8401.57,0,0,3,3,0.2,0,70,3,E-commerce
user_legacy_1000,905,51,3,7.4,17,7779.63,0,1,0,0,0.71,0,64,3,SaaS
user_legacy_1001,1058,46,3,5.6,18,1007.7,0,3,3,0,0.13,0,31,6,Finance
user_legacy_1002,1060,56,3,5.7,21,1890.16,0,3,3,1,0.11,0,48,5,SaaS
user_legacy_1003,1038,38,1,1.9,22,6591.37,1,2,3,0,0.55,0,59,4,SaaS
user_legacy_1004,1010,42,3,4.4,31,9682.24,0,2,7,3,0.11,0,100,0,Finance
user_legacy_1005,610,50,2,1.7,10,3492.05,1,0,0,0,0.54,0,1,9,Finance
user_legacy_1006,982,21,3,4.2,16,3855.2,0,0,5,0,0.0,0,49,5,SaaS
user_legacy_1007,803,32,3,7.7,16,7127.4,0,3,3,0,0.61,0,13,8,E-commerce
user_legacy_1008,1415,54,0,0.0,42,9398.29,1,1,1,0,0.45,0,13,8,Finance
user_legacy_1009,1029,24,4,2.1,31,12542.66,0,2,3,0,0.31,0,0,10,E-commerce
user_legacy_1010,855,17,3,1.8,20,8442.04,0,3,7,0,0.26,0,38,6,Education
user_legacy_1011,1096,49,2,1.0,21,5935.47,1,2,3,1,0.23,0,81,1,Marketing
user_legacy_1012,808,49,2,3.0,16,1091.8,0,0,1,0,0.08,0,21,7,E-commerce
user_legacy_1013,1097,49,3,7.7,21,6857.85,1,2,0,0,0.13,0,61,3,Education
user_legacy_1014,504,23,2,4.3,14,2961.31,0,0,0,0,0.04,0,60,4,E-commerce
user_legacy_1015,792,56,2,3.1,23,3501.02,0,2,1,0,0.21,0,64,3,SaaS
user_legacy_1016,497,53,4,3.9,10,690.51,0,1,2,0,0.11,0,0,10,E-commerce
user_legacy_1017,1661,32,3,4.7,38,10657.77,1,0,4,2,0.0,0,30,7,SaaS
user_legacy_1018,1337,20,2,5.3,42,7578.92,0,0,6,1,0.17,0,53,4,Marketing
user_legacy_1019,816,58,1,1.0,13,4222.7,1,1,4,0,0.31,0,4,9,Marketing
user_legacy_1020,763,55,0,0.0,22,5036.93,0,0,0,0,0.56,0,60,4,Finance
user_legacy_1021,1170,37,4,4.9,33,6518.37,0,6,0,0,0.48,0,15,8,SaaS
user_legacy_1022,1467,39,3,5.6,28,12355.75,0,1,1,0,0.13,0,75,2,SaaS
user_legacy_1023,747,16,2,2.3,20,2721.4,1,3,2,0,0.06,0,0,10,Marketing
user_legacy_1024,459,17,0,0.0,10,2900.57,0,2,6,0,0.55,0,59,4,E-commerce
user_legacy_1025,603,38,4,5.7,11,5075.93,1,0,2,0,0.17,0,70,3,SaaS
user_legacy_1026,958,42,3,3.7,19,1393.05,0,0,0,0,0.18,0,69,3,Finance
user_legacy_1027,1287,5,26,53.7,40,13785.32,0,1,2,0,0.6,0,0,10,E-commerce
user_legacy_1028,1463,54,0,0.0,30,3405.74,0,4,1,0,0.18,0,19,8,SaaS
user_legacy_1029,812,44,1,1.7,25,3378.25,0,2,3,0,0.0,0,55,4,Marketing
user_legacy_1030,919,24,0,0.0,22,2497.78,0,1,5,1,0.13,0,89,1,SaaS
user_legacy_1031,1287,30,2,5.3,34,6892.11,0,2,4,1,0.09,0,40,6,SaaS
user_legacy_1032,1163,2,22,40.1,28,2190.67,0,0,8,0,0.18,0,94,0,Education
user_legacy_1033,738,28,3,3.0,12,1730.77,0,2,3,0,0.44,0,45,5,SaaS
user_legacy_1034,636,52,0,0.0,15,1161.67,1,3,2,0,0.12,0,0,10,E-commerce
user_legacy_1035,1253,55,1,1.9,30,5129.17,0,2,1,0,0.28,0,67,3,Finance
user_legacy_1036,986,46,1,2.8,21,3987.97,0,0,2,0,0.12,0,29,7,SaaS
user_legacy_1037,1346,31,2,3.6,26,7097.7,0,2,0,0,0.05,0,0,10,SaaS
user_legacy_1038,1125,19,2,1.4,36,2425.02,0,2,1,0,0.23,0,55,4,Education
user_legacy_1039,938,36,4,9.1,19,5158.0,0,4,4,2,0.4,0,39,6,Marketing
user_legacy_1040,1146,41,0,0.0,22,6557.58,3,1,2,0,0.45,0,39,6,Marketing
user_legacy_1041,496,56,3,8.7,15,5299.83,1,3,5,3,0.1,0,0,10,Marketing
user_legacy_1042,792,25,4,5.0,23,1506.62,0,3,3,0,0.12,0,73,2,Education
user_legacy_1043,1343,31,2,1.9,39,5128.15,1,3,4,0,0.3,0,44,5,Finance
user_legacy_1044,1393,7,19,15.6,32,10520.26,2,3,5,1,0.25,0,38,6,SaaS
user_legacy_1045,1221,36,3,5.0,24,6890.28,0,0,4,2,0.29,0,35,6,Marketing
user_legacy_1046,601,15,2,1.9,17,1024.89,0,5,4,1,0.66,0,48,5,Education
user_legacy_1047,1498,47,1,2.4,33,13243.17,0,2,2,0,0.37,0,24,7,Marketing
user_legacy_1048,836,44,0,0.0,19,1588.11,0,2,2,0,0.14,0,39,6,Education
user_legacy_1049,991,56,4,3.9,23,8489.63,0,3,0,0,0.22,0,2,9,E-commerce
user_legacy_1050,1018,8,17,44.6,31,4629.0,0,0,4,2,0.4,0,12,8,Education
user_legacy_1051,960,16,3,6.4,17,7903.5,0,2,0,0,0.41,0,39,6,Education
user_legacy_1052,426,53,1,2.3,12,4500.95,0,3,0,0,0.48,0,62,3,Marketing
user_legacy_1053,1051,53,3,4.8,21,1811.97,1,2,3,2,0.33,0,57,4,Education
user_legacy_1054,1080,39,0,0.0,25,8396.9,2,2,3,2,0.22,0,0,10,SaaS
user_legacy_1055,641,56,4,3.6,16,6727.98,0,0,2,0,0.36,0,82,1,Education
user_legacy_1056,1190,1,28,57.8,38,4351.6,0,4,2,0,0.25,0,54,4,E-commerce
user_legacy_1057,675,53,3,4.8,13,2521.89,0,1,6,1,0.22,0,41,5,E-commerce
user_legacy_1058,951,22,2,4.9,18,7952.97,0,2,1,0,0.13,0,14,8,Finance
user_legacy_1059,1170,28,3,4.6,24,11083.87,0,2,4,2,0.13,0,0,10,SaaS
user_legacy_1060,680,21,0,0.0,16,5915.89,0,3,4,2,0.48,0,92,0,E-commerce
user_legacy_1061,1472,20,2,1.9,32,5999.5,0,0,6,0,0.23,0,14,8,E-commerce
user_legacy_1062,829,47,4,5.5,21,2695.78,0,0,4,1,0.44,0,98,0,Marketing
user_legacy_1063,1009,10,17,41.0,32,14894.28,0,3,1,0,0.24,0,49,5,Finance
user_legacy_1064,1038,26,0,0.0,17,7177.4,2,1,1,0,0.14,0,12,8,Marketing
user_legacy_1065,926,50,0,0.0,24,10718.0,0,1,4,2,0.4,0,76,2,Marketing
user_legacy_1066,1282,50,3,7.2,22,10374.79,1,1,1,0,0.39,0,83,1,Finance
user_legacy_1067,725,53,2,5.3,23,1411.05,0,0,0,0,0.34,0,13,8,Marketing
user_legacy_1068,1249,32,2,2.8,36,10321.07,0,1,1,0,0.5,0,64,3,Finance
user_legacy_1069,786,36,4,11.1,13,2092.61,2,1,3,1,0.58,0,52,4,E-commerce
user_legacy_1070,936,58,2,2.6,19,4163.1,1,1,3,1,0.17,0,75,2,Marketing
user_legacy_1071,608,55,1,2.0,11,2902.44,2,1,2,0,0.72,0,0,10,Marketing
user_legacy_1072,862,15,3,5.5,24,4295.77,1,2,2,0,0.09,0,47,5,Marketing
user_legacy_1073,1009,41,3,4.4,19,7154.61,0,1,4,1,0.0,0,53,4,Finance
user_legacy_1074,921,31,3,1.5,29,5323.04,0,5,3,0,0.36,0,0,10,Marketing
user_legacy_1075,881,53,0,0.0,19,6181.61,0,2,0,0,0.32,0,7,9,E-commerce
user_legacy_1076,1233,15,2,2.7,28,2152.67,0,7,0,0,0.79,0,64,3,Marketing
user_legacy_1077,715,27,1,0.9,15,7136.84,1,2,2,0,0.55,0,46,5,Education
user_legacy_1078,472,37,0,0.0,12,4192.32,0,3,2,0,0.02,0,15,8,SaaS
user_legacy_1079,663,36,4,3.8,11,2219.53,0,1,0,0,0.07,0,17,8,Finance
user_legacy_1080,1147,9,25,57.6,26,8944.23,0,0,3,2,0.29,0,35,6,SaaS
user_legacy_1081,1128,36,1,1.4,34,5825.38,0,2,5,0,0.26,0,0,10,Marketing
user_legacy_1082,1139,34,4,3.1,20,2138.88,1,0,4,1,0.46,0,46,5,Finance
user_legacy_1083,1178,12,10,10.3,38,17788.22,0,1,2,0,0.32,0,68,3,SaaS
user_legacy_1084,1274,32,1,0.9,25,11848.95,0,1,2,0,0.28,0,42,5,Finance
user_legacy_1085,727,58,4,6.5,22,10399.97,0,3,2,0,0.19,0,61,3,E-commerce
user_legacy_1086,763,41,3,6.9,16,6457.12,0,2,2,0,0.69,0,63,3,SaaS
user_legacy_1087,613,57,3,6.2,14,6435.81,0,5,1,0,0.42,0,80,2,Education
user_legacy_1088,1146,5,15,39.0,26,5710.59,1,3,0,0,0.39,0,46,5,Finance
user_legacy_1089,983,58,0,0.0,30,12037.08,0,0,1,0,0.42,0,6,9,E-commerce
user_legacy_1090,1162,44,0,0.0,31,8812.03,0,2,3,0,0.23,0,49,5,Finance
user_legacy_1091,1102,40,0,0.0,24,9911.83,1,0,0,0,0.46,0,67,3,E-commerce
user_legacy_1092,1081,53,0,0.0,33,14875.77,0,5,3,1,0.38,0,65,3,E-commerce
user_legacy_1093,578,23,3,5.9,14,2047.58,1,2,0,0,0.48,0,67,3,Finance
user_legacy_1094,748,0,14,37.5,17,4768.05,1,3,2,0,0.21,0,0,10,Marketing
user_legacy_1095,560,54,4,10.6,13,3458.41,0,5,3,1,0.06,0,23,7,Finance
user_legacy_1096,627,45,3,3.7,15,4557.76,0,2,5,1,0.15,0,18,8,Finance
user_legacy_1097,878,55,3,8.6,17,7434.01,0,3,1,0,0.03,0,0,10,E-commerce
user_legacy_1098,1241,4,8,11.5,35,9792.69,0,0,5,2,0.37,0,46,5,Education
user_legacy_1099,676,5,15,23.8,13,4621.25,0,0,5,1,0.53,0,34,6,Marketing
user_legacy_1100,1159,32,4,4.2,23,6340.53,0,0,0,0,0.44,0,81,1,Education
user_legacy_1101,547,32,1,1.4,16,7229.41,0,0,0,0,0.35,0,48,5,Marketing
user_legacy_1102,827,49,4,5.1,13,2647.39,0,4,4,0,0.55,0,63,3,E-commerce
user_legacy_1103,537,52,1,1.5,15,2065.4,0,0,4,2,0.4,0,40,6,E-commerce
user_legacy_1104,38,7,14,11.1,0,0.0,0,2,3,1,0.45,0,95,0,Marketing
user_legacy_1105,1571,24,0,0.0,27,3696.99,1,1,0,0,0.22,0,57,4,Finance
user_legacy_1106,770,13,5,9.6,13,6220.04,1,1,2,0,0.19,0,25,7,Marketing
user_legacy_1107,1282,52,4,3.7,22,10847.85,0,1,2,0,0.55,0,25,7,Finance
user_legacy_1108,1335,34,2,2.3,30,11886.57,2,0,5,1,0.0,0,21,7,E-commerce
user_legacy_1109,726,15,0,0.0,12,1824.58,0,2,2,0,0.2,0,28,7,SaaS
user_legacy_1110,1082,36,3,3.4,18,6901.45,1,0,3,2,0.11,0,64,3,SaaS
user_legacy_1111,1467,28,2,5.6,42,13047.44,1,0,2,0,0.29,0,19,8,Finance
user_legacy_1112,752,19,4,10.7,15,3070.87,0,0,1,0,0.34,0,22,7,Marketing
user_legacy_1113,907,4,26,74.6,18,2281.94,0,1,0,0,0.45,0,0,10,E-commerce
user_legacy_1114,1312,27,2,2.5,25,4436.13,0,0,2,0,0.28,0,81,1,Finance
user_legacy_1115,822,55,1,1.2,23,1691.14,1,1,2,0,0.23,0,64,3,E-commerce
user_legacy_1116,450,11,5,4.3,14,4140.91,0,5,2,0,0.38,0,28,7,E-commerce
user_legacy_1117,1058,31,4,5.9,34,2308.45,0,4,0,0,0.29,0,18,8,SaaS
user_legacy_1118,1259,17,0,0.0,40,8235.38,0,2,1,0,0.49,0,32,6,Marketing
user_legacy_1119,1372,13,28,66.7,25,6320.53,0,0,4,1,0.3,0,21,7,Marketing
user_legacy_1120,1029,22,1,1.6,17,6288.3,2,0,4,3,0.04,0,57,4,E-commerce
user_legacy_1121,1493,16,2,4.2,42,9008.0,1,2,1,0,0.24,0,64,3,Education
user_legacy_1122,1143,40,0,0.0,33,2327.39,0,2,5,0,0.01,0,19,8,E-commerce
user_legacy_1123,1030,42,4,8.4,31,4633.33,0,5,5,0,0.25,0,36,6,Finance
user_legacy_1124,506,25,3,4.9,11,5297.96,2,1,6,1,0.65,0,24,7,Finance
user_legacy_1125,785,3,21,16.1,13,3522.22,0,0,2,0,0.15,0,0,10,SaaS
user_legacy_1126,1205,44,3,6.3,31,9273.06,0,1,4,1,0.3,0,0,10,Finance
user_legacy_1127,1036,26,1,2.5,25,1443.12,0,0,10,1,0.25,0,86,1,E-commerce
user_legacy_1128,1366,50,0,0.0,40,11830.87,1,1,4,0,0.37,0,98,0,E-commerce
user_legacy_1129,431,45,4,10.4,11,1738.07,3,1,4,2,0.21,0,64,3,SaaS
user_legacy_1130,993,40,4,9.3,21,6862.31,0,3,4,1,0.12,0,38,6,E-commerce
user_legacy_1131,1095,48,4,6.2,29,12820.38,0,3,2,0,0.32,0,16,8,Marketing
user_legacy_1132,869,25,3,6.5,15,3958.28,0,0,5,2,0.35,0,46,5,SaaS
user_legacy_1133,794,31,0,0.0,22,3505.83,1,2,2,0,0.57,0,15,8,Finance
user_legacy_1134,690,33,2,5.6,19,4203.76,0,4,2,0,0.14,0,25,7,Marketing
user_legacy_1135,946,24,3,3.8,28,5330.16,0,3,5,1,0.41,0,21,7,E-commerce
user_legacy_1136,990,15,4,9.9,24,6072.87,1,2,0,0,0.45,0,12,8,Finance
user_legacy_1137,954,7,19,17.8,20,4503.26,1,3,3,0,0.33,0,77,2,E-commerce
user_legacy_1138,738,57,3,6.8,16,7822.14,1,0,2,0,0.65,0,37,6,Finance
user_legacy_1139,1462,44,1,1.8,45,7049.1,2,0,1,0,0.18,0,56,4,Finance
user_legacy_1140,716,51,1,2.1,21,5706.69,0,3,8,0,0.15,0,17,8,Finance
user_legacy_1141,1410,48,1,2.5,40,12369.42,0,1,4,2,0.0,0,54,4,SaaS
user_legacy_1142,1330,57,2,4.4,23,1972.6,0,0,4,3,0.42,0,58,4,Education
user_legacy_1143,873,55,2,2.0,28,1402.69,1,1,1,0,0.21,0,44,5,Finance
user_legacy_1144,1106,27,2,3.3,20,7208.66,1,0,2,0,0.13,0,71,2,Marketing
user_legacy_1145,783,39,4,10.2,20,6027.59,0,1,1,0,0.45,0,0,10,E-commerce
user_legacy_1146,1201,55,3,3.3,24,5304.71,1,5,2,0,0.25,0,0,10,E-commerce
user_legacy_1147,543,23,2,4.4,14,1914.17,0,0,0,0,0.36,0,30,7,Education
user_legacy_1148,741,51,2,3.3,18,8732.98,0,0,4,1,0.0,0,49,5,E-commerce
user_legacy_1149,1534,21,4,11.6,43,6029.49,0,0,8,2,0.41,0,0,10,Marketing
user_legacy_1150,686,31,3,6.8,13,4206.15,0,1,1,0,0.26,0,35,6,E-commerce
user_legacy_1151,653,51,1,2.5,14,3545.81,0,2,3,0,0.43,0,37,6,Marketing
user_legacy_1152,966,57,0,0.0,28,12687.22,3,1,1,0,0.49,0,55,4,Marketing
user_legacy_1153,1128,58,3,7.9,33,15327.94,1,0,2,0,0.42,0,70,3,E-commerce
user_legacy_1154,915,43,0,0.0,21,5500.28,0,2,1,0,0.49,0,51,4,E-commerce
user_legacy_1155,1155,21,1,1.1,33,5930.54,1,4,3,0,0.41,0,42,5,Education
user_legacy_1156,1015,50,1,2.7,22,2827.93,0,1,4,1,0.01,0,34,6,E-commerce
user_legacy_1157,1175,36,3,4.4,33,16444.61,0,2,0,0,0.32,0,38,6,E-commerce
user_legacy_1158,613,34,3,8.7,18,5000.44,0,0,2,0,0.53,0,42,5,Finance
user_legacy_1159,966,43,3,3.7,16,2419.87,1,5,1,0,0.14,0,67,3,E-commerce
user_legacy_1160,806,1,16,47.7,20,8577.73,0,0,1,0,0.61,0,8,9,E-commerce
user_legacy_1161,1430,10,15,8.7,31,12096.53,0,1,0,0,0.46,0,31,6,E-commerce
user_legacy_1162,1422,8,22,46.2,39,16673.05,0,1,4,0,0.21,0,43,5,Finance
user_legacy_1163,752,19,4,6.9,16,6310.32,0,2,0,0,0.42,0,61,3,E-commerce
user_legacy_1164,558,38,0,0.0,16,5971.41,0,1,5,1,0.21,0,51,4,Marketing
user_legacy_1165,1323,31,4,10.7,34,1932.2,0,0,5,2,0.22,0,59,4,Education
user_legacy_1166,1035,0,7,5.1,31,12982.05,0,1,0,0,0.5,0,2,9,Education
user_legacy_1167,813,19,4,7.6,17,877.58,1,6,0,0,0.42,0,41,5,Marketing
user_legacy_1168,1334,16,0,0.0,22,3832.51,0,4,4,2,0.46,0,13,8,Finance
user_legacy_1169,1253,13,18,43.8,35,11833.7,1,0,3,0,0.19,0,29,7,Finance
user_legacy_1170,1032,48,0,0.0,25,11065.05,0,1,2,0,0.62,0,0,10,Finance
user_legacy_1171,882,50,3,6.8,17,8120.19,2,2,3,1,0.72,0,29,7,Education
user_legacy_1172,1089,37,1,2.5,26,2863.0,1,4,7,1,0.22,0,62,3,Marketing
user_legacy_1173,990,13,17,18.1,24,9478.35,0,2,8,1,0.12,0,1,9,SaaS
user_legacy_1174,723,29,0,0.0,12,1685.16,0,0,4,1,0.56,0,40,6,Education
user_legacy_1175,584,55,3,7.8,16,3231.49,0,0,3,0,0.13,0,21,7,Education
user_legacy_1176,1117,44,3,7.0,33,5849.46,0,4,3,1,0.18,0,22,7,Education
user_legacy_1177,798,11,7,13.7,25,9301.24,0,3,3,1,0.1,0,39,6,Finance
user_legacy_1178,1064,55,4,9.9,21,1263.2,1,3,2,0,0.69,0,31,6,Finance
user_legacy_1179,807,41,4,12.0,25,2935.82,0,0,5,1,0.46,0,8,9,Education
user_legacy_1180,977,34,4,6.8,17,4979.67,0,1,0,0,0.13,0,0,10,SaaS
user_legacy_1181,624,52,1,3.0,11,2367.79,1,4,0,0,0.42,0,46,5,SaaS
user_legacy_1182,628,50,1,1.2,10,3106.43,0,3,4,1,0.24,0,1,9,SaaS
user_legacy_1183,1508,57,1,1.6,37,11967.46,0,2,2,0,0.48,0,0,10,SaaS
user_legacy_1184,1037,16,1,2.6,19,8498.02,0,0,2,0,0.51,0,41,5,Education
user_legacy_1185,1261,13,8,6.3,25,8695.23,0,0,8,0,0.27,0,62,3,Finance
user_legacy_1186,1568,43,0,0.0,41,6877.92,1,2,6,1,0.26,0,38,6,SaaS
user_legacy_1187,646,3,7,3.7,12,2907.06,0,0,3,2,0.51,0,0,10,Education
user_legacy_1188,869,20,2,3.2,25,7896.94,0,1,1,0,0.25,0,54,4,Marketing
user_legacy_1189,1172,7,7,8.3,28,11006.42,0,0,2,0,0.55,0,54,4,SaaS
user_legacy_1190,459,54,1,2.5,14,5012.15,0,0,3,1,0.17,0,13,8,E-commerce
user_legacy_1191,920,7,15,22.3,26,11282.46,0,2,5,1,0.36,0,63,3,Education
user_legacy_1192,789,36,1,1.1,21,7611.24,0,2,0,0,0.17,0,83,1,E-commerce
user_legacy_1193,1083,36,3,8.3,28,12527.4,0,1,4,0,0.47,0,38,6,Marketing
user_legacy_1194,676,3,5,7.9,15,5658.68,0,1,1,0,0.09,0,55,4,Marketing
user_legacy_1195,1326,33,3,1.9,38,9157.26,0,0,0,0,0.59,0,64,3,SaaS
user_legacy_1196,1013,50,2,2.6,21,1440.28,1,3,4,0,0.45,0,47,5,Marketing
user_legacy_1197,1398,45,4,5.3,29,8899.52,1,2,3,2,0.24,0,46,5,Marketing
user_legacy_1198,1137,56,1,0.7,29,7696.88,0,4,2,0,0.0,0,0,10,E-commerce
user_legacy_1199,834,43,0,0.0,18,1716.42,0,0,2,0,0.36,0,39,6,E-commerce
user_legacy_1200,617,53,0,0.0,17,4789.3,1,1,2,0,0.0,0,0,10,E-commerce
user_legacy_1201,934,45,2,2.6,17,2842.39,1,7,1,0,0.05,0,61,3,Marketing
user_legacy_1202,1580,26,1,0.9,41,7022.83,0,2,3,1,0.41,0,11,8,E-commerce
user_legacy_1203,1020,43,0,0.0,19,5940.11,0,0,4,1,0.35,0,32,6,Marketing
user_legacy_1204,986,37,1,2.0,21,3571.21,0,1,3,0,0.46,0,78,2,Education
user_legacy_1205,1287,57,1,0.6,28,6999.37,0,3,1,0,0.4,0,60,4,Finance
user_legacy_1206,821,23,1,2.7,16,2479.54,1,6,1,0,0.2,0,0,10,Education
user_legacy_1207,1036,35,3,3.5,27,6889.73,0,0,3,2,0.21,0,26,7,E-commerce
user_legacy_1208,1091,17,3,8.3,33,2328.67,1,0,3,1,0.33,0,50,5,Education
user_legacy_1209,1421,44,0,0.0,38,10287.7,0,2,0,0,0.25,0,22,7,SaaS
user_legacy_1210,1017,53,1,1.3,28,10440.25,0,1,2,0,0.16,0,50,5,Marketing
user_legacy_1211,782,27,4,4.0,18,8988.44,1,2,4,0,0.16,0,67,3,E-commerce
user_legacy_1212,601,59,1,1.4,18,6003.05,0,0,2,0,0.56,0,32,6,Education
user_legacy_1213,999,30,2,2.5,31,8341.7,0,3,4,3,0.12,0,83,1,Education
user_legacy_1214,731,37,0,0.0,13,6341.93,0,0,2,0,0.37,0,15,8,SaaS
user_legacy_1215,938,33,1,1.9,26,10284.13,0,4,3,1,0.46,0,43,5,Finance
user_legacy_1216,421,15,0,0.0,10,1496.95,1,0,3,0,0.42,0,79,2,SaaS
user_legacy_1217,408,44,2,5.4,12,2972.53,1,3,2,0,0.34,0,35,6,SaaS
user_legacy_1218,1024,6,22,26.5,30,4175.63,0,2,1,0,0.22,0,16,8,Education
user_legacy_1219,1470,58,0,0.0,42,3932.34,1,5,0,0,0.3,0,24,7,Finance
user_legacy_1220,514,6,9,23.6,9,2613.51,0,0,6,1,0.03,0,49,5,Education
user_legacy_1221,1114,49,3,1.6,34,14891.53,0,2,2,0,0.46,0,63,3,Marketing
user_legacy_1222,1449,28,2,4.7,32,13615.23,1,2,6,3,0.41,0,32,6,Finance
user_legacy_1223,706,23,2,4.0,20,8835.72,0,1,4,4,0.33,0,17,8,E-commerce
user_legacy_1224,1585,18,0,0.0,28,13815.29,1,1,1,0,0.5,0,6,9,Marketing
user_legacy_1225,475,53,2,3.1,9,4391.86,0,2,0,0,0.37,0,52,4,SaaS
user_legacy_1226,786,56,4,8.3,25,2707.38,2,1,3,0,0.18,0,31,6,Marketing
user_legacy_1227,844,39,1,1.0,16,4851.96,1,1,4,1,0.13,0,4,9,E-commerce
user_legacy_1228,974,47,4,4.7,21,8461.15,0,1,8,1,0.51,0,45,5,SaaS
user_legacy_1229,573,31,2,1.8,13,672.21,0,0,2,0,0.0,0,57,4,Education
user_legacy_1230,915,49,0,0.0,15,3268.7,0,3,5,1,0.11,0,0,10,Finance
user_legacy_1231,1470,19,1,2.9,31,2914.21,1,4,3,2,0.01,0,31,6,Finance
user_legacy_1232,1034,56,0,0.0,17,6705.7,0,1,0,0,0.15,0,48,5,E-commerce
user_legacy_1233,887,7,24,26.2,17,3132.14,0,0,0,0,0.39,0,43,5,Finance
user_legacy_1234,1071,45,1,1.1,22,7835.98,0,2,3,1,0.48,0,37,6,Marketing
user_legacy_1235,1102,54,4,8.2,23,7352.68,0,3,1,0,0.39,0,75,2,SaaS
user_legacy_1236,1220,21,3,6.9,27,11321.69,0,3,3,1,0.0,0,68,3,Finance
user_legacy_1237,1112,33,3,7.9,34,6220.66,0,0,2,0,0.2,0,65,3,SaaS
user_legacy_1238,961,48,4,11.7,24,4373.57,0,1,3,0,0.0,0,49,5,SaaS
user_legacy_1239,1324,2,6,14.9,35,14409.52,1,2,5,0,0.48,0,0,10,Education
user_legacy_1240,960,17,2,5.3,22,6596.49,2,1,1,0,0.43,0,4,9,E-commerce
user_legacy_1241,876,32,3,7.3,17,8445.18,0,2,1,0,0.08,0,3,9,Education
user_legacy_1242,1094,45,1,2.4,23,1363.54,0,0,2,0,0.29,0,17,8,Marketing
user_legacy_1243,1237,5,15,21.9,26,2992.89,0,2,3,0,0.0,0,67,3,SaaS
user_legacy_1244,899,28,1,1.5,14,2615.06,1,2,6,1,0.53,0,13,8,Finance
user_legacy_1245,413,42,1,2.1,10,534.26,0,3,5,1,0.55,0,88,1,Education
user_legacy_1246,984,19,1,2.1,27,1840.73,0,3,7,0,0.67,0,94,0,Finance
user_legacy_1247,683,19,4,7.1,14,4727.81,0,3,4,0,0.34,0,66,3,SaaS
user_legacy_1248,823,11,19,12.1,13,3116.28,0,3,3,1,0.38,0,0,10,Education
user_legacy_1249,1372,38,4,11.4,36,9233.7,1,0,1,0,0.24,0,38,6,E-commerce
user_legacy_1250,1072,48,3,2.0,23,4869.41,2,6,0,0,0.05,0,36,6,SaaS
user_legacy_1251,740,59,4,5.0,18,2085.99,0,0,3,0,0.69,0,26,7,E-commerce
user_legacy_1252,1177,1,27,40.8,27,12345.16,0,1,4,1,0.44,0,10,9,Education
user_legacy_1253,737,22,1,2.4,22,4297.76,0,4,3,0,0.38,0,57,4,Marketing
user_legacy_1254,1529,7,23,35.9,32,3591.29,1,0,5,1,0.11,0,73,2,SaaS
user_legacy_1255,956,52,2,5.8,26,5187.19,0,0,3,3,0.0,0,24,7,Education
user_legacy_1256,290,49,3,4.8,6,2436.88,0,0,3,0,0.54,0,56,4,SaaS
user_legacy_1257,974,50,3,5.1,28,5713.89,1,0,3,0,0.19,0,25,7,E-commerce
user_legacy_1258,736,11,17,12.8,15,1882.56,2,1,3,3,0.01,0,11,8,Education
user_legacy_1259,1615,42,1,1.2,39,14443.57,0,3,5,0,0.01,0,81,1,E-commerce
user_legacy_1260,894,2,11,16.8,16,5151.21,1,1,2,0,0.24,0,18,8,Education
user_legacy_1261,1309,9,18,42.1,34,4559.85,0,0,5,3,0.58,0,11,8,E-commerce
user_legacy_1262,1408,15,4,8.6,33,8276.19,0,3,3,1,0.14,0,50,5,E-commerce
user_legacy_1263,774,54,3,4.1,12,5909.1,0,3,1,0,0.34,0,71,2,Education
user_legacy_1264,802,43,3,5.9,15,1556.12,1,0,2,0,0.01,0,15,8,Marketing
user_legacy_1265,322,40,4,8.4,5,1408.43,0,1,2,0,0.31,0,67,3,Education
user_legacy_1266,1062,50,1,1.1,34,10284.52,0,3,3,1,0.39,0,75,2,E-commerce
user_legacy_1267,908,44,4,11.8,23,3002.62,0,3,4,2,0.29,0,45,5,E-commerce
user_legacy_1268,608,7,15,15.9,13,4967.91,1,1,2,0,0.08,0,34,6,E-commerce
user_legacy_1269,1217,49,3,7.8,38,12570.85,0,2,1,0,0.15,0,62,3,Education
user_legacy_1270,1197,34,4,4.4,23,6363.32,1,1,4,1,0.16,0,75,2,Marketing
user_legacy_1271,1023,52,1,1.8,24,5528.16,0,1,3,0,0.72,0,1,9,Marketing
user_legacy_1272,1194,10,22,62.6,23,8182.66,0,4,2,0,0.37,0,27,7,Education
user_legacy_1273,1214,28,4,4.7,33,15218.36,0,0,4,0,0.19,0,42,5,SaaS
user_legacy_1274,646,27,3,8.0,17,7160.77,0,0,2,0,0.08,0,24,7,Marketing
user_legacy_1275,845,30,0,0.0,15,4593.36,0,0,2,0,0.51,0,0,10,Finance
user_legacy_1276,1669,50,3,7.2,37,17059.23,0,2,1,0,0.48,0,0,10,Education
user_legacy_1277,1397,36,2,4.5,25,1894.8,0,0,0,0,0.37,0,50,5,Finance
user_legacy_1278,1332,33,1,2.7,41,6936.3,0,0,3,0,0.23,0,64,3,Finance
user_legacy_1279,800,3,28,78.9,18,2776.79,1,0,0,0,0.46,0,6,9,Finance
user_legacy_1280,780,16,0,0.0,23,10048.87,0,4,3,0,0.0,0,1,9,Marketing
user_legacy_1281,837,9,22,61.6,15,868.58,0,2,5,0,0.37,0,43,5,Marketing
user_legacy_1282,737,40,0,0.0,18,8542.34,0,3,1,0,0.48,0,92,0,E-commerce
user_legacy_1283,779,17,4,8.9,24,9515.25,0,3,5,0,0.0,0,32,6,Finance
user_legacy_1284,456,40,0,0.0,12,725.04,2,1,1,0,0.27,0,0,10,SaaS
user_legacy_1285,1003,2,14,31.7,21,4056.91,0,1,4,0,0.24,0,60,4,SaaS
user_legacy_1286,1341,0,21,32.4,43,9332.43,0,3,1,0,0.39,0,41,5,E-commerce
user_legacy_1287,1107,17,2,4.3,21,2341.22,0,2,0,0,0.5,0,32,6,E-commerce
user_legacy_1288,899,42,2,6.0,27,11791.67,1,2,4,0,0.33,0,0,10,SaaS
user_legacy_1289,975,48,0,0.0,31,1752.59,1,2,2,0,0.22,0,0,10,E-commerce
user_legacy_1290,657,16,1,2.3,16,885.55,0,2,2,0,0.59,0,57,4,Finance
user_legacy_1291,747,58,4,11.4,18,4404.66,0,3,4,1,0.14,0,22,7,Finance
user_legacy_1292,1621,39,1,1.9,46,22634.61,0,2,3,0,0.12,0,27,7,E-commerce
user_legacy_1293,1268,25,1,1.0,36,13698.25,0,4,4,1,0.47,0,84,1,Education
user_legacy_1294,1161,12,16,15.4,37,2838.88,0,3,5,0,0.0,0,58,4,SaaS
user_legacy_1295,835,57,0,0.0,19,4166.7,1,2,1,0,0.14,0,34,6,Finance
user_legacy_1296,985,15,1,2.9,16,5192.61,0,0,1,0,0.43,0,73,2,Marketing
user_legacy_1297,971,25,2,4.4,27,5488.84,0,0,2,0,0.25,0,64,3,SaaS
user_legacy_1298,1034,57,4,8.1,23,5104.4,0,1,1,0,0.4,0,61,3,Finance
user_legacy_1299,1099,18,3,1.6,20,8633.53,2,1,2,0,0.56,0,4,9,Education
user_legacy_1300,1077,0,29,17.5,34,2797.16,0,1,8,2,0.55,0,79,2,E-commerce
user_legacy_1301,1283,32,3,6.3,41,13805.73,0,0,0,0,0.06,0,68,3,Finance
user_legacy_1302,454,34,1,2.3,8,1985.74,0,2,3,1,0.13,0,23,7,Finance
user_legacy_1303,1593,0,15,26.6,42,5881.01,0,0,4,1,0.11,0,92,0,Finance
user_legacy_1304,1071,34,3,8.3,28,4215.85,0,0,4,0,0.19,0,45,5,SaaS
user_legacy_1305,450,1,22,13.7,11,2139.32,0,2,0,0,0.48,0,38,6,Marketing
user_legacy_1306,1059,51,3,7.4,27,12121.38,2,0,1,0,0.46,0,16,8,E-commerce
user_legacy_1307,1189,32,2,2.0,33,3602.7,1,5,0,0,0.15,0,96,0,Education
user_legacy_1308,1010,40,4,9.7,25,6727.7,0,0,1,0,0.05,0,58,4,Education
user_legacy_1309,1216,13,20,13.1,35,16311.8,0,0,3,0,0.56,0,77,2,Education
user_legacy_1310,1538,17,3,2.4,26,1754.64,0,3,0,0,0.33,0,51,4,Marketing
user_legacy_1311,650,6,19,52.6,15,7416.54,2,2,0,0,0.29,0,35,6,E-commerce
user_legacy_1312,969,51,2,2.4,22,7617.57,1,0,4,2,0.57,0,7,9,Finance
user_legacy_1313,579,58,1,1.8,9,2833.96,0,3,2,0,0.43,0,50,5,Marketing
user_legacy_1314,713,21,2,3.1,13,3022.88,0,2,4,0,0.0,0,51,4,Finance
user_legacy_1315,1437,53,3,5.5,37,15386.35,3,0,4,1,0.41,0,26,7,E-commerce
user_legacy_1316,1443,28,1,2.1,27,12349.56,1,4,3,1,0.56,0,30,7,Education
user_legacy_1317,1145,7,12,32.7,29,4611.03,0,1,5,0,0.12,0,38,6,E-commerce
user_legacy_1318,1661,51,0,0.0,45,12765.18,0,1,1,0,0.39,0,0,10,Education
user_legacy_1319,1406,43,0,0.0,40,5579.25,0,2,4,0,0.03,0,65,3,Marketing
user_legacy_1320,943,3,21,49.5,26,7200.27,0,1,2,0,0.51,0,28,7,E-commerce
user_legacy_1321,1647,56,1,1.1,39,12660.59,0,4,2,0,0.4,0,82,1,Marketing
user_legacy_1322,812,32,0,0.0,14,2140.34,1,3,3,1,0.0,0,32,6,SaaS
user_legacy_1323,601,33,1,2.8,17,2224.03,1,1,5,5,0.52,0,31,6,Marketing
user_legacy_1324,987,58,3,1.9,17,6543.02,0,3,2,0,0.07,0,22,7,Marketing
user_legacy_1325,1020,21,2,3.5,27,10389.38,0,1,1,0,0.93,0,43,5,Finance
user_legacy_1326,1278,35,4,3.9,38,15228.39,0,2,0,0,0.0,0,55,4,E-commerce
user_legacy_1327,576,54,2,3.2,18,7792.96,0,2,3,2,0.0,0,68,3,SaaS
user_legacy_1328,1413,43,0,0.0,35,4166.09,0,4,0,0,0.27,0,37,6,E-commerce
user_legacy_1329,981,55,3,6.9,25,9181.71,0,5,5,0,0.42,0,53,4,Education
user_legacy_1330,1001,56,2,2.7,21,7490.19,0,3,3,0,0.0,0,81,1,E-commerce
user_legacy_1331,1622,31,0,0.0,52,19238.62,0,5,1,0,0.09,0,50,5,Education
user_legacy_1332,861,42,4,4.3,26,9282.72,1,4,2,0,0.0,0,59,4,Finance
user_legacy_1333,1329,23,2,4.2,34,4142.75,0,1,4,0,0.2,0,32,6,Marketing
user_legacy_1334,1041,30,2,2.5,24,7519.89,0,2,1,0,0.0,0,36,6,Marketing
user_legacy_1335,1024,6,14,34.3,27,5760.69,0,8,4,2,0.34,0,63,3,Marketing
user_legacy_1336,747,45,3,4.6,20,8145.5,1,5,0,0,0.0,0,28,7,Education
user_legacy_1337,1245,0,22,36.1,31,9272.61,0,1,2,0,0.17,0,7,9,SaaS
user_legacy_1338,1022,35,4,6.1,23,11119.89,0,0,2,0,0.16,0,46,5,SaaS
user_legacy_1339,1348,35,0,0.0,30,8261.31,0,4,3,1,0.58,0,19,8,SaaS
user_legacy_1340,1203,11,15,20.3,35,12391.05,1,3,5,2,0.48,0,82,1,Education
user_legacy_1341,947,54,3,5.4,28,6462.5,0,0,0,0,0.0,0,58,4,E-commerce
user_legacy_1342,1157,30,4,4.7,26,11147.12,0,2,2,0,0.17,0,0,10,Education
user_legacy_1343,865,29,4,4.7,20,3797.01,0,3,1,0,0.17,0,63,3,Finance
user_legacy_1344,832,17,3,4.7,16,2139.65,0,0,4,3,0.42,0,100,0,E-commerce
user_legacy_1345,1199,33,4,8.6,31,11253.99,0,1,0,0,0.0,0,31,6,SaaS
user_legacy_1346,988,21,1,0.7,20,2439.36,0,1,4,0,0.31,0,62,3,Education
user_legacy_1347,1002,36,1,1.7,26,5754.07,1,0,3,2,0.47,0,54,4,Marketing
user_legacy_1348,1325,3,17,19.8,33,3392.99,0,1,2,0,0.32,0,45,5,SaaS
user_legacy_1349,882,48,4,3.6,26,12487.62,0,0,3,0,0.0,0,58,4,SaaS
user_legacy_1350,1746,33,0,0.0,49,10574.84,0,1,2,0,0.18,0,42,5,E-commerce
user_legacy_1351,1327,57,3,3.4,33,8078.42,0,1,0,0,0.19,0,26,7,E-commerce
user_legacy_1352,963,10,19,15.0,21,3859.15,0,5,3,1,0.27,0,70,3,SaaS
user_legacy_1353,1246,9,20,42.2,20,5774.62,0,3,4,1,0.24,0,11,8,E-commerce
user_legacy_1354,773,56,1,2.1,14,3302.34,0,1,1,0,0.55,0,47,5,E-commerce
user_legacy_1355,928,34,2,2.4,27,2796.05,1,1,3,2,0.03,0,35,6,Marketing
user_legacy_1356,697,54,3,5.0,21,4977.8,0,4,2,0,0.52,0,33,6,Marketing
user_legacy_1357,1203,15,3,2.5,34,14360.98,0,4,2,0,0.02,0,74,2,Finance
user_legacy_1358,961,39,2,3.5,23,7446.0,0,1,0,0,0.29,0,23,7,Marketing
user_legacy_1359,1213,52,2,5.7,34,3771.74,0,2,5,1,0.31,0,58,4,SaaS
user_legacy_1360,287,12,21,42.9,8,1083.13,0,2,3,2,0.28,0,54,4,Education
user_legacy_1361,539,57,0,0.0,9,2124.18,0,2,4,0,0.4,0,83,1,E-commerce
user_legacy_1362,243,16,1,2.7,7,1192.71,0,1,1,0,0.31,0,58,4,Finance
user_legacy_1363,697,22,2,1.9,19,2070.12,0,1,3,1,0.27,0,0,10,Finance
user_legacy_1364,1098,39,3,4.0,26,8595.93,0,1,7,0,0.12,0,27,7,Finance
user_legacy_1365,1203,35,3,5.8,24,7911.86,1,0,1,0,0.18,0,57,4,Finance
user_legacy_1366,1103,34,2,2.8,26,10248.79,0,0,3,0,0.3,0,22,7,E-commerce
user_legacy_1367,1353,39,0,0.0,34,11144.96,1,0,5,1,0.37,0,55,4,SaaS
user_legacy_1368,932,26,4,10.7,20,2178.23,0,1,4,0,0.25,0,60,4,Marketing
user_legacy_1369,975,38,1,0.8,18,2007.53,0,1,4,0,0.27,0,100,0,Marketing
user_legacy_1370,1022,11,16,47.6,20,1057.83,0,4,0,0,0.28,0,34,6,SaaS
user_legacy_1371,1254,17,2,4.7,39,8024.77,0,3,4,1,0.48,0,79,2,Marketing
user_legacy_1372,702,22,1,0.9,22,1384.81,0,3,6,1,0.52,0,73,2,E-commerce
user_legacy_1373,1084,26,3,5.7,25,2832.54,1,0,1,0,0.13,0,49,5,Marketing
user_legacy_1374,615,23,4,4.9,14,3467.62,1,0,6,1,0.45,0,33,6,Finance
user_legacy_1375,985,22,0,0.0,31,9797.74,1,2,5,1,0.51,0,26,7,Finance
user_legacy_1376,1578,57,3,8.5,26,8913.64,0,2,2,0,0.43,0,20,8,Finance
user_legacy_1377,1032,17,0,0.0,33,12523.28,0,0,2,0,0.06,0,32,6,Finance
user_legacy_1378,1264,37,2,3.1,32,14835.92,0,2,3,4,0.38,0,56,4,Education
user_legacy_1379,682,17,3,1.7,19,8457.67,0,4,2,0,0.54,0,39,6,E-commerce
user_legacy_1380,1305,35,2,5.9,31,3526.75,1,0,1,0,0.4,0,68,3,E-commerce
user_legacy_1381,1182,27,1,2.3,36,10415.14,0,1,6,2,0.34,0,15,8,E-commerce
user_legacy_1382,1088,57,0,0.0,35,4505.57,0,0,2,0,0.32,0,59,4,SaaS
user_legacy_1383,896,34,0,0.0,15,5295.52,0,0,3,0,0.48,0,48,5,Finance
user_legacy_1384,952,1,5,14.7,23,4286.71,1,4,4,0,0.05,0,54,4,SaaS
user_legacy_1385,1114,13,13,22.7,36,12810.08,1,2,5,1,0.21,0,9,9,E-commerce
user_legacy_1386,1151,20,1,1.0,35,3445.27,0,0,5,0,0.2,0,60,4,Marketing
user_legacy_1387,985,33,2,4.8,25,2267.06,0,4,6,1,0.67,0,24,7,SaaS
user_legacy_1388,1218,12,17,20.3,36,16815.03,1,2,4,1,0.24,0,11,8,Finance
user_legacy_1389,764,59,3,3.6,17,8145.88,1,0,0,0,0.13,0,45,5,Finance
user_legacy_1390,910,13,18,53.7,22,5707.14,1,2,3,1,0.31,0,62,3,Finance
user_legacy_1391,712,34,3,2.8,21,4729.59,0,0,0,0,0.44,0,0,10,SaaS
user_legacy_1392,902,22,2,5.2,15,4326.64,0,1,0,0,0.16,0,45,5,Marketing
user_legacy_1393,550,36,1,0.9,9,2067.49,0,3,0,0,0.55,0,51,4,Education
user_legacy_1394,564,42,0,0.0,14,1393.82,1,0,0,0,0.0,0,52,4,E-commerce
user_legacy_1395,1269,2,28,24.6,41,16798.18,1,1,0,0,0.02,0,7,9,Education
user_legacy_1396,1049,10,19,22.5,24,4450.05,0,1,5,1,0.0,0,47,5,E-commerce
user_legacy_1397,837,56,0,0.0,18,5108.35,0,5,1,0,0.44,0,61,3,Finance
user_legacy_1398,962,29,0,0.0,28,2493.95,0,1,1,0,0.21,0,32,6,Finance
user_legacy_1399,973,46,4,5.3,21,9648.18,0,0,3,0,0.33,0,0,10,SaaS
user_legacy_1400,964,33,2,5.2,21,5059.2,1,1,2,0,0.01,0,61,3,Finance
user_legacy_1401,751,26,2,5.3,17,6749.35,0,1,2,0,0.15,0,0,10,Marketing
user_legacy_1402,1044,15,2,1.0,23,1352.2,0,1,0,0,0.33,0,0,10,Marketing
user_legacy_1403,799,27,0,0.0,20,2009.48,0,3,3,1,0.27,0,11,8,E-commerce
user_legacy_1404,1264,25,1,1.0,30,13587.07,1,1,3,0,0.14,0,100,0,E-commerce
user_legacy_1405,1027,56,0,0.0,24,6333.17,0,2,4,0,0.3,0,49,5,E-commerce
user_legacy_1406,1331,2,16,31.6,33,3816.89,0,2,2,0,0.13,0,52,4,Education
user_legacy_1407,1098,59,0,0.0,24,1487.28,0,1,5,1,0.36,0,55,4,Finance
user_legacy_1408,946,34,1,0.9,30,4653.38,2,4,4,0,0.44,0,33,6,Marketing
user_legacy_1409,525,7,22,50.7,10,3409.07,0,4,3,3,0.42,0,32,6,E-commerce
user_legacy_1410,1524,45,1,1.3,38,5824.73,0,2,0,0,0.27,0,49,5,Marketing
user_legacy_1411,1215,13,15,37.6,31,14093.15,0,3,8,1,0.48,0,32,6,SaaS
user_legacy_1412,996,26,0,0.0,19,4843.78,2,2,0,0,0.0,0,100,0,Education
user_legacy_1413,1281,55,2,3.6,33,8059.48,1,0,3,0,0.29,0,0,10,Marketing
user_legacy_1414,696,54,2,5.3,12,3443.48,0,2,3,1,0.49,0,67,3,E-commerce
user_legacy_1415,1699,51,0,0.0,31,8455.26,0,0,1,0,0.52,0,13,8,Marketing
user_legacy_1416,1163,50,0,0.0,24,5317.06,1,0,2,0,0.26,0,100,0,Marketing
user_legacy_1417,1191,19,4,2.7,37,12844.04,0,0,5,2,0.06,0,27,7,Finance
user_legacy_1418,1123,58,2,5.3,25,6658.14,1,3,1,0,0.11,0,34,6,Marketing
user_legacy_1419,1410,45,3,7.7,29,9958.25,0,1,3,1,0.02,0,41,5,E-commerce
user_legacy_1420,1078,59,1,2.1,18,1447.1,0,0,1,0,0.29,0,45,5,SaaS
user_legacy_1421,1217,36,0,0.0,28,6998.18,0,4,0,0,0.41,0,55,4,Finance
user_legacy_1422,589,1,28,56.9,12,5805.41,0,3,0,0,0.47,0,67,3,Finance
user_legacy_1423,958,18,1,1.7,27,10397.08,0,2,3,1,0.22,0,28,7,Finance
user_legacy_1424,1047,22,4,3.0,31,9727.88,1,2,2,0,0.07,0,0,10,E-commerce
user_legacy_1425,1177,2,9,12.7,25,8427.44,0,2,7,0,0.26,0,47,5,E-commerce
user_legacy_1426,840,41,1,1.2,16,3587.43,0,0,4,0,0.65,0,23,7,SaaS
user_legacy_1427,1563,57,1,1.7,36,16409.15,0,0,2,0,0.04,0,0,10,Education
user_legacy_1428,1237,7,8,8.4,38,17554.6,0,0,3,0,0.0,0,81,1,Marketing
user_legacy_1429,1648,22,3,5.3,51,10774.88,0,0,0,0,0.0,0,63,3,Marketing
user_legacy_1430,837,25,3,2.8,22,5064.25,0,1,2,0,0.0,0,54,4,Marketing
user_legacy_1431,1216,28,2,3.4,38,9503.99,0,7,3,1,0.22,0,49,5,E-commerce
user_legacy_1432,1208,57,2,5.7,33,12395.95,2,5,2,0,0.46,0,31,6,Education
user_legacy_1433,1271,29,4,8.8,29,10696.49,0,1,0,0,0.22,0,17,8,E-commerce
user_legacy_1434,490,22,1,1.1,12,2732.86,0,0,2,0,0.0,0,30,7,Education
user_legacy_1435,434,25,4,11.3,7,1680.61,1,1,3,0,0.72,0,67,3,SaaS
user_legacy_1436,818,26,1,1.4,19,2682.11,1,1,2,0,0.4,0,0,10,Marketing
user_legacy_1437,1157,22,4,3.6,29,7999.84,0,2,6,2,0.28,0,38,6,Marketing
user_legacy_1438,1050,28,0,0.0,19,3491.19,0,2,0,0,0.31,0,56,4,Marketing
user_legacy_1439,1155,29,0,0.0,26,8189.14,1,3,0,0,0.32,0,37,6,Marketing
user_legacy_1440,891,29,1,3.0,23,9766.31,1,0,3,1,0.0,0,0,10,E-commerce
user_legacy_1441,763,39,3,4.1,14,4872.06,1,2,6,2,0.0,0,29,7,E-commerce
user_legacy_1442,1606,38,1,2.0,36,5561.62,0,0,6,0,0.25,0,57,4,Marketing
user_legacy_1443,653,26,0,0.0,17,1726.96,0,3,2,0,0.45,0,51,4,SaaS
user_legacy_1444,837,16,3,8.9,20,2370.1,0,5,0,0,0.31,0,32,6,Finance
user_legacy_1445,1114,1,13,19.5,34,13747.18,0,3,0,0,0.39,0,0,10,Marketing
user_legacy_1446,1289,2,20,16.7,40,17153.28,1,4,2,0,0.33,0,19,8,SaaS
user_legacy_1447,1196,58,2,2.4,20,3638.12,0,2,1,0,0.54,0,40,6,E-commerce
user_legacy_1448,1376,36,4,3.6,24,7817.49,0,3,6,0,0.05,0,47,5,SaaS
user_legacy_1449,730,45,3,8.0,17,1586.68,1,0,2,0,0.19,0,41,5,SaaS
user_legacy_1450,1439,50,3,2.1,33,6061.05,0,0,3,2,0.3,0,0,10,Marketing
user_legacy_1451,1089,25,4,2.4,18,7605.08,1,3,3,0,0.2,0,34,6,Marketing
user_legacy_1452,534,20,2,5.6,16,7833.31,0,0,5,0,0.26,0,10,9,E-commerce
user_legacy_1453,1164,21,3,5.4,21,7760.53,0,1,6,1,0.19,0,27,7,SaaS
user_legacy_1454,749,25,2,2.3,19,4604.35,0,4,4,0,0.23,0,2,9,Finance
user_legacy_1455,1605,41,0,0.0,43,3857.68,0,0,3,3,0.68,0,34,6,Finance
user_legacy_1456,1090,23,2,1.1,19,8373.24,0,1,1,0,0.14,0,21,7,Education
user_legacy_1457,808,22,4,11.9,21,6317.41,3,1,1,0,0.58,0,7,9,Marketing
user_legacy_1458,1448,54,0,0.0,41,16916.49,1,3,2,0,0.43,0,30,7,Finance
user_legacy_1459,946,15,0,0.0,17,8062.55,2,2,5,0,0.13,0,8,9,SaaS
user_legacy_1460,662,59,3,8.0,21,4394.88,1,0,1,0,0.61,0,100,0,Marketing
user_legacy_1461,733,20,1,2.8,22,9271.25,0,0,3,0,0.2,0,4,9,SaaS
user_legacy_1462,1390,43,1,1.7,24,5714.99,2,2,4,0,0.42,0,65,3,E-commerce
user_legacy_1463,666,15,2,1.1,21,8505.94,2,4,4,0,0.11,0,45,5,Finance
user_legacy_1464,570,58,0,0.0,15,6478.08,1,2,2,0,0.47,0,57,4,Marketing
user_legacy_1465,1247,11,21,49.7,25,4449.83,1,2,4,0,0.28,0,21,7,E-commerce
user_legacy_1466,982,22,3,3.4,28,3139.98,0,2,0,0,0.55,0,33,6,SaaS
user_legacy_1467,820,50,3,8.6,18,8869.66,0,0,1,0,0.46,0,26,7,Education
user_legacy_1468,1278,31,3,1.5,21,4137.29,1,0,0,0,0.54,0,45,5,E-commerce
user_legacy_1469,1075,4,6,3.5,21,3118.66,0,2,0,0,0.11,0,41,5,E-commerce
user_legacy_1470,1446,19,1,2.7,32,9251.33,0,4,1,0,0.45,0,0,10,SaaS
user_legacy_1471,1009,36,1,1.2,25,7103.62,1,5,0,0,0.42,0,89,1,E-commerce
user_legacy_1472,624,29,0,0.0,18,1658.45,0,2,0,0,0.42,0,73,2,Finance
user_legacy_1473,673,48,3,2.4,21,8510.33,2,3,0,0,0.34,0,42,5,Marketing
user_legacy_1474,1366,25,2,4.3,22,8720.23,0,0,3,0,0.11,0,62,3,Education
user_legacy_1475,959,10,26,24.6,20,5769.14,1,1,2,0,0.51,0,47,5,Marketing
user_legacy_1476,412,54,1,1.6,12,1079.84,0,4,2,0,0.01,0,10,9,E-commerce
user_legacy_1477,794,54,2,5.7,16,1961.82,0,2,1,0,0.23,0,100,0,Education
user_legacy_1478,1324,44,2,2.7,31,8463.36,0,1,3,1,0.48,0,52,4,E-commerce
user_legacy_1479,910,44,3,6.1,29,6264.83,0,3,1,0,0.0,0,46,5,E-commerce
user_legacy_1480,977,37,0,0.0,31,9754.46,0,1,0,0,0.34,0,43,5,Education
user_legacy_1481,533,36,3,5.2,16,7703.18,0,2,6,1,0.21,0,30,7,SaaS
user_legacy_1482,252,1,9,5.8,6,2805.85,0,0,1,0,0.15,0,21,7,Marketing
user_legacy_1483,1282,13,5,10.0,37,7040.31,0,3,4,1,0.15,0,12,8,Education
user_legacy_1484,511,48,3,8.1,12,2730.15,0,0,2,0,0.49,0,36,6,E-commerce
user_legacy_1485,1506,42,3,8.2,38,7559.57,2,1,4,0,0.31,0,60,4,SaaS
user_legacy_1486,1100,4,19,25.9,18,7730.29,2,1,3,1,0.1,0,39,6,Education
user_legacy_1487,913,19,4,9.7,22,7246.33,2,0,2,0,0.55,0,74,2,Marketing
user_legacy_1488,1452,51,0,0.0,39,17666.77,0,4,0,0,0.0,0,44,5,Finance
user_legacy_1489,1138,15,2,3.7,30,8316.13,0,3,1,0,0.41,0,51,4,SaaS
user_legacy_1490,816,55,3,3.2,14,3510.19,1,2,6,2,0.14,0,63,3,E-commerce
user_legacy_1491,374,1,29,56.3,11,4107.93,0,3,8,2,0.57,0,52,4,Marketing
user_legacy_1492,1759,58,2,2.2,46,16553.73,0,4,4,1,0.49,0,24,7,Marketing
user_legacy_1493,1201,44,4,7.8,35,15609.58,0,2,3,0,0.4,0,45,5,SaaS
user_legacy_1494,735,10,24,63.6,14,5185.09,2,1,1,0,0.0,0,10,9,Marketing
user_legacy_1495,822,50,3,7.5,20,4057.63,0,3,4,2,0.41,0,7,9,Marketing
user_legacy_1496,974,24,4,8.6,25,2161.15,0,1,6,0,0.2,0,43,5,Education
user_legacy_1497,793,8,16,34.8,15,4831.62,0,3,4,4,0.48,0,56,4,Education
user_legacy_1498,1152,49,3,5.8,27,7456.43,0,0,2,0,0.2,0,39,6,Finance
user_legacy_1499,578,47,4,11.9,18,5531.09,1,0,2,0,0.0,0,66,3,Education
user_legacy_1500,391,39,4,5.2,7,1421.99,1,2,2,0,0.15,0,19,8,E-commerce
user_legacy_1501,812,22,3,2.2,17,6055.12,0,4,0,0,0.43,0,38,6,Finance
user_legacy_1502,1360,44,3,7.5,35,11020.9,0,0,4,2,0.15,0,66,3,SaaS
user_legacy_1503,1211,27,4,8.5,36,12765.82,0,3,3,2,0.24,0,38,6,Finance
user_legacy_1504,1069,35,4,8.6,30,2121.75,1,1,1,0,0.03,0,21,7,SaaS
user_legacy_1505,1037,32,4,5.2,19,3951.25,3,4,0,0,0.0,0,17,8,E-commerce
user_legacy_1506,527,54,3,2.5,8,646.1,0,3,0,0,0.42,0,77,2,SaaS
user_legacy_1507,996,13,5,9.8,30,5024.86,0,1,3,0,0.0,0,0,10,SaaS
user_legacy_1508,1136,58,3,1.9,36,13583.72,0,4,3,1,0.26,0,25,7,Marketing
user_legacy_1509,1306,10,19,26.1,33,3088.81,0,4,1,0,0.43,0,82,1,Marketing
user_legacy_1510,753,55,2,3.0,20,7082.47,0,2,5,2,0.34,0,0,10,SaaS
user_legacy_1511,1480,34,3,8.0,28,5509.51,0,3,1,0,0.34,0,36,6,Education
user_legacy_1512,1350,10,24,68.7,38,13836.17,1,2,1,0,0.4,0,32,6,Finance
user_legacy_1513,1249,37,4,9.3,20,3785.93,0,0,0,0,0.25,0,33,6,Marketing
user_legacy_1514,1399,15,1,2.3,45,6851.32,0,1,0,0,0.46,0,100,0,E-commerce
user_legacy_1515,1235,8,28,44.2,28,11566.23,0,0,3,0,0.85,0,45,5,Marketing
user_legacy_1516,689,25,1,0.6,21,9876.66,0,2,1,0,0.02,0,22,7,E-commerce
user_legacy_1517,1579,28,0,0.0,44,13220.68,0,6,0,0,0.31,0,35,6,SaaS
user_legacy_1518,1058,6,6,10.9,24,7127.37,0,2,2,0,0.55,0,71,2,Finance
user_legacy_1519,365,15,3,7.2,7,2474.5,3,2,5,0,0.29,0,51,4,Marketing
user_legacy_1520,1190,29,0,0.0,29,2657.27,1,0,2,0,0.11,0,51,4,Marketing
user_legacy_1521,1195,37,2,5.1,29,4137.22,0,2,0,0,0.05,0,61,3,Finance
user_legacy_1522,881,33,1,1.4,20,8480.25,1,0,2,0,0.54,0,38,6,E-commerce
user_legacy_1523,1061,1,19,37.1,26,10788.93,0,6,0,0,0.58,0,49,5,Finance
user_legacy_1524,424,59,4,2.2,9,3239.71,0,3,4,0,0.27,0,32,6,Finance
user_legacy_1525,1130,48,0,0.0,18,5928.61,0,4,1,0,0.23,0,14,8,Finance
user_legacy_1526,1156,4,16,38.0,19,8005.01,1,4,4,0,0.36,0,3,9,Education
user_legacy_1527,775,44,0,0.0,21,1599.83,0,2,5,2,0.18,0,63,3,Finance
user_legacy_1528,906,59,0,0.0,28,12423.2,1,1,1,0,0.15,0,15,8,Education
user_legacy_1529,1146,34,0,0.0,25,2535.04,0,0,5,1,0.41,0,28,7,Education
user_legacy_1530,1441,40,2,1.3,47,19579.68,0,0,3,1,0.44,0,40,6,E-commerce
user_legacy_1531,1505,33,0,0.0,25,8453.12,1,3,4,3,0.46,0,28,7,Finance
user_legacy_1532,1313,0,10,15.0,30,7497.53,0,0,1,0,0.26,0,76,2,Finance
user_legacy_1533,860,34,2,3.1,25,3686.4,1,1,2,0,0.14,0,49,5,Marketing
user_legacy_1534,1026,20,1,3.0,18,3409.23,0,0,0,0,0.45,0,0,10,Education
user_legacy_1535,1266,53,0,0.0,29,13119.0,0,2,2,0,0.02,0,25,7,SaaS
user_legacy_1536,891,0,12,23.3,17,943.88,0,1,7,1,0.47,0,35,6,Education
user_legacy_1537,1257,32,0,0.0,33,6134.91,1,0,2,0,0.15,0,43,5,Finance
user_legacy_1538,1033,59,2,1.8,26,1928.87,0,1,4,0,0.47,0,55,4,Marketing
user_legacy_1539,1304,18,1,2.3,25,5074.5,0,1,3,1,0.14,0,42,5,Marketing
user_legacy_1540,1140,49,3,4.2,19,2424.18,0,0,1,0,0.25,0,25,7,E-commerce
user_legacy_1541,919,24,2,1.2,15,6584.74,0,0,4,1,0.47,0,14,8,Finance
user_legacy_1542,824,19,3,7.4,23,5149.09,1,0,5,2,0.31,0,52,4,Finance
user_legacy_1543,923,37,3,7.6,23,3047.46,1,3,1,0,0.0,0,30,7,SaaS
user_legacy_1544,1133,33,0,0.0,27,5927.62,0,2,3,1,0.14,0,9,9,Marketing
user_legacy_1545,1465,22,4,5.1,27,9907.09,0,4,2,0,0.0,0,77,2,Finance
user_legacy_1546,799,58,0,0.0,18,8747.61,1,1,5,1,0.54,0,70,3,Education
user_legacy_1547,1268,49,4,10.9,40,17114.24,1,6,1,0,0.1,0,59,4,Finance
user_legacy_1548,1055,15,0,0.0,20,8983.9,0,3,1,0,0.28,0,82,1,Education
user_legacy_1549,887,51,2,1.8,22,7581.15,2,3,3,1,0.56,0,54,4,Education
user_legacy_1550,1109,58,1,1.7,19,4275.95,0,3,3,1,0.43,0,23,7,Finance
user_legacy_1551,1214,22,3,4.9,21,9827.76,0,1,3,1,0.49,0,0,10,Marketing
user_legacy_1552,1196,34,4,11.3,33,6233.76,1,1,2,0,0.43,0,26,7,Marketing
user_legacy_1553,1450,10,24,12.8,41,17034.89,0,1,5,0,0.04,0,63,3,E-commerce
user_legacy_1554,986,33,2,5.6,20,2331.76,0,1,4,1,0.47,0,20,8,Education
user_legacy_1555,1737,29,3,7.6,52,14349.22,2,1,5,0,0.25,0,10,9,Finance
user_legacy_1556,1115,13,27,77.0,21,8520.58,0,3,1,0,0.0,0,60,4,SaaS
user_legacy_1557,1614,29,2,5.3,29,10334.31,1,0,0,0,0.48,0,39,6,Education
user_legacy_1558,799,42,3,4.1,21,2404.56,0,1,2,0,0.47,0,54,4,E-commerce
user_legacy_1559,1266,2,22,55.5,31,7420.99,0,0,3,1,0.53,0,27,7,Marketing
user_legacy_1560,867,41,0,0.0,14,4415.0,1,1,2,0,0.33,0,68,3,SaaS
user_legacy_1561,541,46,0,0.0,12,3036.32,1,3,2,0,0.37,0,15,8,Finance
user_legacy_1562,520,31,0,0.0,10,2096.94,0,0,8,0,0.47,0,41,5,Education
user_legacy_1563,1038,20,3,8.1,19,4384.8,0,3,2,0,0.45,0,13,8,Finance
user_legacy_1564,1341,36,4,2.0,26,6777.24,0,0,3,0,0.27,0,100,0,E-commerce
user_legacy_1565,964,59,1,2.0,28,9024.55,0,2,2,0,0.5,0,54,4,E-commerce
user_legacy_1566,703,28,0,0.0,13,5894.33,0,0,0,0,0.28,0,75,2,Finance
user_legacy_1567,870,33,2,1.5,15,1054.7,0,3,2,0,0.38,0,61,3,Marketing
user_legacy_1568,462,50,0,0.0,12,1066.88,1,1,2,0,0.68,0,0,10,Marketing
user_legacy_1569,902,27,0,0.0,19,5892.52,1,2,3,0,0.31,0,80,2,Finance
user_legacy_1570,785,41,3,7.5,20,1321.59,1,4,4,2,0.25,0,37,6,SaaS
user_legacy_1571,658,2,12,20.4,13,5492.42,2,6,0,0,0.1,0,12,8,Education
user_legacy_1572,1271,38,2,4.8,28,12844.17,0,2,3,1,0.7,0,0,10,SaaS
user_legacy_1573,1181,50,1,1.7,28,3104.93,0,2,2,0,0.05,0,33,6,SaaS
user_legacy_1574,1223,57,0,0.0,31,3208.9,0,1,1,0,0.41,0,40,6,Marketing
user_legacy_1575,662,26,1,2.8,17,5229.8,1,1,7,1,0.41,0,6,9,E-commerce
user_legacy_1576,1394,29,3,7.0,38,13584.28,0,2,3,0,0.16,0,15,8,Finance
user_legacy_1577,761,36,0,0.0,21,7488.59,0,0,4,0,0.16,0,20,8,Marketing
user_legacy_1578,984,46,2,4.9,21,8147.55,0,0,0,0,0.48,0,0,10,Marketing
user_legacy_1579,1440,19,4,5.9,44,13455.76,1,1,0,0,0.52,0,79,2,Finance
user_legacy_1580,1344,43,4,6.7,31,13974.82,1,0,2,0,0.32,0,24,7,E-commerce
user_legacy_1581,1480,20,4,7.6,30,6756.55,1,2,7,1,0.17,0,50,5,SaaS
user_legacy_1582,820,15,1,1.9,26,6993.73,1,2,1,0,0.17,0,48,5,Education
user_legacy_1583,1319,18,3,5.7,34,13734.25,1,3,2,0,0.11,0,68,3,Education
user_legacy_1584,1512,54,1,2.2,27,6032.37,1,3,6,1,0.38,0,35,6,E-commerce
user_legacy_1585,1117,33,4,6.3,20,7514.93,0,0,3,0,0.45,0,8,9,Marketing
user_legacy_1586,1002,52,3,3.5,23,5864.03,0,1,0,0,0.04,0,36,6,Marketing
user_legacy_1587,1297,55,1,2.6,36,3696.85,0,0,1,0,0.55,0,0,10,Education
user_legacy_1588,1304,59,1,2.8,29,6208.61,0,2,0,0,0.59,0,57,4,Finance
user_legacy_1589,1123,3,8,8.2,19,6622.21,0,4,3,0,0.23,0,27,7,Marketing
user_legacy_1590,1331,35,2,1.1,25,11244.24,0,3,2,0,0.19,0,44,5,SaaS
user_legacy_1591,756,6,11,6.1,16,5671.29,0,3,3,1,0.03,0,64,3,Finance
user_legacy_1592,1168,46,0,0.0,31,12190.17,2,1,3,2,0.2,0,16,8,SaaS
user_legacy_1593,1072,3,10,20.9,21,9318.53,0,1,0,0,0.76,0,75,2,SaaS
user_legacy_1594,710,47,0,0.0,21,4033.45,1,1,0,0,0.14,0,47,5,E-commerce
user_legacy_1595,827,16,4,10.6,14,1590.84,0,4,4,2,0.3,0,19,8,E-commerce
user_legacy_1596,637,9,22,19.9,18,4259.09,0,0,1,0,0.37,0,4,9,Education
user_legacy_1597,913,27,2,3.3,15,6791.42,0,0,2,0,0.17,0,75,2,Finance
user_legacy_1598,1299,15,4,5.0,26,9768.13,0,2,0,0,0.28,0,38,6,SaaS
user_legacy_1599,1045,5,6,5.8,30,8049.66,0,6,2,0,0.35,0,25,7,SaaS
user_legacy_1600,882,51,2,5.1,18,8407.68,0,0,2,0,0.0,0,62,3,E-commerce
user_legacy_1601,1009,9,11,12.1,29,8124.41,1,2,0,0,0.09,0,0,10,SaaS
user_legacy_1602,650,17,0,0.0,14,3032.64,0,0,4,0,0.83,0,83,1,Finance
user_legacy_1603,1120,35,1,2.9,33,2885.92,0,3,4,2,0.43,0,93,0,SaaS
user_legacy_1604,1326,48,0,0.0,41,11250.06,1,3,5,1,0.36,0,3,9,Marketing
user_legacy_1605,1129,45,0,0.0,22,2752.61,0,3,0,0,0.38,0,17,8,Marketing
user_legacy_1606,1150,31,1,0.6,32,12126.98,0,0,6,1,0.08,0,23,7,E-commerce
user_legacy_1607,828,19,2,5.6,15,3805.01,0,0,3,0,0.7,0,11,8,Education
user_legacy_1608,1236,49,3,4.5,36,10476.94,1,1,4,0,0.43,0,60,4,Marketing
user_legacy_1609,438,32,1,1.7,10,3417.89,0,3,2,0,0.03,0,59,4,Education
user_legacy_1610,845,36,2,2.8,17,4126.39,1,2,2,0,0.22,0,5,9,E-commerce
user_legacy_1611,1274,50,2,5.9,40,15268.09,0,5,2,0,0.7,0,19,8,Marketing
user_legacy_1612,976,45,2,2.4,28,8521.55,0,1,3,2,0.2,0,36,6,Education
user_legacy_1613,568,28,4,10.2,15,6645.91,0,0,2,0,0.69,0,19,8,Finance
user_legacy_1614,1003,5,9,11.2,26,2541.99,2,0,4,1,0.51,0,0,10,Marketing
user_legacy_1615,1138,51,3,7.5,36,15566.66,0,5,2,0,0.38,0,29,7,Education
user_legacy_1616,999,56,1,1.2,29,12162.27,0,0,0,0,0.0,0,52,4,SaaS
user_legacy_1617,915,36,1,1.7,22,3476.08,1,2,1,0,0.76,0,63,3,Marketing
user_legacy_1618,637,51,1,2.4,20,5679.04,0,3,0,0,0.62,0,69,3,SaaS
user_legacy_1619,408,30,0,0.0,11,1298.11,1,0,1,0,0.55,0,50,5,SaaS
user_legacy_1620,631,44,4,9.0,13,2672.44,0,2,1,0,0.34,0,25,7,E-commerce
user_legacy_1621,568,16,4,7.2,12,2246.42,0,1,3,1,0.47,0,6,9,SaaS
user_legacy_1622,1447,19,1,0.6,29,3083.41,1,2,2,0,0.0,0,50,5,Finance
user_legacy_1623,1171,55,0,0.0,34,10185.62,0,2,2,0,0.29,0,100,0,E-commerce
user_legacy_1624,1026,54,4,8.5,17,4488.81,0,0,0,0,0.0,0,57,4,E-commerce
user_legacy_1625,772,24,2,2.6,21,7725.74,0,1,5,0,0.09,0,42,5,Marketing
user_legacy_1626,1300,32,1,1.0,24,5131.13,0,3,2,0,0.22,0,46,5,Finance
user_legacy_1627,1503,36,1,1.0,28,12138.38,1,2,2,0,0.52,0,9,9,Education
user_legacy_1628,729,8,20,51.0,12,5237.73,1,3,2,0,0.38,0,87,1,Education
user_legacy_1629,1107,37,1,2.5,24,10647.29,0,4,1,0,0.04,0,69,3,SaaS
user_legacy_1630,787,58,2,2.3,14,3238.88,0,2,5,0,0.44,0,39,6,E-commerce
user_legacy_1631,1057,21,2,4.2,28,6759.24,0,1,3,1,0.18,0,42,5,Finance
user_legacy_1632,890,1,10,10.7,25,1639.1,0,1,0,0,0.0,0,70,3,Education
user_legacy_1633,809,24,4,7.2,22,7635.56,1,2,1,0,0.0,0,49,5,E-commerce
user_legacy_1634,643,25,0,0.0,11,2960.35,0,0,3,1,0.46,0,0,10,Finance
user_legacy_1635,1110,9,27,65.1,36,4553.23,0,1,2,0,0.44,0,62,3,Education
user_legacy_1636,1165,54,3,7.3,35,8260.7,0,1,1,0,0.33,0,39,6,SaaS
user_legacy_1637,1453,24,0,0.0,29,8175.59,0,0,4,0,0.46,0,1,9,Finance
user_legacy_1638,629,27,0,0.0,11,674.55,0,3,5,0,0.19,0,14,8,SaaS
user_legacy_1639,898,29,1,1.9,20,4506.49,0,3,3,2,0.36,0,97,0,E-commerce
user_legacy_1640,1156,10,10,15.4,26,9971.27,0,3,4,2,0.24,0,41,5,Marketing
user_legacy_1641,483,58,1,1.1,8,3468.26,0,2,4,0,0.27,0,43,5,Marketing
user_legacy_1642,1195,23,4,7.6,25,12453.35,0,0,3,0,0.35,0,29,7,Education
user_legacy_1643,709,29,4,9.1,16,6206.48,0,5,3,0,0.37,0,18,8,Marketing
user_legacy_1644,833,54,0,0.0,17,4489.82,0,2,4,1,0.67,0,70,3,Finance
user_legacy_1645,884,38,0,0.0,18,7158.63,0,2,6,1,0.41,0,91,0,E-commerce
user_legacy_1646,1282,52,0,0.0,33,7730.53,0,1,0,0,0.07,0,0,10,Marketing
user_legacy_1647,1197,20,4,3.0,21,1746.9,1,0,3,0,0.52,0,37,6,Finance
user_legacy_1648,838,50,0,0.0,23,6569.91,0,2,3,2,0.22,0,56,4,Education
user_legacy_1649,859,25,2,4.6,25,5026.47,1,1,7,0,0.36,0,17,8,Education
user_legacy_1650,795,42,4,6.2,25,1569.49,1,0,2,0,0.39,0,44,5,Finance
user_legacy_1651,835,24,3,3.1,22,3690.86,0,1,0,0,0.11,0,33,6,Finance
user_legacy_1652,1193,25,1,0.7,25,11415.7,0,1,3,0,0.4,0,68,3,E-commerce
user_legacy_1653,1248,27,0,0.0,27,2381.69,1,1,1,0,0.12,0,38,6,Education
user_legacy_1654,1519,41,2,3.4,47,16437.21,1,2,5,3,0.17,0,39,6,Marketing
user_legacy_1655,1550,50,3,7.8,31,7892.8,0,1,0,0,0.0,0,22,7,Marketing
user_legacy_1656,812,49,3,5.1,21,1170.08,0,2,7,1,0.0,0,72,2,SaaS
user_legacy_1657,625,50,2,4.2,14,6184.1,0,0,3,1,0.31,0,11,8,Education
user_legacy_1658,928,30,4,3.7,29,11305.7,1,0,2,0,0.06,0,40,6,Finance
user_legacy_1659,1116,24,0,0.0,29,9443.78,0,0,1,0,0.0,0,38,6,Marketing
user_legacy_1660,1368,27,1,2.1,29,3064.2,1,11,6,1,0.44,0,40,6,Finance
user_legacy_1661,792,56,4,11.0,23,1535.48,0,3,1,0,0.11,0,0,10,Finance
user_legacy_1662,699,11,23,13.4,18,6448.45,2,1,1,0,0.55,0,0,10,SaaS
user_legacy_1663,893,23,0,0.0,16,6799.03,0,1,1,0,0.18,0,30,7,Education
user_legacy_1664,760,29,2,1.3,21,5046.61,0,0,3,0,0.27,0,56,4,E-commerce
user_legacy_1665,754,6,6,12.8,17,5162.91,0,0,2,0,0.35,0,44,5,Finance
user_legacy_1666,1158,28,4,7.0,19,1996.64,0,1,2,0,0.0,0,51,4,Finance
user_legacy_1667,884,30,3,6.5,20,7137.3,0,2,5,2,0.26,0,83,1,Marketing
user_legacy_1668,963,18,4,3.0,16,6517.91,0,0,1,0,0.38,0,59,4,SaaS
user_legacy_1669,1023,12,10,23.0,23,1609.41,2,1,1,0,0.46,0,38,6,SaaS
user_legacy_1670,803,0,9,7.4,19,5754.37,0,3,1,0,0.66,0,40,6,Marketing
user_legacy_1671,942,24,2,3.3,30,9564.57,0,1,5,1,0.54,0,22,7,E-commerce
user_legacy_1672,1511,42,3,5.6,25,2982.54,1,0,1,0,0.62,0,73,2,Finance
user_legacy_1673,843,29,3,3.4,25,8837.62,1,3,5,1,0.56,0,19,8,Finance
user_legacy_1674,1347,16,1,1.7,29,7132.28,1,5,0,0,0.23,0,51,4,E-commerce
user_legacy_1675,720,58,1,2.3,14,4667.27,0,2,0,0,0.55,0,3,9,E-commerce
user_legacy_1676,1259,50,2,5.1,22,7872.32,0,4,6,2,0.36,0,65,3,E-commerce
user_legacy_1677,1205,52,0,0.0,26,5660.72,1,2,6,2,0.27,0,31,6,Finance
user_legacy_1678,1024,18,0,0.0,17,3332.42,0,2,2,0,0.36,0,31,6,Education
user_legacy_1679,9,56,1,2.9,0,0.0,1,2,5,2,0.3,0,68,3,Finance
user_legacy_1680,799,12,11,6.7,22,4055.68,2,1,2,0,0.46,0,76,2,Education
user_legacy_1681,1771,13,18,30.6,40,16873.78,1,3,1,0,0.33,0,18,8,Marketing
user_legacy_1682,1167,51,4,6.1,25,3996.48,1,2,1,0,0.36,0,100,0,E-commerce
user_legacy_1683,588,35,3,4.6,13,5802.15,1,3,1,0,0.39,0,67,3,Finance
user_legacy_1684,683,51,1,1.4,21,7475.77,0,3,0,0,0.17,0,22,7,Finance
user_legacy_1685,1025,36,1,1.0,22,10605.89,0,3,4,2,0.21,0,20,8,Education
user_legacy_1686,850,42,4,3.9,23,3111.04,3,2,1,0,0.35,0,53,4,Finance
user_legacy_1687,854,49,1,1.5,15,7305.94,0,0,2,0,0.26,0,38,6,E-commerce
user_legacy_1688,1002,43,0,0.0,21,5156.22,0,0,5,0,0.08,0,0,10,E-commerce
user_legacy_1689,537,49,3,3.7,9,3325.85,0,0,4,2,0.34,0,36,6,Education
user_legacy_1690,536,35,3,5.9,8,3506.65,1,2,1,0,0.15,0,13,8,Education
user_legacy_1691,720,3,29,53.4,19,6855.86,0,1,1,0,0.0,0,85,1,SaaS
user_legacy_1692,1311,11,11,13.4,39,13575.64,1,2,4,0,0.41,0,27,7,E-commerce
user_legacy_1693,1131,21,3,7.0,19,8250.2,0,2,2,0,0.09,0,0,10,Marketing
user_legacy_1694,1205,59,0,0.0,34,11531.39,0,0,3,1,0.58,0,32,6,Education
user_legacy_1695,1041,7,10,27.9,31,14500.9,0,0,2,0,0.21,0,48,5,Marketing
user_legacy_1696,1202,43,1,1.0,37,11056.51,1,1,0,0,0.35,0,39,6,Education
user_legacy_1697,1212,58,4,11.1,23,4491.76,1,2,3,2,0.25,0,23,7,Marketing
user_legacy_1698,1276,50,1,2.8,32,5954.06,1,1,1,0,0.34,0,37,6,Finance
user_legacy_1699,717,35,4,7.5,16,6234.1,0,1,0,0,0.27,0,92,0,Finance
user_legacy_1700,708,8,29,50.4,15,5740.39,0,1,2,0,0.28,0,48,5,Education
user_legacy_1701,1047,29,1,1.2,19,8064.59,0,1,3,0,0.42,0,36,6,Education
user_legacy_1702,766,17,1,2.3,20,6790.1,1,1,1,0,0.3,0,14,8,Finance
user_legacy_1703,629,8,8,18.4,18,8741.77,0,0,5,0,0.41,0,45,5,Marketing
user_legacy_1704,1138,59,3,4.0,33,8038.2,1,0,1,0,0.42,0,31,6,SaaS
user_legacy_1705,758,33,2,1.5,16,2758.38,0,2,1,0,0.35,0,0,10,E-commerce
user_legacy_1706,808,46,3,5.2,25,7534.64,0,2,5,1,0.17,0,0,10,E-commerce
user_legacy_1707,1196,10,26,54.6,20,9833.53,1,0,5,0,0.18,0,0,10,SaaS
user_legacy_1708,1067,38,0,0.0,18,5924.55,0,1,0,0,0.05,0,90,1,Finance
user_legacy_1709,1392,23,0,0.0,38,12811.94,0,3,7,0,0.76,0,55,4,E-commerce
user_legacy_1710,1146,31,3,6.4,20,8099.52,0,1,0,0,0.57,0,72,2,Finance
user_legacy_1711,878,13,11,21.1,18,4111.81,3,2,1,0,0.23,0,45,5,E-commerce
user_legacy_1712,855,31,4,4.7,16,6327.42,0,1,2,0,0.56,0,61,3,Finance
user_legacy_1713,813,16,0,0.0,18,5626.12,0,2,4,4,0.52,0,100,0,E-commerce
user_legacy_1714,485,28,0,0.0,8,1751.08,1,0,0,0,0.13,0,11,8,E-commerce
user_legacy_1715,680,54,2,5.2,13,6051.25,0,1,0,0,0.45,0,0,10,SaaS
user_legacy_1716,1036,8,24,12.7,23,7652.51,0,2,1,0,0.07,0,26,7,Finance
user_legacy_1717,567,3,26,21.7,15,955.3,1,1,2,0,0.45,0,49,5,SaaS
user_legacy_1718,813,29,0,0.0,19,8061.08,0,0,5,0,0.33,0,96,0,E-commerce
user_legacy_1719,1316,51,4,11.2,21,4030.88,1,0,4,1,0.27,0,4,9,Education
user_legacy_1720,1104,37,2,1.5,18,2396.23,0,3,4,1,0.49,0,41,5,SaaS
user_legacy_1721,905,53,1,2.2,27,6186.34,0,2,3,2,0.0,0,70,3,E-commerce
user_legacy_1722,442,24,4,4.6,13,2566.93,0,1,3,1,0.0,0,29,7,Education
user_legacy_1723,642,30,2,1.1,18,2224.34,2,3,4,1,0.11,0,13,8,Education
user_legacy_1724,1188,34,3,2.9,24,9931.54,0,1,5,1,0.41,0,81,1,E-commerce
user_legacy_1725,556,26,0,0.0,13,2436.15,1,1,5,2,0.37,0,48,5,Marketing
user_legacy_1726,1180,42,1,3.0,29,5708.82,1,1,2,0,0.52,0,35,6,Finance
user_legacy_1727,1262,17,0,0.0,27,5327.11,0,3,0,0,0.33,0,34,6,Marketing
user_legacy_1728,663,53,2,6.0,11,3263.64,1,3,5,3,0.2,0,77,2,Marketing
user_legacy_1729,846,15,3,4.7,24,6216.96,0,0,7,0,0.39,0,24,7,Marketing
user_legacy_1730,930,26,0,0.0,23,10351.01,0,1,0,0,0.48,0,45,5,SaaS
user_legacy_1731,1287,38,2,1.7,25,10818.65,0,1,2,0,0.05,0,30,7,Marketing
user_legacy_1732,1107,43,4,6.3,32,7803.26,0,3,5,1,0.45,0,45,5,SaaS
user_legacy_1733,509,36,1,1.2,14,4880.95,0,0,3,0,0.28,0,11,8,SaaS
user_legacy_1734,1580,53,1,1.4,46,6792.3,1,1,4,0,0.25,0,43,5,Finance
user_legacy_1735,687,57,4,4.7,20,6423.53,1,4,2,0,0.28,0,0,10,Education
user_legacy_1736,820,41,2,4.5,15,3695.66,1,3,2,0,0.6,0,68,3,Education
user_legacy_1737,1268,43,0,0.0,26,12711.27,1,4,3,0,0.37,0,36,6,Finance
user_legacy_1738,1244,26,2,6.0,20,6326.27,0,0,1,0,0.39,0,20,8,SaaS
user_legacy_1739,1212,12,24,53.0,31,8075.14,0,3,3,0,0.49,0,54,4,SaaS
user_legacy_1740,1028,18,2,3.5,20,8554.75,0,2,7,2,0.27,0,0,10,Finance
user_legacy_1741,1086,53,1,2.0,28,2905.18,0,2,1,0,0.7,0,0,10,SaaS
user_legacy_1742,1554,27,0,0.0,32,2351.31,0,5,2,0,0.33,0,75,2,Education
user_legacy_1743,958,34,3,8.3,27,8628.04,0,0,3,2,0.12,0,27,7,SaaS
user_legacy_1744,591,38,1,2.3,12,4048.9,0,2,3,1,0.21,0,0,10,Marketing
user_legacy_1745,602,31,2,1.8,17,1913.58,0,1,5,1,0.39,0,23,7,Education
user_legacy_1746,763,24,2,4.0,21,4132.31,0,0,0,0,0.21,0,94,0,Finance
user_legacy_1747,923,23,4,11.4,25,10019.53,0,0,1,0,0.0,0,65,3,Education
user_legacy_1748,877,17,3,2.9,24,11104.79,0,0,4,2,0.12,0,65,3,Marketing
user_legacy_1749,1414,23,4,10.9,24,3649.15,1,1,5,3,0.49,0,58,4,SaaS
user_legacy_1750,1009,11,21,31.9,24,6747.29,0,2,1,0,0.18,0,42,5,Education
user_legacy_1751,910,24,0,0.0,29,4579.23,1,0,2,0,0.67,0,46,5,Education
user_legacy_1752,1228,31,0,0.0,33,15184.94,0,3,2,0,0.59,0,100,0,Finance
user_legacy_1753,951,16,1,2.7,30,11989.93,0,1,0,0,0.38,0,55,4,E-commerce
user_legacy_1754,924,17,2,5.7,27,1422.95,1,1,1,0,0.15,0,34,6,Finance
user_legacy_1755,1046,36,3,2.6,27,7276.04,0,0,5,0,0.29,0,57,4,Education
user_legacy_1756,648,13,11,7.9,17,5098.74,1,1,2,0,0.37,0,35,6,Finance
user_legacy_1757,607,27,4,9.3,15,977.33,1,0,3,1,0.16,0,47,5,Marketing
user_legacy_1758,1492,30,3,2.4,40,8311.71,0,1,0,0,0.28,0,10,9,E-commerce
user_legacy_1759,1223,12,29,81.3,37,9145.93,0,2,6,1,0.18,0,14,8,Finance
user_legacy_1760,1397,41,1,1.0,42,13925.91,0,1,0,0,0.14,0,3,9,SaaS
user_legacy_1761,1293,44,0,0.0,23,5725.7,0,2,5,0,0.45,0,21,7,Marketing
user_legacy_1762,1131,56,0,0.0,33,6251.09,1,1,4,1,0.26,0,0,10,Finance
user_legacy_1763,544,37,0,0.0,17,2032.77,1,3,3,1,0.0,0,41,5,Marketing
user_legacy_1764,980,10,26,30.9,22,10832.92,2,0,3,0,0.1,0,78,2,Marketing
user_legacy_1765,1083,23,4,2.3,35,10277.47,0,0,0,0,0.35,0,98,0,E-commerce
user_legacy_1766,668,20,3,5.9,20,1695.4,0,3,0,0,0.37,0,98,0,Education
user_legacy_1767,1551,36,0,0.0,29,9826.96,0,1,1,0,0.13,0,76,2,SaaS
user_legacy_1768,1191,32,2,2.5,28,10743.69,0,1,3,0,0.22,0,18,8,Education
user_legacy_1769,837,7,10,16.3,15,2798.85,0,0,5,0,0.41,0,42,5,Finance
user_legacy_1770,716,25,4,5.1,12,2790.28,0,0,2,0,0.29,0,32,6,SaaS
user_legacy_1771,1519,46,1,1.9,32,9153.98,0,3,1,0,0.18,0,58,4,SaaS
user_legacy_1772,1455,32,4,12.0,29,8973.79,2,2,4,0,0.18,0,50,5,Education
user_legacy_1773,973,52,2,5.3,23,2567.18,1,1,1,0,0.27,0,61,3,E-commerce
user_legacy_1774,1422,29,1,1.1,37,9190.59,0,0,4,1,0.3,0,57,4,Marketing
user_legacy_1775,910,36,2,2.5,15,1594.88,1,3,1,0,0.19,0,11,8,E-commerce
user_legacy_1776,1340,52,2,5.9,22,7172.77,0,1,2,0,0.0,0,58,4,Marketing
user_legacy_1777,697,38,1,1.3,13,5865.47,0,7,5,2,0.3,0,15,8,Marketing
user_legacy_1778,904,2,23,33.5,26,5920.03,0,0,5,0,0.3,0,75,2,E-commerce
user_legacy_1779,472,5,9,14.2,10,4322.0,1,3,3,0,0.0,0,31,6,E-commerce
user_legacy_1780,794,6,28,61.3,16,7673.5,2,2,0,0,0.39,0,18,8,Finance
user_legacy_1781,1197,5,24,41.7,23,5691.66,2,2,5,1,0.29,0,35,6,SaaS
user_legacy_1782,575,33,2,1.4,15,5096.11,0,1,0,0,0.18,0,12,8,Finance
user_legacy_1783,1354,15,3,4.2,29,12833.02,0,3,4,0,0.12,0,52,4,E-commerce
user_legacy_1784,1290,16,1,2.1,38,11429.94,0,2,2,0,0.64,0,0,10,Education
user_legacy_1785,1217,18,0,0.0,33,10316.47,0,0,3,1,0.13,0,19,8,Marketing
user_legacy_1786,1599,21,0,0.0,28,3964.98,0,0,1,0,0.13,0,17,8,SaaS
user_legacy_1787,1194,4,29,27.3,36,10161.58,1,1,0,0,0.43,0,62,3,E-commerce
user_legacy_1788,480,8,5,14.3,14,6598.56,1,1,2,0,0.17,0,0,10,Marketing
user_legacy_1789,1206,56,1,1.9,33,13303.16,0,1,3,0,0.47,0,44,5,Finance
user_legacy_1790,718,18,4,10.2,20,4423.07,0,1,1,0,0.0,0,14,8,SaaS
user_legacy_1791,972,23,1,1.1,27,2811.21,0,5,3,1,0.01,0,0,10,Marketing
user_legacy_1792,676,39,4,2.5,11,3200.46,1,2,1,0,0.31,0,29,7,E-commerce
user_legacy_1793,1203,6,17,11.4,37,3039.82,0,2,1,0,0.17,0,50,5,E-commerce
user_legacy_1794,1195,13,23,42.1,37,9034.33,1,1,2,0,0.31,0,42,5,Marketing
user_legacy_1795,975,50,2,2.1,18,3463.65,1,3,2,0,0.24,0,44,5,E-commerce
user_legacy_1796,1079,26,0,0.0,26,6263.73,0,1,5,2,0.22,0,51,4,SaaS
user_legacy_1797,1311,5,22,40.2,33,12777.5,1,3,1,0,0.22,0,38,6,Marketing
user_legacy_1798,845,58,1,1.6,15,5970.72,0,1,2,0,0.23,0,5,9,Marketing
user_legacy_1799,1040,48,2,4.0,31,3810.35,1,1,3,1,0.22,0,16,8,Education
user_legacy_1800,706,59,2,5.9,17,2848.4,0,0,3,0,0.55,0,72,2,Marketing
user_legacy_1801,1071,23,3,5.7,19,2076.97,0,1,3,2,0.23,0,28,7,E-commerce
user_legacy_1802,841,45,0,0.0,17,1290.97,1,1,0,0,0.37,0,35,6,SaaS
user_legacy_1803,1077,40,1,1.9,29,4631.42,0,4,5,0,0.21,0,86,1,E-commerce
user_legacy_1804,1285,41,4,7.8,22,5751.12,0,3,6,2,0.04,0,36,6,SaaS
user_legacy_1805,1523,50,2,4.4,37,3426.64,1,4,2,0,0.41,0,21,7,E-commerce
user_legacy_1806,1597,54,2,1.4,44,4100.23,0,0,1,0,0.27,0,100,0,Marketing
user_legacy_1807,1207,55,2,2.8,27,1565.51,0,0,2,0,0.41,0,82,1,Marketing
user_legacy_1808,908,24,2,3.4,28,2810.98,0,3,5,2,0.18,0,0,10,SaaS
user_legacy_1809,1038,30,3,8.4,31,5147.94,0,1,3,0,0.51,0,65,3,Finance
user_legacy_1810,1416,23,3,4.2,32,6655.63,0,3,1,0,0.41,0,83,1,SaaS
user_legacy_1811,1222,1,12,15.5,32,10246.45,1,2,2,0,0.0,0,14,8,Education
user_legacy_1812,1204,41,3,4.8,25,11492.21,0,0,5,2,0.25,0,79,2,Finance
user_legacy_1813,963,41,2,2.5,26,7328.46,0,1,1,0,0.0,0,0,10,E-commerce
user_legacy_1814,1039,5,7,10.6,19,7158.75,0,3,1,0,0.78,0,36,6,Education
user_legacy_1815,1158,32,0,0.0,22,8112.37,0,4,1,0,0.32,0,79,2,Education
user_legacy_1816,631,37,0,0.0,17,1159.11,0,5,3,1,0.48,0,33,6,SaaS
user_legacy_1817,1160,36,2,2.3,19,8438.41,0,2,3,0,0.17,0,22,7,SaaS
user_legacy_1818,1206,47,3,5.2,28,4823.24,0,5,2,0,0.18,0,68,3,Education
user_legacy_1819,1051,8,26,25.0,27,12443.04,0,0,3,1,0.32,0,64,3,Marketing
user_legacy_1820,769,42,4,9.1,19,4950.54,1,3,0,0,0.42,0,51,4,Marketing
user_legacy_1821,860,55,0,0.0,19,4116.75,0,1,2,0,0.41,0,67,3,E-commerce
user_legacy_1822,869,49,4,6.1,25,11700.78,0,5,3,0,0.09,0,28,7,SaaS
user_legacy_1823,524,59,0,0.0,15,1261.42,0,4,1,0,0.14,0,2,9,E-commerce
user_legacy_1824,1330,16,0,0.0,37,4232.17,0,2,0,0,0.0,0,52,4,SaaS
user_legacy_1825,614,38,1,0.9,16,1091.54,0,5,2,0,0.22,0,72,2,Finance
user_legacy_1826,1040,58,4,8.9,31,11630.15,0,5,1,0,0.12,0,92,0,Finance
user_legacy_1827,1008,50,4,9.0,26,8689.75,1,0,7,0,0.41,0,29,7,Marketing
user_legacy_1828,823,16,0,0.0,14,1413.37,0,3,5,1,0.44,0,53,4,Marketing
user_legacy_1829,986,35,3,4.8,30,8923.36,1,2,0,0,0.38,0,2,9,Marketing
user_legacy_1830,1072,30,3,8.8,29,4211.85,0,2,4,2,0.37,0,100,0,Marketing
user_legacy_1831,1002,9,13,31.2,21,1341.87,0,1,0,0,0.24,0,59,4,Education
user_legacy_1832,1205,23,4,8.0,20,1509.02,0,5,1,0,0.13,0,20,8,Finance
user_legacy_1833,682,22,4,4.4,14,6322.84,0,2,1,0,0.54,0,63,3,Marketing
user_legacy_1834,1106,59,3,3.5,27,3477.95,1,1,0,0,0.43,0,28,7,Marketing
user_legacy_1835,891,54,3,6.6,14,5936.97,0,4,3,1,0.59,0,32,6,Education
user_legacy_1836,1298,59,3,5.6,28,9906.46,0,1,0,0,0.0,0,25,7,SaaS
user_legacy_1837,1612,26,2,1.4,45,7356.52,0,3,2,0,0.44,0,51,4,E-commerce
user_legacy_1838,1355,57,0,0.0,29,10947.1,0,2,1,0,0.27,0,39,6,E-commerce
user_legacy_1839,739,59,1,1.3,15,3904.49,0,4,0,0,0.26,0,17,8,E-commerce
user_legacy_1840,1004,4,15,41.3,18,8011.13,0,4,2,0,0.09,0,29,7,Education
user_legacy_1841,925,56,4,10.4,26,12202.01,0,0,1,0,0.3,0,54,4,Education
user_legacy_1842,807,3,23,14.7,24,10305.09,1,2,4,2,0.16,0,41,5,Marketing
user_legacy_1843,953,58,2,3.9,17,4128.08,0,2,2,0,0.83,0,69,3,Finance
user_legacy_1844,949,25,4,5.2,15,4442.41,0,3,3,2,0.5,0,62,3,Education
user_legacy_1845,800,23,1,1.0,15,3102.56,0,0,1,0,0.56,0,22,7,Finance
user_legacy_1846,1041,33,0,0.0,26,9244.17,0,0,3,4,0.28,0,66,3,Finance
user_legacy_1847,1284,28,3,5.4,34,11803.13,1,4,2,0,0.03,0,57,4,E-commerce
user_legacy_1848,1366,38,2,4.3,34,7440.42,1,2,1,0,0.13,0,60,4,Finance
user_legacy_1849,1077,45,1,2.6,32,15992.66,0,2,3,1,0.26,0,48,5,Education
user_legacy_1850,1291,55,4,3.2,25,6814.13,1,0,6,1,0.75,0,84,1,Finance
user_legacy_1851,729,8,13,35.6,17,6931.61,1,6,5,0,0.52,0,37,6,Marketing
user_legacy_1852,1002,43,4,10.4,28,12828.5,0,3,3,2,0.38,0,38,6,SaaS
user_legacy_1853,1342,34,4,7.4,31,12344.79,2,0,6,0,0.35,0,0,10,SaaS
user_legacy_1854,1099,31,0,0.0,25,3113.94,0,1,4,1,0.58,0,86,1,Marketing
user_legacy_1855,817,38,2,3.3,24,9184.63,1,1,1,0,0.63,0,39,6,Education
user_legacy_1856,1432,57,2,1.6,31,12852.88,1,2,1,0,0.29,0,4,9,Finance
user_legacy_1857,392,49,0,0.0,9,3582.76,0,3,2,0,0.2,0,0,10,SaaS
user_legacy_1858,799,38,4,8.6,23,8090.73,3,2,6,0,0.05,0,18,8,Finance
user_legacy_1859,1295,18,4,10.0,23,5254.02,2,2,2,0,0.51,0,46,5,Education
user_legacy_1860,1162,5,13,38.4,24,2551.02,1,0,2,0,0.19,0,32,6,Education
user_legacy_1861,212,20,0,0.0,4,1417.63,0,0,4,0,0.78,0,89,1,Marketing
user_legacy_1862,958,41,0,0.0,20,4704.82,0,6,1,0,0.41,0,18,8,Marketing
user_legacy_1863,1739,53,2,3.1,30,8046.73,0,2,0,0,0.0,0,23,7,E-commerce
user_legacy_1864,1139,3,12,8.1,28,13534.23,1,3,2,0,0.34,0,51,4,Education
user_legacy_1865,1330,36,3,2.4,41,12799.56,0,1,3,1,0.65,0,40,6,Finance
user_legacy_1866,840,23,3,5.0,17,3134.41,0,1,4,1,0.21,0,100,0,Education
user_legacy_1867,1096,25,3,4.3,30,3904.99,0,3,3,0,0.18,0,20,8,SaaS
user_legacy_1868,1437,18,3,4.7,31,3511.06,0,2,2,0,0.34,0,0,10,Marketing
user_legacy_1869,1346,25,3,8.8,22,10845.6,1,0,3,2,0.22,0,9,9,Finance
user_legacy_1870,848,21,3,6.7,20,5778.78,3,1,1,0,0.38,0,47,5,Finance
user_legacy_1871,902,15,1,2.9,21,6577.27,2,0,0,0,0.24,0,14,8,E-commerce
user_legacy_1872,816,30,1,2.2,13,6385.84,0,1,5,1,0.45,0,94,0,SaaS
user_legacy_1873,708,5,24,25.3,12,5367.04,0,1,0,0,0.16,0,34,6,E-commerce
user_legacy_1874,716,50,2,5.8,21,5602.72,1,2,0,0,0.52,0,28,7,Finance
user_legacy_1875,466,54,3,3.6,11,2718.88,0,0,3,3,0.38,0,59,4,Education
user_legacy_1876,1508,30,2,1.5,38,3761.59,0,1,2,0,0.15,0,50,5,SaaS
user_legacy_1877,899,28,1,1.3,27,12240.0,0,0,3,1,0.18,0,97,0,Marketing
user_legacy_1878,890,43,2,2.7,24,11496.88,0,0,1,0,0.32,0,37,6,Education
user_legacy_1879,1489,24,1,3.0,29,14147.85,0,3,1,0,0.38,0,16,8,Education
user_legacy_1880,1064,50,3,3.1,26,11121.97,0,1,5,0,0.0,0,16,8,Marketing
user_legacy_1881,1021,17,3,5.3,26,3401.33,0,3,4,1,0.35,0,30,7,Finance
user_legacy_1882,1158,55,0,0.0,29,11731.45,1,0,3,0,0.32,0,56,4,Education
user_legacy_1883,1307,41,4,8.4,39,8439.32,1,1,3,2,0.52,0,2,9,Education
user_legacy_1884,665,58,3,6.3,13,5202.12,1,3,4,2,0.45,0,37,6,Finance
user_legacy_1885,797,28,4,3.3,24,5719.07,0,1,2,0,0.11,0,0,10,Education
user_legacy_1886,848,48,4,4.7,25,8424.14,0,1,2,0,0.25,0,39,6,Education
user_legacy_1887,1614,54,4,7.0,48,10867.02,0,3,10,1,0.74,0,30,7,Education
user_legacy_1888,635,33,1,1.8,19,7703.5,0,1,2,0,0.23,0,28,7,Finance
user_legacy_1889,752,45,3,7.6,16,6166.49,0,0,1,0,0.22,0,0,10,Education
user_legacy_1890,1290,46,1,2.5,28,2036.58,0,2,0,0,0.3,0,15,8,Finance
user_legacy_1891,945,53,0,0.0,16,2037.21,0,0,2,0,0.27,0,6,9,Education
user_legacy_1892,942,26,2,2.6,29,5648.47,0,3,0,0,0.31,0,69,3,Finance
user_legacy_1893,1649,55,2,5.1,27,9501.43,0,1,2,0,0.08,0,39,6,Finance
user_legacy_1894,1324,51,3,5.4,33,12061.97,0,2,3,1,0.0,0,45,5,Marketing
user_legacy_1895,556,50,0,0.0,10,539.97,1,2,2,0,0.59,0,80,2,SaaS
user_legacy_1896,742,1,17,40.6,18,1771.59,1,0,2,0,0.3,0,59,4,E-commerce
user_legacy_1897,1100,50,3,3.9,33,8247.57,2,3,0,0,0.54,0,21,7,Marketing
user_legacy_1898,1562,29,3,7.3,41,16795.21,0,2,2,0,0.43,0,40,6,Education
user_legacy_1899,1030,51,3,8.2,19,8336.85,1,2,2,0,0.14,0,50,5,Education
user_legacy_1900,894,39,1,1.9,24,11631.92,2,0,1,0,0.2,0,37,6,SaaS
user_legacy_1901,1013,5,15,21.2,24,1306.46,0,2,4,1,0.25,0,8,9,SaaS
user_legacy_1902,664,26,2,5.7,20,7446.43,1,1,0,0,0.58,0,4,9,Marketing
user_legacy_1903,963,57,4,2.7,17,5829.96,0,1,4,2,0.25,0,85,1,Marketing
user_legacy_1904,1017,42,2,2.2,30,2410.56,0,2,4,3,0.13,0,48,5,Education
user_legacy_1905,1428,18,1,1.8,31,8586.65,0,1,0,0,0.16,0,10,9,E-commerce
user_legacy_1906,871,57,4,7.5,27,9956.76,2,2,4,4,0.07,0,30,7,Finance
user_legacy_1907,393,32,2,3.7,7,1683.82,2,3,3,0,0.46,0,53,4,E-commerce
user_legacy_1908,844,6,16,34.8,23,5114.23,0,1,4,0,0.24,0,9,9,Marketing
user_legacy_1909,1107,53,4,3.6,22,2599.42,0,0,0,0,0.49,0,39,6,Marketing
user_legacy_1910,1104,49,1,2.5,22,4759.33,3,1,2,0,0.6,0,0,10,E-commerce
user_legacy_1911,634,37,3,6.3,18,8988.71,0,2,5,1,0.12,0,39,6,Marketing
user_legacy_1912,350,11,24,56.9,5,745.76,0,3,5,1,0.21,0,14,8,Finance
user_legacy_1913,1395,2,6,12.5,24,3780.52,1,1,2,0,0.32,0,62,3,Education
user_legacy_1914,844,3,27,64.6,22,8401.25,0,1,1,0,0.58,0,50,5,Education
user_legacy_1915,1389,40,0,0.0,39,17810.89,0,0,0,0,0.3,0,0,10,E-commerce
user_legacy_1916,751,22,1,1.5,23,3329.62,0,4,3,0,0.0,0,95,0,E-commerce
user_legacy_1917,905,35,3,8.7,25,4179.84,0,1,0,0,0.37,0,10,9,Finance
user_legacy_1918,1150,16,3,3.9,37,5984.99,0,0,1,0,0.19,0,100,0,Finance
user_legacy_1919,1185,43,1,1.8,20,1785.54,0,4,2,0,0.51,0,40,6,SaaS
user_legacy_1920,706,1,27,14.3,17,4298.51,1,3,0,0,0.27,0,25,7,SaaS
user_legacy_1921,696,13,13,35.7,11,5314.02,1,2,2,0,0.37,0,96,0,Education
user_legacy_1922,1675,20,2,4.3,28,7028.75,0,8,3,1,0.43,0,32,6,Education
user_legacy_1923,908,7,10,19.7,21,4936.78,0,1,2,0,0.34,0,43,5,Education
user_legacy_1924,735,5,19,54.2,16,4552.24,0,1,1,0,0.75,0,23,7,Marketing
user_legacy_1925,598,36,0,0.0,11,4666.94,0,0,0,0,0.21,0,41,5,SaaS
user_legacy_1926,1432,52,1,1.6,33,2639.54,1,0,1,0,0.16,0,23,7,Finance
user_legacy_1927,908,0,6,11.1,25,2198.6,1,2,7,2,0.24,0,43,5,Education
user_legacy_1928,1119,18,3,8.7,28,12465.18,1,0,4,2,0.17,0,32,6,Finance
user_legacy_1929,710,15,2,5.1,21,5943.43,2,2,1,0,0.3,0,39,6,SaaS
user_legacy_1930,860,45,1,3.0,27,12094.57,0,0,0,0,0.29,0,35,6,Finance
user_legacy_1931,1423,40,3,8.0,25,7414.74,1,4,2,0,0.57,0,68,3,Marketing
user_legacy_1932,1172,6,20,11.9,35,14518.04,0,3,2,0,0.34,0,28,7,E-commerce
user_legacy_1933,915,24,1,2.1,15,834.33,0,3,3,0,0.42,0,42,5,Marketing
user_legacy_1934,743,55,4,6.3,20,3168.34,0,0,2,0,0.43,0,0,10,Marketing
user_legacy_1935,1260,30,2,3.7,30,12834.0,0,4,1,0,0.07,0,85,1,E-commerce
user_legacy_1936,761,18,0,0.0,17,3782.69,0,1,0,0,0.46,0,27,7,Education
user_legacy_1937,1427,17,4,11.4,43,19525.18,0,0,2,0,0.58,0,43,5,Finance
user_legacy_1938,1145,27,3,8.0,33,13384.63,1,0,1,0,0.62,0,26,7,SaaS
user_legacy_1939,1134,0,5,5.0,23,7397.31,0,1,6,1,0.66,0,53,4,Marketing
user_legacy_1940,1050,53,1,2.8,20,7850.51,0,2,0,0,0.45,0,32,6,Marketing
user_legacy_1941,1153,59,4,6.8,36,7823.18,1,3,4,0,0.05,0,53,4,Finance
user_legacy_1942,659,29,2,5.6,20,6821.95,0,3,1,0,0.04,0,78,2,Education
user_legacy_1943,1082,21,0,0.0,32,15928.52,1,3,1,0,0.2,0,66,3,Finance
user_legacy_1944,808,21,1,2.4,13,6183.03,1,1,0,0,0.0,0,55,4,E-commerce
user_legacy_1945,1318,25,1,1.6,33,6417.62,0,5,3,2,0.06,0,5,9,SaaS
user_legacy_1946,608,52,4,8.8,10,1108.83,0,3,4,0,0.63,0,26,7,Finance
user_legacy_1947,684,11,19,9.7,21,1743.52,0,3,0,0,0.38,0,56,4,SaaS
user_legacy_1948,1194,48,0,0.0,35,13567.65,0,0,3,1,0.11,0,54,4,SaaS
user_legacy_1949,1112,45,2,2.7,27,5616.38,0,6,2,0,0.32,0,49,5,Finance
user_legacy_1950,1537,13,11,8.2,29,8548.35,0,2,3,2,0.15,0,62,3,E-commerce
user_legacy_1951,788,49,1,0.6,20,2943.26,0,1,1,0,0.26,0,38,6,Education
user_legacy_1952,879,2,20,34.6,20,1380.29,0,4,3,1,0.0,0,32,6,Finance
user_legacy_1953,832,1,9,8.3,25,1877.46,0,1,2,0,0.23,0,9,9,E-commerce
user_legacy_1954,1446,28,1,2.5,29,5462.79,1,0,4,2,0.25,0,18,8,SaaS
user_legacy_1955,786,27,2,1.8,15,5590.34,0,1,1,0,0.0,0,85,1,Finance
user_legacy_1956,614,15,1,2.4,13,1296.61,0,4,3,1,0.18,0,34,6,Marketing
user_legacy_1957,1396,37,3,9.0,23,1564.59,2,0,2,0,0.45,0,45,5,Finance
user_legacy_1958,800,41,0,0.0,17,3605.41,1,2,2,0,0.0,0,26,7,Marketing
user_legacy_1959,882,55,3,6.9,25,7580.82,0,2,4,0,0.36,0,34,6,SaaS
user_legacy_1960,778,26,2,4.7,24,5641.99,0,3,2,0,0.13,0,24,7,Marketing
user_legacy_1961,1545,39,4,8.7,33,14094.76,1,2,3,5,0.48,0,28,7,Education
user_legacy_1962,462,30,3,5.9,11,3741.95,1,0,8,1,0.13,0,45,5,Education
user_legacy_1963,748,10,9,10.3,13,5087.06,0,1,2,0,0.51,0,11,8,Marketing
user_legacy_1964,811,27,1,0.6,20,7840.07,0,0,3,3,0.27,0,8,9,Education
user_legacy_1965,842,56,1,3.0,25,9067.98,1,4,2,0,0.58,0,42,5,Education
user_legacy_1966,1452,49,1,1.6,36,17501.91,0,1,2,0,0.35,0,26,7,SaaS
user_legacy_1967,1258,20,2,4.3,37,17573.76,0,2,0,0,0.53,0,40,6,Education
user_legacy_1968,616,44,3,7.7,12,4494.41,0,0,5,2,0.66,0,65,3,E-commerce
user_legacy_1969,1015,4,24,56.9,29,12677.13,0,0,0,0,0.4,0,29,7,Education
user_legacy_1970,998,3,19,54.9,30,2730.46,0,3,2,0,0.49,0,67,3,Education
user_legacy_1971,1213,58,1,1.4,24,6940.34,0,4,4,0,0.41,0,56,4,E-commerce
user_legacy_1972,630,25,3,5.0,13,5431.07,0,1,3,2,0.22,0,5,9,E-commerce
user_legacy_1973,1082,39,2,4.3,34,12048.24,0,0,8,2,0.1,0,72,2,SaaS
user_legacy_1974,486,11,6,13.3,9,1865.59,0,1,4,1,0.47,0,73,2,SaaS
user_legacy_1975,1246,7,27,31.4,26,12193.09,0,0,1,0,0.04,0,25,7,Education
user_legacy_1976,1315,42,1,1.5,21,3550.65,0,2,1,0,0.0,0,35,6,Education
user_legacy_1977,632,30,2,2.6,19,3733.78,0,0,0,0,0.39,0,0,10,Marketing
user_legacy_1978,1167,19,3,2.9,23,9911.14,0,2,2,0,0.36,0,20,8,E-commerce
user_legacy_1979,1111,54,1,2.9,22,7911.65,0,2,5,0,0.12,0,13,8,SaaS
user_legacy_1980,977,10,5,8.1,18,8523.08,0,3,3,0,0.27,0,81,1,SaaS
user_legacy_1981,761,52,3,3.0,20,5267.98,0,2,1,0,0.4,0,75,2,Marketing
user_legacy_1982,660,43,4,7.8,14,3569.62,2,3,4,0,0.28,0,76,2,E-commerce
user_legacy_1983,1309,34,3,4.0,36,2763.58,1,3,1,0,0.2,0,3,9,Education
user_legacy_1984,910,7,6,11.6,22,9542.15,0,1,0,0,0.34,0,36,6,Education
user_legacy_1985,442,27,2,4.6,13,900.99,0,0,3,2,0.25,0,44,5,Education
user_legacy_1986,1492,5,10,24.5,31,2849.91,1,3,1,0,0.37,0,71,2,Education
user_legacy_1987,1205,48,3,7.5,28,11251.56,0,2,2,0,0.19,0,88,1,SaaS
user_legacy_1988,662,56,3,1.8,15,4028.95,0,4,2,0,0.41,0,89,1,Finance
user_legacy_1989,669,35,2,2.1,14,1167.9,0,1,2,0,0.32,0,49,5,E-commerce
user_legacy_1990,1482,38,4,5.8,32,9083.05,1,0,6,2,0.0,0,25,7,Marketing
user_legacy_1991,731,53,2,5.7,18,6994.04,1,1,2,0,0.19,0,37,6,SaaS
user_legacy_1992,931,45,4,8.0,18,5566.87,0,0,1,0,0.18,0,27,7,E-commerce
user_legacy_1993,1353,37,1,3.0,34,14915.92,0,0,2,0,0.0,0,86,1,E-commerce
user_legacy_1994,1124,5,10,25.6,34,14796.21,3,2,3,2,0.48,0,1,9,Education
user_legacy_1995,876,15,4,7.7,20,1002.22,1,1,0,0,0.52,0,51,4,Education
user_legacy_1996,1032,24,3,6.2,31,5631.51,0,1,6,1,0.12,0,40,6,SaaS
user_legacy_1997,1088,21,2,5.0,28,13403.24,0,0,1,0,0.76,0,83,1,Education
user_legacy_1998,1266,8,20,23.3,22,8021.14,0,2,0,0,0.63,0,9,9,Education
user_legacy_1999,545,23,1,1.4,11,2474.5,1,1,3,2,0.35,0,26,7,Education
user_legacy_2000,954,6,21,35.8,26,4058.27,0,0,4,0,0.0,0,42,5,Marketing
user_legacy_2001,681,25,2,1.7,20,3215.92,0,2,2,0,0.37,0,30,7,Education
user_legacy_2002,1223,55,1,2.1,35,9918.6,0,0,3,0,0.31,0,0,10,E-commerce
user_legacy_2003,1346,28,3,4.5,40,5478.47,0,0,1,0,0.17,0,0,10,Finance
user_legacy_2004,1294,42,0,0.0,42,19641.9,0,5,2,0,0.19,0,19,8,SaaS
user_legacy_2005,774,20,4,9.7,22,6929.82,0,2,2,0,0.19,0,54,4,Marketing
user_legacy_2006,1002,22,1,1.2,16,7200.45,0,1,0,0,0.59,0,35,6,Education
user_legacy_2007,357,58,3,7.2,7,842.86,1,3,6,0,0.45,0,66,3,SaaS
user_legacy_2008,1446,32,0,0.0,37,10385.07,2,3,1,0,0.11,0,26,7,Marketing
user_legacy_2009,722,23,0,0.0,21,5642.82,1,2,1,0,0.0,0,19,8,E-commerce
user_legacy_2010,827,46,4,9.3,13,4733.95,0,2,3,2,0.26,0,0,10,SaaS
user_legacy_2011,1257,35,3,4.2,37,3393.65,0,5,3,0,0.36,0,0,10,Marketing
user_legacy_2012,1146,57,1,2.8,20,2649.35,1,4,1,0,0.52,0,16,8,SaaS
user_legacy_2013,687,50,3,8.8,11,3383.65,0,0,0,0,0.46,0,46,5,Marketing
user_legacy_2014,1167,33,2,2.1,33,7567.58,1,0,3,0,0.43,0,30,7,Finance
user_legacy_2015,1248,15,3,8.2,36,5941.71,1,0,1,0,0.4,0,57,4,E-commerce
user_legacy_2016,936,51,1,2.3,20,3956.07,0,2,2,0,0.3,0,33,6,E-commerce
user_legacy_2017,535,3,26,48.8,10,1077.75,1,0,3,0,0.76,0,24,7,SaaS
user_legacy_2018,1561,31,3,5.4,44,4414.48,0,7,2,0,0.37,0,9,9,E-commerce
user_legacy_2019,1346,52,3,5.6,36,13738.09,0,1,0,0,0.24,0,48,5,SaaS
user_legacy_2020,1287,46,3,5.9,24,2656.37,0,2,8,0,0.45,0,19,8,SaaS
user_legacy_2021,842,21,4,5.6,24,6392.19,1,3,1,0,0.36,0,41,5,E-commerce
user_legacy_2022,553,36,4,11.7,16,2975.09,1,0,3,0,0.46,0,63,3,SaaS
user_legacy_2023,843,48,4,9.5,15,1785.26,0,0,4,1,0.36,0,88,1,Education
user_legacy_2024,840,8,21,51.0,24,1454.09,0,0,4,0,0.05,0,47,5,Education
user_legacy_2025,1093,36,1,1.1,29,11619.24,0,3,2,0,0.14,0,77,2,Marketing
user_legacy_2026,893,32,4,6.7,19,4896.86,0,2,6,1,0.37,0,45,5,Finance
user_legacy_2027,643,41,1,2.1,16,6662.86,0,1,1,0,0.34,0,44,5,SaaS
user_legacy_2028,729,44,1,2.4,19,4406.0,0,4,5,0,0.5,0,0,10,E-commerce
user_legacy_2029,704,30,4,8.6,11,4446.19,0,3,4,0,0.32,0,17,8,Education
user_legacy_2030,798,23,0,0.0,21,1814.34,0,2,3,0,0.07,0,46,5,Finance
user_legacy_2031,1028,38,2,1.3,32,11867.55,0,1,2,0,0.39,0,38,6,Marketing
user_legacy_2032,673,33,2,3.9,13,3818.55,0,0,5,1,0.17,0,0,10,Finance
user_legacy_2033,826,54,0,0.0,17,2759.46,0,3,0,0,0.47,0,30,7,SaaS
user_legacy_2034,941,27,0,0.0,26,9131.56,1,3,3,2,0.7,0,22,7,SaaS
user_legacy_2035,1150,43,0,0.0,20,1591.84,0,2,3,0,0.43,0,44,5,Education
user_legacy_2036,1152,27,1,2.9,35,14358.76,0,2,4,0,0.5,0,41,5,Finance
user_legacy_2037,995,49,3,6.3,19,7368.84,1,5,2,0,0.59,0,9,9,Marketing
user_legacy_2038,1456,16,0,0.0,32,15242.86,0,3,1,0,0.49,0,12,8,Marketing
user_legacy_2039,1212,17,2,5.6,38,16599.24,0,2,1,0,0.1,0,0,10,Finance
user_legacy_2040,912,59,0,0.0,29,2723.72,1,3,0,0,0.56,0,34,6,Education
user_legacy_2041,1203,33,2,5.8,29,6530.8,0,3,2,0,0.34,0,34,6,Education
user_legacy_2042,1506,33,1,1.2,40,12206.1,0,0,3,1,0.4,0,45,5,Finance
user_legacy_2043,515,31,0,0.0,16,5140.02,1,0,1,0,0.24,0,88,1,Finance
user_legacy_2044,1284,18,1,2.9,37,16798.65,1,3,1,0,0.23,0,70,3,SaaS
user_legacy_2045,1196,12,29,31.2,34,14434.67,0,0,2,0,0.1,0,35,6,Marketing
user_legacy_2046,1131,18,0,0.0,32,9510.87,0,0,3,0,0.45,0,26,7,E-commerce
user_legacy_2047,860,25,4,11.2,26,11618.59,1,2,3,1,0.2,0,16,8,SaaS
user_legacy_2048,1191,58,4,9.9,20,3460.32,0,2,1,0,0.24,0,0,10,Marketing
user_legacy_2049,1229,53,2,4.5,37,3897.63,2,0,1,0,0.16,0,72,2,Education
user_legacy_2050,1644,20,4,8.1,34,3407.56,0,2,4,1,0.0,0,60,4,Finance
user_legacy_2051,750,37,2,2.4,16,6262.46,0,0,2,0,0.5,0,63,3,Marketing
user_legacy_2052,1111,44,0,0.0,28,4755.68,0,2,5,1,0.0,0,14,8,SaaS
user_legacy_2053,646,57,1,2.5,19,6829.8,1,2,5,0,0.43,0,60,4,Education
user_legacy_2054,1081,48,4,12.0,25,9743.11,1,2,5,1,0.31,0,70,3,SaaS
user_legacy_2055,1065,31,3,5.1,21,9894.96,0,4,4,1,0.47,0,33,6,Education
user_legacy_2056,964,18,0,0.0,23,2507.43,0,4,1,0,0.41,0,38,6,Education
user_legacy_2057,1211,37,0,0.0,36,2260.57,1,2,3,0,0.19,0,64,3,E-commerce
user_legacy_2058,1179,57,3,2.9,21,9259.64,0,0,0,0,0.31,0,4,9,Finance
user_legacy_2059,534,13,7,18.9,10,1146.14,1,0,5,2,0.61,0,5,9,E-commerce
user_legacy_2060,1482,31,4,3.6,47,16578.54,2,1,0,0,0.43,0,55,4,Education
user_legacy_2061,828,56,2,3.3,22,10440.84,0,2,5,3,0.44,0,88,1,Marketing
user_legacy_2062,1476,8,15,35.9,30,12084.22,2,1,1,0,0.2,0,23,7,SaaS
user_legacy_2063,1219,36,4,11.2,32,6538.6,0,5,2,0,0.18,0,38,6,Marketing
user_legacy_2064,679,25,0,0.0,14,2801.48,0,3,4,0,0.21,0,69,3,E-commerce
user_legacy_2065,634,35,1,0.7,11,3095.74,0,1,3,1,0.24,0,63,3,Education
user_legacy_2066,1222,45,2,2.9,23,8457.6,0,3,0,0,0.49,0,30,7,Finance
user_legacy_2067,1061,34,3,1.6,17,8159.65,0,0,3,0,0.23,0,13,8,SaaS
user_legacy_2068,707,34,2,2.6,13,1216.67,1,6,0,0,0.06,0,47,5,Finance
user_legacy_2069,727,56,0,0.0,20,4142.22,1,5,0,0,0.31,0,25,7,SaaS
user_legacy_2070,986,21,4,4.3,20,3528.67,1,2,1,0,0.36,0,87,1,Finance
user_legacy_2071,857,54,2,5.6,26,4914.35,0,0,5,2,0.2,0,18,8,SaaS
user_legacy_2072,801,47,0,0.0,19,6812.63,0,1,2,0,0.0,0,50,5,Finance
user_legacy_2073,1252,18,0,0.0,29,4268.8,1,0,5,0,0.23,0,45,5,E-commerce
user_legacy_2074,1151,19,3,4.4,21,5609.32,1,1,0,0,0.21,0,35,6,Marketing
user_legacy_2075,1191,58,3,6.4,34,7296.65,0,1,6,1,0.21,0,6,9,E-commerce
user_legacy_2076,892,26,0,0.0,24,3943.03,0,3,1,0,0.27,0,0,10,Finance
user_legacy_2077,905,26,4,7.5,26,8444.2,1,3,1,0,0.04,0,48,5,Education
user_legacy_2078,865,10,28,71.1,25,1762.03,1,2,0,0,0.45,0,36,6,Education
user_legacy_2079,1008,2,16,44.6,32,1988.17,0,1,6,1,0.4,0,29,7,SaaS
user_legacy_2080,967,23,3,4.8,16,1437.01,1,3,2,0,0.1,0,53,4,E-commerce
user_legacy_2081,502,49,0,0.0,9,1889.6,0,2,2,0,0.41,0,84,1,E-commerce
user_legacy_2082,873,59,2,3.7,23,8663.62,0,0,2,0,0.36,0,0,10,E-commerce
user_legacy_2083,396,53,3,8.6,12,1929.2,1,0,4,1,0.19,0,76,2,E-commerce
user_legacy_2084,508,4,16,28.3,8,2696.06,1,3,4,2,0.36,0,2,9,E-commerce
user_legacy_2085,1025,9,12,8.5,30,12205.13,0,0,2,0,0.0,0,27,7,Marketing
user_legacy_2086,927,34,0,0.0,20,4513.14,3,3,3,0,0.36,0,43,5,Marketing
user_legacy_2087,1161,2,16,11.0,24,4476.88,0,4,1,0,0.49,0,49,5,E-commerce
user_legacy_2088,1045,45,1,0.9,28,11630.42,1,1,6,0,0.15,0,22,7,Finance
user_legacy_2089,985,11,23,67.8,30,12720.05,0,0,2,0,0.41,0,0,10,Finance
user_legacy_2090,930,40,0,0.0,27,4206.4,0,2,4,1,0.26,0,30,7,Education
user_legacy_2091,1082,55,1,1.7,32,4349.34,0,0,3,1,0.37,0,0,10,SaaS
user_legacy_2092,1092,49,3,3.2,26,11400.83,0,3,0,0,0.14,0,36,6,Marketing
user_legacy_2093,842,32,2,2.6,17,7420.94,0,1,1,0,0.48,0,44,5,E-commerce
user_legacy_2094,1076,2,29,53.0,26,4202.04,0,0,0,0,0.11,0,14,8,Education
user_legacy_2095,1013,57,1,0.9,19,8573.43,0,0,4,1,0.38,0,55,4,Marketing
user_legacy_2096,882,56,4,4.5,18,3341.09,0,0,3,0,0.63,0,63,3,Finance
user_legacy_2097,880,29,1,2.9,26,12220.96,0,0,1,0,0.24,0,54,4,Finance
user_legacy_2098,690,32,0,0.0,12,5844.25,2,5,8,1,0.18,0,67,3,Finance
user_legacy_2099,868,33,2,5.1,20,4231.98,0,0,2,0,0.44,0,52,4,Marketing
user_legacy_2100,1153,45,1,1.0,32,9066.15,0,3,3,0,0.71,0,9,9,E-commerce
user_legacy_2101,1640,27,3,6.7,33,15103.72,0,1,2,0,0.45,0,8,9,Marketing
user_legacy_2102,346,32,2,3.3,10,3387.72,0,2,0,0,0.59,0,70,3,Finance
user_legacy_2103,904,13,27,31.0,28,1964.39,0,0,2,0,0.33,0,44,5,Finance
user_legacy_2104,823,39,1,1.8,24,8682.28,0,0,5,0,0.11,0,77,2,Education
user_legacy_2105,955,20,2,3.3,21,1810.6,1,2,3,0,0.22,0,28,7,E-commerce
user_legacy_2106,1418,42,3,6.1,46,3195.39,0,0,0,0,0.58,0,62,3,SaaS
user_legacy_2107,1447,26,1,1.6,40,12727.22,0,0,1,0,0.32,0,77,2,SaaS
user_legacy_2108,1068,49,4,3.4,23,7946.67,0,0,4,1,0.06,0,24,7,E-commerce
user_legacy_2109,1354,51,1,1.5,39,2497.41,2,3,3,1,0.28,0,0,10,Finance
user_legacy_2110,1012,31,2,1.2,23,2890.19,0,2,1,0,0.0,0,78,2,Education
user_legacy_2111,1314,37,3,2.2,37,5880.3,0,0,7,0,0.4,0,22,7,E-commerce
user_legacy_2112,1595,48,4,6.2,28,6143.59,2,3,2,0,0.3,0,73,2,E-commerce
user_legacy_2113,1245,55,0,0.0,25,11732.89,0,1,1,0,0.33,0,13,8,E-commerce
user_legacy_2114,871,31,0,0.0,28,12378.24,0,3,6,2,0.36,0,88,1,E-commerce
user_legacy_2115,1191,51,2,2.0,32,2545.36,0,3,4,1,0.1,0,65,3,Marketing
user_legacy_2116,691,55,4,4.5,14,1924.86,0,2,3,1,0.56,0,22,7,E-commerce
user_legacy_2117,691,47,0,0.0,12,3627.21,0,5,3,0,0.23,0,47,5,Marketing
user_legacy_2118,641,5,21,60.4,18,4102.25,1,0,7,2,0.02,0,43,5,Finance
user_legacy_2119,540,17,3,5.0,12,959.85,0,4,5,1,0.0,0,77,2,SaaS
user_legacy_2120,1175,58,4,2.5,28,6278.27,0,2,1,0,0.1,0,41,5,SaaS
user_legacy_2121,818,29,4,5.4,15,1546.73,0,2,2,0,0.23,0,18,8,Education
user_legacy_2122,1277,39,3,5.0,39,19324.7,1,4,0,0,0.36,0,26,7,Education
user_legacy_2123,955,34,4,11.7,29,13988.38,1,3,5,3,0.28,0,43,5,Education
user_legacy_2124,1490,9,21,29.7,48,3830.4,0,0,3,2,0.44,0,70,3,Education
user_legacy_2125,935,53,2,5.8,29,2981.34,0,1,2,0,0.37,0,25,7,Finance
user_legacy_2126,1216,16,1,2.9,29,8066.26,1,6,1,0,0.33,0,17,8,Marketing
user_legacy_2127,1121,29,2,5.3,24,8278.19,0,0,2,0,0.21,0,47,5,SaaS
user_legacy_2128,1359,25,0,0.0,30,3406.68,2,1,2,0,0.49,0,0,10,Marketing
user_legacy_2129,1392,38,3,3.4,43,21216.82,0,4,5,1,0.26,0,34,6,Marketing
user_legacy_2130,1043,34,1,1.1,24,1831.69,0,3,3,1,0.34,0,53,4,E-commerce
user_legacy_2131,551,12,19,11.3,15,6166.99,1,0,3,2,0.27,0,35,6,Education
user_legacy_2132,1318,42,0,0.0,23,3553.05,0,0,5,0,0.15,0,70,3,SaaS
user_legacy_2133,1125,38,1,0.8,25,5036.45,0,1,5,2,0.09,0,68,3,SaaS
user_legacy_2134,1039,37,0,0.0,30,8491.37,0,0,3,3,0.51,0,37,6,Marketing
user_legacy_2135,1076,6,29,39.5,22,2523.41,2,5,4,3,0.19,0,0,10,SaaS
user_legacy_2136,1147,43,1,1.6,20,3899.2,1,0,3,0,0.3,0,26,7,Finance
user_legacy_2137,1058,53,2,2.3,21,7452.57,0,3,3,0,0.31,0,39,6,Finance
user_legacy_2138,1326,57,4,5.0,25,1649.25,0,3,2,0,0.09,0,43,5,Marketing
user_legacy_2139,390,3,29,42.6,12,2682.38,0,0,2,0,0.68,0,100,0,Finance
user_legacy_2140,673,55,0,0.0,12,1141.66,1,2,3,3,0.13,0,49,5,Marketing
user_legacy_2141,1042,25,4,9.3,29,10274.66,0,0,6,0,0.1,0,57,4,Finance
user_legacy_2142,436,49,3,8.2,10,1152.85,0,0,1,0,0.23,0,46,5,Education
user_legacy_2143,668,7,13,17.5,17,1837.97,0,0,2,0,0.8,0,45,5,Finance
user_legacy_2144,899,24,3,5.2,19,1135.8,0,2,0,0,0.57,0,7,9,E-commerce
user_legacy_2145,734,31,0,0.0,14,5605.27,0,1,1,0,0.47,0,19,8,SaaS
user_legacy_2146,991,44,3,8.4,24,9481.09,0,2,2,0,0.49,0,27,7,E-commerce
user_legacy_2147,643,54,1,0.7,12,2658.36,1,2,2,0,0.43,0,36,6,Education
user_legacy_2148,1174,0,22,44.9,25,11015.71,0,6,1,0,0.21,0,0,10,Finance
user_legacy_2149,1161,44,2,2.6,25,9866.76,0,1,3,2,0.26,0,36,6,Finance
user_legacy_2150,799,59,3,1.5,21,7665.04,1,1,3,2,0.24,0,17,8,Marketing
user_legacy_2151,997,9,12,18.0,22,3567.16,1,1,2,0,0.63,0,100,0,Education
user_legacy_2152,564,9,7,20.3,10,710.48,0,1,6,0,0.5,0,57,4,SaaS
user_legacy_2153,721,22,4,3.8,21,2545.57,0,1,4,0,0.52,0,22,7,E-commerce
user_legacy_2154,848,1,15,29.8,22,6763.53,1,3,1,0,0.24,0,94,0,Education
user_legacy_2155,998,46,1,1.8,22,6766.67,1,1,0,0,0.48,0,4,9,Finance
user_legacy_2156,1218,53,3,1.8,21,8158.46,0,3,3,1,0.3,0,6,9,Marketing
user_legacy_2157,361,26,1,2.4,11,3431.56,0,0,1,0,0.07,0,78,2,E-commerce
user_legacy_2158,1303,18,1,2.7,30,14745.51,1,0,4,1,0.0,0,33,6,Marketing
user_legacy_2159,910,12,19,38.0,20,6680.45,0,5,6,0,0.42,0,16,8,Education
user_legacy_2160,838,48,3,3.9,18,3756.17,0,0,1,0,0.31,0,14,8,E-commerce
user_legacy_2161,716,40,2,2.1,14,1855.16,0,2,4,0,0.6,0,47,5,Marketing
user_legacy_2162,800,31,4,3.3,15,2397.93,0,6,1,0,0.41,0,31,6,SaaS
user_legacy_2163,1177,33,3,6.8,31,14474.02,0,2,0,0,0.35,0,65,3,SaaS
user_legacy_2164,1298,38,2,4.6,23,5886.52,1,2,6,0,0.23,0,22,7,Marketing
user_legacy_2165,1179,0,12,25.1,23,11113.25,0,0,2,0,0.31,0,0,10,Marketing
user_legacy_2166,1016,52,2,4.1,25,9539.32,1,1,3,1,0.46,0,29,7,Education
user_legacy_2167,886,39,2,3.2,22,9048.24,0,1,4,0,0.37,0,28,7,SaaS
user_legacy_2168,1151,17,0,0.0,30,6698.81,0,0,3,1,0.58,0,82,1,Education
user_legacy_2169,1081,55,1,0.7,20,5609.05,0,3,2,0,0.43,0,39,6,SaaS
user_legacy_2170,529,52,1,1.0,9,2914.6,0,2,2,0,0.35,0,19,8,E-commerce
user_legacy_2171,1011,42,2,2.4,18,6526.29,1,4,3,0,0.46,0,1,9,Education
user_legacy_2172,974,30,0,0.0,24,5212.77,0,1,2,0,0.19,0,37,6,SaaS
user_legacy_2173,990,35,4,7.7,27,13193.63,1,2,3,1,0.28,0,25,7,E-commerce
user_legacy_2174,936,44,0,0.0,25,7894.13,0,0,1,0,0.3,0,51,4,E-commerce
user_legacy_2175,941,23,1,1.1,28,5349.11,1,2,0,0,0.23,0,45,5,SaaS
user_legacy_2176,574,6,6,5.8,15,1815.91,0,1,3,0,0.42,0,0,10,Education
user_legacy_2177,1066,57,3,3.2,33,13112.57,0,3,2,0,0.3,0,44,5,Education
user_legacy_2178,881,16,0,0.0,21,4747.81,0,4,0,0,0.17,0,39,6,Marketing
user_legacy_2179,1272,32,3,8.1,37,6679.33,0,1,1,0,0.03,0,47,5,Finance
user_legacy_2180,697,7,11,22.2,22,2202.71,0,2,3,2,0.08,0,0,10,E-commerce
user_legacy_2181,1275,16,1,2.4,25,11134.34,0,1,2,0,0.11,0,22,7,E-commerce
user_legacy_2182,643,37,3,7.5,16,3265.84,0,0,3,1,0.17,0,45,5,Finance
user_legacy_2183,1067,39,2,1.1,24,3821.39,0,0,5,1,0.25,0,59,4,Education
user_legacy_2184,992,31,3,8.3,21,5254.42,1,3,5,1,0.28,0,45,5,E-commerce
user_legacy_2185,1201,1,15,23.4,36,4720.57,0,3,5,0,0.33,0,36,6,Marketing
user_legacy_2186,987,59,3,3.3,27,9949.3,0,4,5,1,0.39,0,0,10,Marketing
user_legacy_2187,985,0,18,32.5,21,4793.56,0,1,2,0,0.04,0,15,8,E-commerce
user_legacy_2188,1251,36,0,0.0,25,4004.89,0,3,0,0,0.45,0,70,3,Education
user_legacy_2189,782,37,2,3.6,24,3089.22,1,2,3,0,0.24,0,44,5,SaaS
user_legacy_2190,1046,56,1,0.9,27,2242.25,0,2,2,0,0.23,0,83,1,Finance
user_legacy_2191,848,30,0,0.0,18,7915.65,0,2,2,0,0.38,0,30,7,E-commerce
user_legacy_2192,1393,21,4,9.8,38,2807.04,0,2,2,0,0.68,0,33,6,SaaS
user_legacy_2193,1128,46,4,8.3,26,5869.18,0,2,4,1,0.33,0,3,9,SaaS
user_legacy_2194,1290,6,21,23.1,39,14105.62,1,0,3,0,0.62,0,78,2,Marketing
user_legacy_2195,473,8,25,28.5,8,823.77,0,3,0,0,0.27,0,54,4,Finance
user_legacy_2196,1412,15,0,0.0,37,15250.22,2,2,1,0,0.0,0,45,5,SaaS
user_legacy_2197,740,50,1,1.2,17,3492.05,1,4,3,1,0.31,0,42,5,Marketing
user_legacy_2198,826,34,0,0.0,14,5343.63,0,5,0,0,0.74,0,55,4,E-commerce
user_legacy_2199,1115,25,3,2.7,18,5216.87,0,0,5,1,0.54,0,76,2,SaaS
user_legacy_2200,1232,56,4,4.0,40,5572.27,2,1,3,2,0.1,0,0,10,Marketing
user_legacy_2201,942,35,0,0.0,28,5629.4,0,0,0,0,0.55,0,44,5,Marketing
user_legacy_2202,1036,16,3,8.9,22,6536.27,0,0,2,0,0.48,0,25,7,Education
user_legacy_2203,1052,46,2,2.1,31,2572.42,0,0,6,1,0.24,0,99,0,Finance
user_legacy_2204,814,25,4,10.8,22,10511.04,2,0,0,0,0.32,0,40,6,Education
user_legacy_2205,1106,30,0,0.0,25,2623.31,0,1,5,1,0.41,0,56,4,Education
user_legacy_2206,842,4,11,15.9,24,5738.78,0,6,0,0,0.28,0,16,8,E-commerce
user_legacy_2207,587,41,3,3.9,10,3076.7,1,1,5,0,0.33,0,72,2,Education
user_legacy_2208,957,27,3,8.1,27,2390.34,0,5,1,0,0.26,0,100,0,Education
user_legacy_2209,767,23,1,2.7,13,2013.32,0,2,0,0,0.01,0,49,5,Education
user_legacy_2210,1174,12,20,19.4,37,4010.18,0,2,1,0,0.28,0,97,0,SaaS
user_legacy_2211,529,45,3,6.7,8,3243.44,1,1,1,0,0.66,0,47,5,SaaS
user_legacy_2212,422,26,4,2.1,7,1755.26,0,0,2,0,0.0,0,44,5,Education
user_legacy_2213,980,56,3,5.7,19,1941.81,0,0,0,0,0.28,0,25,7,E-commerce
user_legacy_2214,1292,47,0,0.0,36,6428.96,0,2,0,0,0.72,0,50,5,Finance
user_legacy_2215,887,19,1,0.7,24,5821.21,4,3,2,0,0.57,0,27,7,E-commerce
user_legacy_2216,646,23,3,7.3,19,1646.91,0,2,2,0,0.15,0,25,7,Marketing
user_legacy_2217,938,23,1,2.9,20,9640.97,1,1,0,0,0.39,0,41,5,Finance
user_legacy_2218,481,13,7,13.1,9,956.52,0,3,1,0,0.15,0,12,8,E-commerce
user_legacy_2219,794,32,3,6.5,22,5751.0,2,1,0,0,0.52,0,18,8,SaaS
user_legacy_2220,1186,56,3,1.8,21,3113.25,1,4,0,0,0.3,0,25,7,Education
user_legacy_2221,800,17,4,4.3,20,8886.18,0,2,0,0,0.32,0,66,3,Marketing
user_legacy_2222,590,34,2,3.7,14,4459.52,0,2,2,0,0.0,0,51,4,Marketing
user_legacy_2223,1112,4,25,65.4,18,6315.05,0,0,0,0,0.41,0,100,0,SaaS
user_legacy_2224,1267,32,4,5.8,29,11806.91,2,2,2,0,0.34,0,0,10,SaaS
user_legacy_2225,594,50,0,0.0,9,1343.42,0,2,0,0,0.19,0,32,6,E-commerce
user_legacy_2226,905,16,3,7.3,20,6278.47,0,1,2,0,0.25,0,0,10,E-commerce
user_legacy_2227,1199,45,4,6.4,30,8299.32,0,1,5,2,0.5,0,31,6,Marketing
user_legacy_2228,1106,56,3,5.5,23,9860.3,1,0,3,0,0.0,0,67,3,Marketing
user_legacy_2229,680,32,3,2.1,18,1514.26,0,3,3,1,0.0,0,0,10,Education
user_legacy_2230,972,45,1,2.9,23,7958.7,0,0,5,2,0.42,0,81,1,SaaS
user_legacy_2231,611,12,11,32.6,18,6281.04,0,0,2,0,0.28,0,14,8,Finance
user_legacy_2232,441,28,1,1.5,10,4317.73,0,0,2,0,0.11,0,20,8,SaaS
user_legacy_2233,1136,43,0,0.0,29,5311.07,1,2,3,0,0.47,0,56,4,Marketing
user_legacy_2234,652,17,0,0.0,19,4743.38,0,3,4,4,0.25,0,16,8,Finance
user_legacy_2235,658,30,0,0.0,18,8714.61,0,1,3,2,0.36,0,51,4,E-commerce
user_legacy_2236,1020,20,2,3.2,29,11775.12,0,0,2,0,0.44,0,4,9,Education
user_legacy_2237,1019,28,3,1.7,28,3196.68,0,3,2,0,0.24,0,63,3,Finance
user_legacy_2238,1183,6,28,57.4,31,3897.22,0,6,3,0,0.33,0,24,7,SaaS
user_legacy_2239,985,53,0,0.0,16,7235.83,0,0,4,1,0.19,0,22,7,Marketing
user_legacy_2240,1345,15,4,11.9,33,9072.95,2,0,2,0,0.46,0,37,6,SaaS
user_legacy_2241,1155,20,2,4.3,29,3378.28,1,3,1,0,0.52,0,83,1,SaaS
user_legacy_2242,1376,59,1,1.3,44,6274.25,1,1,2,0,0.38,0,48,5,SaaS
user_legacy_2243,922,28,2,5.9,29,6221.7,0,3,2,0,0.25,0,44,5,Marketing
user_legacy_2244,1327,10,19,14.1,30,1775.43,0,3,2,0,0.34,0,79,2,E-commerce
user_legacy_2245,1392,45,0,0.0,42,20095.53,0,1,4,1,0.3,0,74,2,E-commerce
user_legacy_2246,870,36,2,3.8,15,6563.94,1,0,2,0,0.26,0,11,8,Marketing
user_legacy_2247,961,40,4,2.6,28,12582.63,0,1,3,1,0.0,0,42,5,Finance
user_legacy_2248,516,3,5,4.3,11,4294.31,0,3,5,1,0.31,0,63,3,Marketing
user_legacy_2249,1540,3,29,50.6,50,9489.41,0,2,4,1,0.39,0,54,4,Finance
user_legacy_2250,1279,39,2,3.0,40,2269.35,1,5,0,0,0.44,0,18,8,E-commerce
user_legacy_2251,1074,48,0,0.0,18,6730.39,3,0,1,0,0.13,0,59,4,Education
user_legacy_2252,1453,19,0,0.0,42,11034.84,0,3,0,0,0.42,0,54,4,E-commerce
user_legacy_2253,1115,30,2,4.3,34,3657.42,0,2,1,0,0.4,0,34,6,E-commerce
user_legacy_2254,1214,9,19,45.0,20,9627.76,1,0,0,0,0.3,0,0,10,SaaS
user_legacy_2255,749,58,4,8.7,23,9535.57,1,0,1,0,0.5,0,100,0,Education
user_legacy_2256,1614,27,2,3.7,52,17858.18,0,0,3,5,0.19,0,42,5,Finance
user_legacy_2257,624,43,3,2.8,10,2655.81,0,1,0,0,0.0,0,21,7,SaaS
user_legacy_2258,1048,55,4,6.8,20,8210.6,3,0,2,0,0.1,0,0,10,Marketing
user_legacy_2259,844,24,4,2.0,16,5361.32,0,0,2,0,0.21,0,57,4,Education
user_legacy_2260,888,25,0,0.0,27,4689.94,1,0,1,0,0.39,0,42,5,Marketing
user_legacy_2261,601,44,0,0.0,13,2366.45,0,1,0,0,0.28,0,60,4,SaaS
user_legacy_2262,1045,26,4,3.4,32,13356.48,0,2,3,0,0.39,0,34,6,Marketing
user_legacy_2263,795,55,4,3.7,16,2744.24,1,1,5,1,0.13,0,30,7,E-commerce
user_legacy_2264,1501,54,0,0.0,42,12435.23,0,2,2,0,0.44,0,72,2,E-commerce
user_legacy_2265,1068,12,26,20.8,32,13686.25,0,2,0,0,0.13,0,78,2,Finance
user_legacy_2266,1067,44,1,2.5,25,8949.75,1,1,3,0,0.1,0,39,6,E-commerce
user_legacy_2267,1178,32,0,0.0,32,2133.02,0,1,2,0,0.38,0,40,6,Finance
user_legacy_2268,1172,39,4,4.1,25,5404.78,0,3,2,0,0.29,0,62,3,Education
user_legacy_2269,1006,17,1,1.1,24,2371.25,0,0,1,0,0.42,0,38,6,Education
user_legacy_2270,1269,10,25,22.3,26,5092.94,0,0,6,1,0.23,0,54,4,E-commerce
user_legacy_2271,630,29,2,3.0,15,4679.17,0,0,2,0,0.39,0,20,8,Education
user_legacy_2272,1182,36,2,6.0,34,5907.7,0,0,2,0,0.41,0,41,5,E-commerce
user_legacy_2273,1233,28,0,0.0,37,10744.39,1,2,6,1,0.54,0,99,0,E-commerce
user_legacy_2274,318,38,2,3.8,5,271.48,0,2,4,3,0.45,0,42,5,Marketing
user_legacy_2275,905,19,1,2.5,18,2689.61,2,3,2,0,0.43,0,79,2,Finance
user_legacy_2276,1968,55,0,0.0,51,5097.91,1,2,1,0,0.0,0,43,5,Education
user_legacy_2277,1305,19,4,3.3,23,2637.6,1,4,1,0,0.05,0,14,8,Marketing
user_legacy_2278,1045,39,1,2.6,22,9529.87,0,4,1,0,0.08,0,0,10,SaaS
user_legacy_2279,1212,20,1,2.0,25,10119.33,0,3,5,3,0.34,0,75,2,Marketing
user_legacy_2280,957,38,2,1.4,17,1420.46,1,0,3,3,0.56,0,66,3,Finance
user_legacy_2281,827,46,1,0.7,18,3073.43,1,1,3,1,0.1,0,4,9,Education
user_legacy_2282,1211,41,4,3.6,31,7407.1,0,3,3,0,0.67,0,45,5,Education
user_legacy_2283,1296,58,4,7.0,36,13858.07,1,0,0,0,0.65,0,49,5,Education
user_legacy_2284,1082,26,1,2.8,32,13329.72,0,0,0,0,0.17,0,38,6,Education
user_legacy_2285,910,35,2,3.9,22,8991.19,2,1,6,2,0.33,0,11,8,Marketing
user_legacy_2286,1141,57,0,0.0,34,5506.37,3,0,2,0,0.27,0,54,4,Education
user_legacy_2287,605,59,0,0.0,10,642.37,0,0,1,0,0.0,0,36,6,Finance
user_legacy_2288,714,26,4,5.8,12,1620.99,0,2,4,3,0.51,0,29,7,SaaS
user_legacy_2289,986,25,4,11.7,27,3878.93,0,3,0,0,0.43,0,36,6,E-commerce
user_legacy_2290,1171,2,17,18.8,21,2883.44,2,1,4,0,0.59,0,0,10,E-commerce
user_legacy_2291,1624,35,1,2.8,28,3430.57,0,0,4,0,0.5,0,55,4,Finance
user_legacy_2292,1131,38,2,2.8,32,11511.68,0,0,7,0,0.31,0,36,6,Education
user_legacy_2293,1180,2,25,42.4,23,2509.22,0,4,4,1,0.57,0,0,10,Education
user_legacy_2294,912,29,3,3.9,16,1926.92,0,3,2,0,0.06,0,39,6,E-commerce
user_legacy_2295,572,21,2,3.3,15,4180.63,1,4,4,1,0.31,0,8,9,SaaS
user_legacy_2296,1185,13,29,67.9,21,7625.47,1,0,1,0,0.71,0,12,8,SaaS
user_legacy_2297,802,18,1,2.7,18,980.85,2,3,1,0,0.37,0,14,8,SaaS
user_legacy_2298,1553,47,1,2.8,27,9380.79,0,4,3,1,0.0,0,77,2,Marketing
user_legacy_2299,833,16,0,0.0,18,7579.51,1,0,3,1,0.32,0,54,4,Marketing
user_legacy_2300,1269,4,8,13.9,37,15831.97,1,1,3,1,0.0,0,38,6,Education
user_legacy_2301,1246,37,4,2.1,35,15943.13,2,0,3,1,0.55,0,53,4,SaaS
user_legacy_2302,1003,7,28,63.4,22,10022.41,0,1,5,2,0.06,0,1,9,E-commerce
user_legacy_2303,1213,56,2,4.5,34,3590.66,0,2,0,0,0.1,0,48,5,Finance
user_legacy_2304,1006,58,3,3.2,29,3310.68,0,3,2,0,0.41,0,66,3,Finance
user_legacy_2305,653,3,20,54.7,18,7315.08,0,2,0,0,0.67,0,0,10,Education
user_legacy_2306,740,11,11,20.2,15,3409.76,1,2,1,0,0.45,0,9,9,SaaS
user_legacy_2307,1087,40,1,1.9,35,5620.39,0,3,3,2,0.57,0,100,0,E-commerce
user_legacy_2308,1066,30,1,2.9,20,4531.33,0,0,1,0,0.32,0,0,10,Marketing
user_legacy_2309,678,57,3,2.8,19,3280.09,0,1,4,1,0.12,0,74,2,SaaS
user_legacy_2310,949,7,6,15.8,22,4565.66,0,0,1,0,0.53,0,41,5,Marketing
user_legacy_2311,785,36,2,3.3,19,6913.84,1,3,1,0,0.57,0,67,3,SaaS
user_legacy_2312,1387,26,2,4.5,42,14559.17,0,3,5,1,0.16,0,48,5,SaaS
user_legacy_2313,850,29,4,7.6,20,2138.18,1,1,1,0,0.36,0,16,8,SaaS
user_legacy_2314,1105,57,2,4.3,20,6767.72,0,5,1,0,0.01,0,84,1,E-commerce
user_legacy_2315,698,28,1,0.9,15,765.66,0,1,0,0,0.23,0,39,6,Finance
user_legacy_2316,979,15,3,7.4,19,2590.0,0,0,3,1,0.36,0,37,6,Marketing
user_legacy_2317,1170,29,0,0.0,29,11197.5,0,1,0,0,0.2,0,45,5,Marketing
user_legacy_2318,1214,30,4,4.2,21,3350.9,1,3,1,0,0.06,0,55,4,Finance
user_legacy_2319,761,29,4,4.0,20,6755.73,0,2,1,0,0.33,0,88,1,E-commerce
user_legacy_2320,669,3,14,27.7,13,5686.01,0,0,3,2,0.11,0,69,3,Education
user_legacy_2321,1319,42,0,0.0,35,7747.23,1,1,3,0,0.25,0,0,10,E-commerce
user_legacy_2322,1498,26,3,8.0,35,13457.01,0,3,0,0,0.12,0,67,3,Marketing
user_legacy_2323,960,58,4,5.5,29,10274.58,1,0,2,0,0.09,0,43,5,SaaS
user_legacy_2324,674,37,1,1.0,15,1864.43,0,1,1,0,0.14,0,76,2,SaaS
user_legacy_2325,1332,37,4,8.9,38,5151.13,0,2,3,0,0.36,0,39,6,Education
user_legacy_2326,1265,23,0,0.0,38,8197.98,0,1,1,0,0.27,0,49,5,SaaS
user_legacy_2327,1013,51,3,2.9,18,5397.35,1,1,4,0,0.3,0,42,5,E-commerce
user_legacy_2328,929,30,4,9.4,28,4916.4,0,1,2,0,0.18,0,0,10,SaaS
user_legacy_2329,1094,54,2,2.0,18,2724.76,0,2,1,0,0.01,0,42,5,Education
user_legacy_2330,1225,44,3,3.1,38,17837.0,0,1,3,0,0.02,0,41,5,SaaS
user_legacy_2331,400,11,9,23.2,7,974.75,0,2,1,0,0.23,0,0,10,Marketing
user_legacy_2332,1011,49,2,2.7,26,9123.22,1,0,1,0,0.24,0,81,1,Marketing
user_legacy_2333,1122,37,3,6.9,36,8906.91,0,0,1,0,0.36,0,33,6,Education
user_legacy_2334,1168,16,3,8.1,33,11113.6,0,1,3,2,0.32,0,49,5,Marketing
user_legacy_2335,1264,39,1,1.5,38,17459.62,0,3,0,0,0.21,0,50,5,SaaS
user_legacy_2336,1196,46,4,6.4,21,2040.91,2,1,0,0,0.27,0,0,10,Education
user_legacy_2337,1358,20,0,0.0,22,7543.42,1,0,3,2,0.26,0,36,6,Education
user_legacy_2338,1264,24,0,0.0,32,4249.69,0,2,0,0,0.19,0,0,10,Marketing
user_legacy_2339,1005,30,2,4.6,18,7502.89,0,0,3,0,0.15,0,32,6,SaaS
user_legacy_2340,376,41,1,2.9,9,809.61,2,0,2,0,0.38,0,0,10,SaaS
user_legacy_2341,1084,2,15,22.0,28,6462.09,0,0,4,3,0.56,0,47,5,E-commerce
user_legacy_2342,839,44,3,2.3,25,3623.4,0,1,0,0,0.66,0,37,6,Finance
user_legacy_2343,567,19,4,3.4,14,4385.89,0,2,1,0,0.21,0,15,8,Education
user_legacy_2344,1297,17,4,6.2,40,6050.72,0,2,1,0,0.0,0,32,6,Finance
user_legacy_2345,1382,32,2,3.2,44,4965.29,0,3,0,0,0.33,0,42,5,Education
user_legacy_2346,590,56,3,3.8,11,1292.49,0,3,2,0,0.48,0,5,9,E-commerce
user_legacy_2347,834,39,1,1.0,22,6944.1,0,3,4,1,0.33,0,36,6,E-commerce
user_legacy_2348,1193,3,7,9.7,25,10731.34,0,0,2,0,0.1,0,70,3,SaaS
user_legacy_2349,830,18,2,2.8,18,8971.02,0,0,5,2,0.87,0,100,0,SaaS
user_legacy_2350,1226,57,2,3.5,32,11949.53,2,3,0,0,0.52,0,87,1,Marketing
user_legacy_2351,1014,49,4,9.6,20,2165.23,0,0,1,0,0.25,0,100,0,Finance
user_legacy_2352,397,38,2,3.7,8,3040.22,1,2,4,4,0.67,0,20,8,E-commerce
user_legacy_2353,1008,42,2,3.5,22,6726.86,0,1,1,0,0.85,0,12,8,Finance
user_legacy_2354,1118,54,2,3.4,31,7131.27,0,3,2,0,0.46,0,0,10,Finance
user_legacy_2355,853,29,0,0.0,22,10459.22,2,1,0,0,0.49,0,34,6,SaaS
user_legacy_2356,1150,37,4,10.7,20,5004.02,0,1,0,0,0.52,0,30,7,E-commerce
user_legacy_2357,953,46,1,2.2,23,5417.4,0,3,2,0,0.71,0,17,8,Finance
user_legacy_2358,939,37,0,0.0,16,6700.86,0,2,4,2,0.42,0,31,6,SaaS
user_legacy_2359,1285,13,8,7.6,26,11206.8,0,0,3,0,0.0,0,40,6,E-commerce
user_legacy_2360,733,50,1,0.8,22,1965.24,0,2,4,2,0.71,0,77,2,E-commerce
user_legacy_2361,1365,44,2,3.2,37,14456.11,0,3,3,1,0.41,0,55,4,Education
user_legacy_2362,1173,39,1,1.3,38,1994.62,0,1,1,0,0.18,0,0,10,SaaS
user_legacy_2363,889,55,0,0.0,22,3183.37,1,0,5,0,0.21,0,9,9,Finance
user_legacy_2364,1406,7,12,20.9,26,7251.64,1,0,2,0,0.31,0,66,3,Marketing
user_legacy_2365,532,47,2,4.8,12,1993.65,1,2,1,0,0.3,0,0,10,Finance
user_legacy_2366,1035,31,1,2.2,23,5606.63,0,3,3,0,0.25,0,29,7,Marketing
user_legacy_2367,1304,25,4,6.4,34,5301.69,0,1,2,0,0.29,0,75,2,Marketing
user_legacy_2368,797,37,4,7.3,15,1348.98,0,5,8,1,0.37,0,3,9,SaaS
user_legacy_2369,1302,24,2,5.3,41,11242.05,0,2,0,0,0.43,0,30,7,SaaS
user_legacy_2370,1391,55,0,0.0,39,5779.69,0,2,0,0,0.34,0,45,5,Marketing
user_legacy_2371,600,1,22,38.9,15,5633.08,0,1,1,0,0.32,0,7,9,Finance
user_legacy_2372,1674,16,2,1.6,35,11541.8,0,2,4,1,0.16,0,69,3,Education
user_legacy_2373,728,44,4,10.6,13,3673.11,1,0,0,0,0.23,0,26,7,E-commerce
user_legacy_2374,778,6,25,44.3,16,3683.89,1,0,2,0,0.31,0,56,4,Finance
user_legacy_2375,895,57,3,8.0,19,3495.85,0,4,5,1,0.33,0,34,6,Marketing
user_legacy_2376,907,37,4,3.3,21,7524.96,0,5,0,0,0.36,0,0,10,E-commerce
user_legacy_2377,1344,47,4,11.6,41,18778.06,0,1,1,0,0.0,0,59,4,E-commerce
user_legacy_2378,1285,57,0,0.0,37,18183.97,0,2,4,1,0.51,0,0,10,E-commerce
user_legacy_2379,1116,18,3,4.8,29,7007.93,0,0,3,0,0.18,0,100,0,E-commerce
user_legacy_2380,376,52,2,2.4,9,1507.88,0,1,1,0,0.32,0,46,5,Finance
user_legacy_2381,1001,3,18,39.3,26,3505.73,2,1,0,0,0.65,0,0,10,Education
user_legacy_2382,1157,40,4,3.7,30,5233.9,0,1,0,0,0.14,0,45,5,Education
user_legacy_2383,657,43,4,2.7,17,6569.09,1,0,8,0,0.33,0,55,4,Finance
user_legacy_2384,1396,47,4,11.8,30,4611.69,3,2,1,0,0.27,0,63,3,Finance
user_legacy_2385,687,55,3,2.2,17,2300.65,0,2,4,0,0.15,0,4,9,Education
user_legacy_2386,1190,7,5,10.2,33,8862.46,0,1,3,0,0.49,0,70,3,Education
user_legacy_2387,992,33,4,8.2,19,3088.05,0,0,1,0,0.01,0,48,5,Education
user_legacy_2388,1453,44,2,3.8,29,9230.47,0,0,4,0,0.07,0,68,3,E-commerce
user_legacy_2389,1163,7,22,58.4,30,11740.84,0,0,3,2,0.57,0,45,5,Marketing
user_legacy_2390,1263,0,13,20.2,27,5699.7,0,1,0,0,0.37,0,33,6,Marketing
user_legacy_2391,602,16,4,11.5,13,1721.26,1,0,2,0,0.0,0,22,7,Education
user_legacy_2392,344,40,0,0.0,10,4904.44,0,2,2,0,0.57,0,0,10,Education
user_legacy_2393,1446,36,2,2.9,45,15592.61,1,1,4,0,0.24,0,12,8,Marketing
user_legacy_2394,1155,36,3,7.9,25,9455.6,0,0,3,2,0.55,0,82,1,SaaS
user_legacy_2395,1301,34,4,3.1,27,3458.51,0,3,4,0,0.05,0,63,3,Finance
user_legacy_2396,1094,15,3,3.7,33,2466.94,1,0,2,0,0.48,0,26,7,Education
user_legacy_2397,736,28,1,0.7,19,8321.8,0,0,4,1,0.26,0,28,7,Education
user_legacy_2398,1141,59,1,2.5,24,11992.2,3,0,3,1,0.42,0,41,5,SaaS
user_legacy_2399,1285,24,4,4.6,36,5352.95,0,1,3,2,0.34,0,67,3,Education
user_legacy_2400,1286,58,4,2.7,25,2662.24,0,1,1,0,0.16,0,38,6,Finance
user_legacy_2401,1442,58,0,0.0,24,10846.59,0,1,4,6,0.48,0,27,7,Marketing
user_legacy_2402,1116,0,15,28.4,27,5986.18,0,0,4,0,0.0,0,0,10,SaaS
user_legacy_2403,485,13,7,12.9,8,1009.43,1,3,7,0,0.32,0,34,6,Finance
user_legacy_2404,1175,27,2,1.2,35,12214.35,0,1,0,0,0.31,0,83,1,Education
user_legacy_2405,978,33,1,1.5,21,10079.16,0,3,5,5,0.14,0,0,10,Finance
user_legacy_2406,464,9,16,44.4,13,6024.87,0,0,3,2,0.5,0,31,6,SaaS
user_legacy_2407,1187,59,2,2.9,31,8229.21,0,0,0,0,0.82,0,37,6,Marketing
user_legacy_2408,673,46,1,1.4,20,1862.83,1,2,1,0,0.27,0,84,1,SaaS
user_legacy_2409,1101,6,26,76.6,34,12903.47,2,2,1,0,0.44,0,19,8,SaaS
user_legacy_2410,1359,10,24,66.5,31,8519.07,0,0,2,0,0.0,0,41,5,Marketing
user_legacy_2411,809,36,3,5.9,17,7828.34,1,0,5,0,0.23,0,24,7,SaaS
user_legacy_2412,1302,22,4,11.1,40,13700.59,2,1,0,0,0.45,0,65,3,SaaS
user_legacy_2413,424,36,2,5.0,9,3220.33,0,4,0,0,0.23,0,52,4,Finance
user_legacy_2414,971,22,0,0.0,23,3079.05,1,3,0,0,0.26,0,0,10,Education
user_legacy_2415,1149,50,0,0.0,23,7069.25,2,3,6,0,0.0,0,18,8,Finance
user_legacy_2416,980,47,3,7.0,25,11595.12,0,3,1,0,0.3,0,64,3,Marketing
user_legacy_2417,705,53,1,1.7,16,6955.18,1,2,3,0,0.39,0,9,9,Education
user_legacy_2418,794,25,3,1.9,17,4220.75,0,1,0,0,0.39,0,49,5,E-commerce
user_legacy_2419,1172,25,0,0.0,38,18074.88,0,2,1,0,0.47,0,22,7,Finance
user_legacy_2420,867,33,1,0.8,22,2490.4,0,0,2,0,0.61,0,35,6,Marketing
user_legacy_2421,1053,37,1,0.6,29,5510.62,1,5,3,0,0.22,0,34,6,SaaS
user_legacy_2422,1337,30,1,1.0,26,3237.45,2,0,1,0,0.04,0,14,8,Marketing
user_legacy_2423,1212,23,4,4.0,21,3151.47,0,2,6,0,0.1,0,80,2,SaaS
user_legacy_2424,1195,12,20,57.7,37,11280.97,0,1,6,0,0.12,0,38,6,SaaS
user_legacy_2425,1366,41,0,0.0,37,13823.06,0,0,3,0,0.13,0,0,10,Marketing
user_legacy_2426,1606,42,0,0.0,31,11632.56,0,0,5,0,0.56,0,48,5,SaaS
user_legacy_2427,952,54,2,4.4,17,1992.57,1,1,1,0,0.36,0,32,6,Finance
user_legacy_2428,1005,47,0,0.0,25,10926.5,0,4,0,0,0.46,0,60,4,Education
user_legacy_2429,1444,23,0,0.0,46,8893.69,1,2,2,0,0.12,0,46,5,Marketing
user_legacy_2430,946,20,0,0.0,24,10952.14,0,2,4,1,0.36,0,43,5,E-commerce
user_legacy_2431,778,22,3,5.8,17,1595.66,0,0,7,0,0.0,0,30,7,Finance
user_legacy_2432,1179,35,4,4.0,29,13211.73,0,1,0,0,0.29,0,0,10,E-commerce
user_legacy_2433,578,23,0,0.0,12,2539.97,0,0,1,0,0.51,0,62,3,E-commerce
user_legacy_2434,801,55,2,4.1,22,3925.18,2,0,3,1,0.25,0,50,5,Finance
user_legacy_2435,1069,6,5,3.8,26,6435.77,0,1,6,0,0.04,0,40,6,Marketing
user_legacy_2436,566,0,7,12.0,16,7166.47,0,0,2,0,0.25,0,7,9,Education
user_legacy_2437,1023,43,3,1.7,33,14808.26,0,3,1,0,0.27,0,28,7,E-commerce
user_legacy_2438,1474,1,18,16.2,38,6355.34,0,3,3,1,0.45,0,34,6,E-commerce
user_legacy_2439,656,37,4,5.9,18,6866.56,0,0,4,1,0.54,0,21,7,SaaS
user_legacy_2440,1323,21,4,9.9,28,8569.47,0,0,3,1,0.32,0,62,3,Finance
user_legacy_2441,1058,22,2,5.9,33,12792.17,0,1,2,0,0.06,0,13,8,Education
user_legacy_2442,1065,29,3,8.9,18,7276.24,0,4,10,1,0.59,0,57,4,Finance
user_legacy_2443,1135,19,4,3.8,36,3114.54,0,1,1,0,0.28,0,53,4,SaaS
user_legacy_2444,991,55,1,1.5,29,8893.13,0,3,0,0,0.31,0,78,2,E-commerce
user_legacy_2445,873,55,0,0.0,23,9011.86,0,2,2,0,0.17,0,15,8,Education
user_legacy_2446,1096,38,2,3.6,32,14018.91,0,2,4,3,0.25,0,0,10,E-commerce
user_legacy_2447,1202,5,26,69.9,31,2022.36,0,0,3,1,0.05,0,82,1,Marketing
user_legacy_2448,741,33,1,1.4,14,6173.92,1,1,3,3,0.24,0,19,8,Marketing
user_legacy_2449,317,20,3,3.0,7,520.31,0,4,5,2,0.01,0,24,7,Marketing
user_legacy_2450,942,55,1,1.6,25,5940.01,1,0,2,0,0.72,0,27,7,Education
user_legacy_2451,1007,37,0,0.0,20,5081.58,0,0,3,2,0.52,0,56,4,Finance
user_legacy_2452,1032,2,10,6.3,18,8461.34,0,1,2,0,0.48,0,64,3,Finance
user_legacy_2453,925,19,4,4.7,19,1974.74,0,1,4,1,0.04,0,18,8,Marketing
user_legacy_2454,1079,56,4,8.5,21,4384.92,2,0,2,0,0.03,0,2,9,Finance
user_legacy_2455,972,18,2,1.8,25,5118.09,1,2,4,1,0.13,0,51,4,SaaS
user_legacy_2456,1359,47,2,5.3,36,16023.19,1,0,1,0,0.63,0,41,5,SaaS
user_legacy_2457,1353,39,1,0.6,44,3127.68,0,1,3,1,0.24,0,27,7,SaaS
user_legacy_2458,1054,4,24,46.5,24,10071.3,1,0,0,0,0.45,0,0,10,Education
user_legacy_2459,562,7,9,8.8,12,5077.84,1,1,5,0,0.25,0,11,8,Education
user_legacy_2460,1052,43,4,7.6,17,4151.0,0,3,1,0,0.16,0,55,4,Marketing
user_legacy_2461,683,4,24,32.3,16,4273.95,0,2,3,1,0.1,0,58,4,Marketing
user_legacy_2462,997,40,3,8.0,31,13544.42,2,0,5,1,0.46,0,57,4,Education
user_legacy_2463,1097,38,4,9.5,24,6513.01,0,1,7,1,0.44,0,58,4,Finance
user_legacy_2464,861,59,2,4.3,17,7224.1,0,1,1,0,0.0,0,0,10,Education
user_legacy_2465,704,18,0,0.0,16,2412.95,1,2,7,2,0.21,0,28,7,Finance
user_legacy_2466,1392,45,4,2.3,43,19022.91,0,4,3,1,0.18,0,10,9,Marketing
user_legacy_2467,845,44,3,8.4,19,5063.08,0,4,0,0,0.08,0,47,5,Education
user_legacy_2468,529,59,0,0.0,9,4493.51,0,1,4,1,0.34,0,43,5,E-commerce
user_legacy_2469,1177,6,16,33.0,19,6474.98,0,3,1,0,0.62,0,45,5,SaaS
user_legacy_2470,1164,26,2,4.2,35,6287.9,0,0,5,1,0.05,0,30,7,SaaS
user_legacy_2471,1351,0,10,26.5,30,4086.01,0,3,0,0,0.43,0,65,3,Education
user_legacy_2472,1198,24,3,6.0,35,14870.28,2,2,6,1,0.57,0,2,9,Finance
user_legacy_2473,1226,17,3,8.2,23,6462.6,1,2,0,0,0.13,0,47,5,E-commerce
user_legacy_2474,578,28,3,8.2,13,966.42,2,4,3,1,0.16,0,28,7,Marketing
user_legacy_2475,1398,19,1,2.6,26,10063.67,0,2,3,1,0.5,0,47,5,E-commerce
user_legacy_2476,647,22,4,7.5,12,3394.52,3,0,3,0,0.19,0,52,4,Finance
user_legacy_2477,1043,39,0,0.0,23,2603.41,0,3,2,0,0.48,0,42,5,SaaS
user_legacy_2478,578,25,4,9.8,10,1866.35,0,4,1,0,0.15,0,5,9,SaaS
user_legacy_2479,1160,16,2,5.6,37,6103.57,1,5,2,0,0.23,0,0,10,E-commerce
user_legacy_2480,930,36,3,2.7,22,7086.65,0,1,4,0,0.15,0,0,10,Education
user_legacy_2481,697,43,4,9.1,20,7802.86,1,0,0,0,0.07,0,22,7,SaaS
user_legacy_2482,860,32,3,7.7,22,2736.93,1,1,4,1,0.32,0,0,10,Marketing
user_legacy_2483,983,52,3,7.9,25,11772.13,0,0,0,0,0.1,0,96,0,Finance
user_legacy_2484,913,55,0,0.0,16,5478.46,2,4,1,0,0.54,0,33,6,SaaS
user_legacy_2485,1103,31,1,2.4,35,10730.02,0,2,7,1,0.29,0,82,1,Finance
user_legacy_2486,988,26,3,3.1,23,6248.93,0,2,0,0,0.0,0,28,7,Finance
user_legacy_2487,1082,18,4,6.5,27,12658.13,2,3,0,0,0.54,0,66,3,E-commerce
user_legacy_2488,853,15,1,1.6,14,2120.92,0,2,0,0,0.0,0,37,6,Marketing
user_legacy_2489,954,46,0,0.0,27,5181.11,0,0,2,0,0.26,0,85,1,Marketing
user_legacy_2490,1118,27,4,11.0,34,11814.98,0,0,3,2,0.04,0,29,7,SaaS
user_legacy_2491,1030,46,4,3.7,30,4433.29,0,2,0,0,0.07,0,0,10,SaaS
user_legacy_2492,1248,57,2,4.3,23,1782.43,0,4,3,1,0.26,0,63,3,Marketing
user_legacy_2493,789,33,3,6.3,24,3609.08,0,0,0,0,0.3,0,14,8,Marketing
user_legacy_2494,702,8,8,15.0,22,9696.2,0,2,2,0,0.09,0,21,7,Marketing
user_legacy_2495,661,59,4,10.6,19,8669.06,0,4,3,0,0.32,0,5,9,SaaS
user_legacy_2496,1077,2,21,46.3,30,14933.6,0,8,3,2,0.58,0,9,9,Education
user_legacy_2497,720,58,0,0.0,18,4232.69,1,4,4,3,0.55,0,20,8,Marketing
user_legacy_2498,1037,6,24,39.9,17,5477.82,0,1,1,0,0.18,0,47,5,Finance
user_legacy_2499,1244,5,13,29.2,32,5093.73,0,0,3,1,0.28,0,0,10,Finance
user_legacy_2500,1092,37,2,1.7,21,5160.4,0,2,2,0,0.42,0,80,2,Marketing
user_legacy_2501,1483,28,1,1.7,47,14034.95,0,1,3,2,0.57,0,44,5,Finance
user_legacy_2502,883,39,4,7.5,22,6773.4,0,2,1,0,0.27,0,86,1,Marketing
user_legacy_2503,1414,17,0,0.0,45,5227.22,0,2,4,1,0.27,0,78,2,Marketing
user_legacy_2504,681,36,4,7.2,13,684.42,0,4,1,0,0.36,0,68,3,E-commerce
user_legacy_2505,1192,13,25,32.7,25,5898.43,0,0,3,1,0.36,0,70,3,SaaS
user_legacy_2506,651,50,1,1.6,14,6794.28,1,2,3,2,0.27,0,68,3,Education
user_legacy_2507,1191,23,3,7.9,35,9966.93,0,0,0,0,0.29,0,75,2,Education
user_legacy_2508,1576,20,3,2.2,31,11124.22,0,2,0,0,0.26,0,51,4,Finance
user_legacy_2509,1578,36,0,0.0,34,11382.61,0,1,3,1,0.36,0,30,7,SaaS
user_legacy_2510,1214,35,4,7.1,30,10942.71,1,0,6,0,0.37,0,47,5,Finance
user_legacy_2511,899,53,0,0.0,23,4264.79,1,0,3,3,0.4,0,45,5,Finance
user_legacy_2512,1006,17,3,8.1,27,9956.05,0,5,0,0,0.14,0,21,7,Marketing
user_legacy_2513,841,2,25,25.1,20,8481.78,1,3,2,0,0.05,0,13,8,Education
user_legacy_2514,1006,4,5,11.9,26,9352.25,0,1,1,0,0.44,0,51,4,Marketing
user_legacy_2515,498,46,3,5.1,12,2911.36,1,1,8,2,0.61,0,67,3,Finance
user_legacy_2516,977,22,2,4.5,16,1486.54,1,0,1,0,0.32,0,51,4,Marketing
user_legacy_2517,911,41,3,4.6,18,2816.9,0,1,1,0,0.0,0,40,6,Marketing
user_legacy_2518,1190,25,2,4.5,20,9922.94,0,6,1,0,0.28,0,32,6,Education
user_legacy_2519,433,34,1,1.3,10,3816.64,1,3,0,0,0.07,0,56,4,Marketing
user_legacy_2520,1253,32,2,2.1,30,3907.64,0,0,2,0,0.33,0,72,2,SaaS
user_legacy_2521,797,35,0,0.0,13,3613.85,0,3,0,0,0.4,0,51,4,Education
user_legacy_2522,1264,18,4,9.8,35,12480.71,1,2,0,0,0.18,0,46,5,SaaS
user_legacy_2523,1012,17,2,2.8,27,2429.36,0,1,3,2,0.23,0,65,3,Education
user_legacy_2524,1135,41,2,4.3,20,6220.56,0,2,1,0,0.71,0,29,7,SaaS
user_legacy_2525,1313,48,3,4.1,39,10759.32,1,1,4,1,0.36,0,63,3,SaaS
user_legacy_2526,1694,36,0,0.0,51,7211.16,0,3,0,0,0.51,0,71,2,Education
user_legacy_2527,1010,17,0,0.0,19,3422.58,0,0,1,0,0.0,0,27,7,SaaS
user_legacy_2528,891,40,4,5.0,21,6158.5,0,1,3,0,0.0,0,61,3,SaaS
user_legacy_2529,1037,33,0,0.0,25,9740.97,0,3,2,0,0.3,0,84,1,SaaS
user_legacy_2530,1098,57,4,10.8,20,6067.68,1,1,0,0,0.2,0,59,4,Finance
user_legacy_2531,1050,11,14,13.6,27,6808.21,0,3,2,0,0.0,0,12,8,Finance
user_legacy_2532,906,57,3,3.4,22,7724.93,0,2,1,0,0.55,0,56,4,Education
user_legacy_2533,1223,17,1,1.5,31,13334.17,0,4,1,0,0.33,0,39,6,Finance
user_legacy_2534,1073,4,21,59.7,34,9385.39,0,0,0,0,0.29,0,19,8,Education
user_legacy_2535,1549,26,4,7.5,42,7273.24,0,2,0,0,0.33,0,61,3,Education
user_legacy_2536,700,54,1,2.8,19,9480.4,1,1,3,3,0.28,0,38,6,Education
user_legacy_2537,738,31,4,4.2,12,4087.66,0,4,3,2,0.07,0,79,2,SaaS
user_legacy_2538,1523,19,0,0.0,33,7635.83,0,1,5,1,0.53,0,67,3,E-commerce
user_legacy_2539,892,20,1,0.7,23,2434.47,1,0,1,0,0.32,0,0,10,E-commerce
user_legacy_2540,1067,16,4,4.3,31,4172.06,1,3,4,0,0.24,0,76,2,Marketing
user_legacy_2541,597,46,4,4.7,13,3176.08,0,3,5,2,0.03,0,24,7,Finance
user_legacy_2542,1390,54,4,8.8,35,2651.69,0,1,5,2,0.35,0,25,7,Finance
user_legacy_2543,671,24,2,2.5,20,9758.11,1,0,2,0,0.26,0,14,8,Finance
user_legacy_2544,695,56,3,3.2,22,5112.38,1,0,2,0,0.0,0,48,5,SaaS
user_legacy_2545,805,56,4,10.8,18,6586.61,1,2,4,0,0.78,0,32,6,SaaS
user_legacy_2546,1283,42,4,3.4,25,8762.67,1,2,1,0,0.62,0,24,7,SaaS
user_legacy_2547,1625,34,4,10.0,33,3468.57,0,2,4,1,0.05,0,27,7,E-commerce
user_legacy_2548,1226,18,3,6.1,22,1227.98,0,1,2,0,0.22,0,47,5,Marketing
user_legacy_2549,1416,54,1,1.0,42,14653.19,1,2,4,2,0.0,0,47,5,SaaS
user_legacy_2550,1100,17,0,0.0,31,11966.69,0,2,1,0,0.48,0,11,8,Finance
user_legacy_2551,931,43,2,5.7,21,8852.71,0,2,1,0,0.36,0,36,6,Marketing
user_legacy_2552,1197,28,4,9.2,28,2132.96,0,1,5,2,0.48,0,39,6,SaaS
user_legacy_2553,663,30,2,2.3,17,4731.15,0,0,3,1,0.16,0,86,1,SaaS
user_legacy_2554,892,54,0,0.0,21,8720.44,1,0,5,2,0.33,0,65,3,E-commerce
user_legacy_2555,1559,47,0,0.0,39,13294.91,1,0,7,3,0.74,0,0,10,E-commerce
user_legacy_2556,1422,10,15,8.5,24,9887.96,2,2,8,0,0.22,0,0,10,E-commerce
user_legacy_2557,1485,9,19,15.4,27,6302.25,0,2,2,0,0.16,0,16,8,Marketing
user_legacy_2558,695,35,2,5.5,15,6671.64,0,0,3,1,0.47,0,45,5,E-commerce
user_legacy_2559,1508,34,3,1.5,37,15519.88,0,0,4,1,0.58,0,80,2,Finance
user_legacy_2560,1145,9,21,46.4,20,9125.56,1,1,0,0,0.33,0,32,6,Finance
user_legacy_2561,878,37,0,0.0,28,3595.16,0,3,1,0,0.56,0,45,5,Education
user_legacy_2562,1469,9,18,31.9,29,13503.85,0,1,0,0,0.08,0,66,3,SaaS
user_legacy_2563,658,53,4,11.7,16,4111.45,1,5,3,1,0.54,0,61,3,Finance
user_legacy_2564,757,52,1,1.3,16,7449.35,0,0,2,0,0.3,0,21,7,E-commerce
user_legacy_2565,1130,53,0,0.0,18,8719.99,1,3,2,0,0.26,0,71,2,Finance
user_legacy_2566,1294,44,4,11.9,39,18821.02,1,4,0,0,0.23,0,88,1,Education
user_legacy_2567,799,39,4,9.6,16,7544.23,0,0,3,0,0.34,0,25,7,E-commerce
user_legacy_2568,829,8,17,34.5,26,12851.84,1,2,2,0,0.16,0,0,10,SaaS
user_legacy_2569,976,58,0,0.0,19,8424.63,0,3,5,1,0.37,0,33,6,E-commerce
user_legacy_2570,992,40,1,0.7,29,13490.4,0,2,2,0,0.37,0,49,5,Education
user_legacy_2571,1135,42,1,2.9,34,16291.57,1,3,1,0,0.03,0,65,3,Finance
user_legacy_2572,826,53,0,0.0,22,5642.02,0,0,3,1,0.28,0,1,9,SaaS
user_legacy_2573,891,35,2,5.6,15,5109.78,0,1,0,0,0.23,0,37,6,E-commerce
user_legacy_2574,1416,51,0,0.0,31,15156.4,1,1,6,0,0.0,0,4,9,SaaS
user_legacy_2575,927,15,3,4.4,29,6796.25,1,0,2,0,0.31,0,9,9,E-commerce
user_legacy_2576,957,48,1,1.9,30,1512.59,0,0,0,0,0.24,0,29,7,SaaS
user_legacy_2577,200,29,3,4.8,4,1630.52,0,2,6,2,0.58,0,42,5,Education
user_legacy_2578,1103,46,4,4.1,23,2763.93,0,1,1,0,0.52,0,67,3,Education
user_legacy_2579,673,49,2,1.9,11,4536.82,0,1,4,1,0.22,0,52,4,SaaS
user_legacy_2580,848,37,4,11.9,20,9235.49,0,1,2,0,0.39,0,27,7,Finance
user_legacy_2581,950,24,2,1.9,25,8350.79,0,1,5,0,0.08,0,15,8,Marketing
user_legacy_2582,968,41,2,5.9,30,8756.22,1,0,4,0,0.29,0,12,8,Education
user_legacy_2583,620,22,2,1.0,15,3573.14,1,2,4,1,0.36,0,0,10,SaaS
user_legacy_2584,1367,2,15,16.1,44,9174.19,0,0,1,0,0.33,0,52,4,Finance
user_legacy_2585,819,8,26,53.6,21,9722.46,0,3,0,0,0.22,0,72,2,Marketing
user_legacy_2586,1775,10,16,33.1,40,14251.72,0,0,2,0,0.45,0,28,7,Education
user_legacy_2587,1047,29,4,8.8,26,2137.85,0,3,4,0,0.39,0,46,5,SaaS
user_legacy_2588,1027,19,4,9.6,17,1128.2,0,2,5,0,0.12,0,56,4,Education
user_legacy_2589,1055,1,14,40.8,26,12959.12,0,3,2,0,0.49,0,39,6,SaaS
user_legacy_2590,1264,33,4,3.9,25,5011.1,0,0,1,0,0.01,0,57,4,E-commerce
user_legacy_2591,1113,6,27,22.3,30,10738.91,0,6,2,0,0.28,0,7,9,Marketing
user_legacy_2592,1273,36,3,4.5,22,8188.69,0,2,2,0,0.0,0,70,3,Education
user_legacy_2593,603,10,10,12.5,11,2473.48,0,1,0,0,0.07,0,72,2,Education
user_legacy_2594,1160,27,1,1.2,27,7723.83,0,0,4,0,0.16,0,1,9,Education
user_legacy_2595,1105,18,4,4.2,21,6061.62,0,4,0,0,0.63,0,100,0,Education
user_legacy_2596,825,33,2,3.8,21,7146.6,0,2,2,0,0.36,0,100,0,Marketing
user_legacy_2597,1191,55,2,4.5,37,14928.36,1,5,4,1,0.35,0,51,4,SaaS
user_legacy_2598,1789,6,7,5.0,51,14733.84,0,1,0,0,0.03,0,1,9,Marketing
user_legacy_2599,1091,55,2,1.7,23,2020.15,1,2,0,0,0.48,0,19,8,Marketing
user_legacy_2600,1346,20,3,5.5,28,9122.44,0,1,3,1,0.23,0,44,5,E-commerce
user_legacy_2601,1038,44,0,0.0,30,11802.89,0,3,2,0,0.15,0,69,3,Education
user_legacy_2602,1463,50,0,0.0,32,4619.48,1,5,3,0,0.25,0,67,3,SaaS
user_legacy_2603,1090,58,2,5.0,30,11550.49,1,0,3,2,0.2,0,75,2,Finance
user_legacy_2604,730,15,3,6.4,18,6484.29,1,3,2,0,0.37,0,50,5,Education
user_legacy_2605,752,52,1,3.0,22,3390.19,0,2,3,0,0.86,0,49,5,Marketing
user_legacy_2606,1187,32,3,8.4,35,4075.25,0,3,1,0,0.19,0,51,4,E-commerce
user_legacy_2607,836,41,3,1.8,22,2163.65,0,3,4,1,0.35,0,33,6,Education
user_legacy_2608,1538,12,7,18.0,39,11964.66,0,1,6,1,0.14,0,45,5,SaaS
user_legacy_2609,924,47,3,2.4,29,9751.62,0,3,1,0,0.0,0,75,2,Marketing
user_legacy_2610,1044,32,3,6.7,24,5084.87,2,2,1,0,0.48,0,58,4,Finance
user_legacy_2611,1265,17,0,0.0,26,5073.21,0,2,1,0,0.35,0,39,6,Education
user_legacy_2612,767,28,3,5.0,14,2422.09,1,5,0,0,0.06,0,37,6,Marketing
user_legacy_2613,1307,39,1,0.6,26,1708.04,0,3,1,0,0.41,0,9,9,E-commerce
user_legacy_2614,1228,1,23,29.4,24,2474.95,0,3,0,0,0.47,0,17,8,E-commerce
user_legacy_2615,1206,43,1,0.5,30,2888.1,0,1,6,0,0.16,0,56,4,Finance
user_legacy_2616,715,16,3,7.7,18,1951.03,0,0,5,0,0.13,0,65,3,Marketing
user_legacy_2617,1133,37,1,1.6,20,2210.01,0,0,6,4,0.09,0,52,4,Education
user_legacy_2618,910,35,2,1.5,19,9059.18,0,0,0,0,0.35,0,9,9,Finance
user_legacy_2619,778,33,4,7.4,22,9133.39,0,1,0,0,0.2,0,0,10,Marketing
user_legacy_2620,1068,3,16,27.5,34,14726.48,2,0,4,1,0.42,0,29,7,E-commerce
user_legacy_2621,891,3,22,25.1,21,5284.71,0,0,0,0,0.22,0,0,10,Finance
user_legacy_2622,932,32,1,2.0,18,4215.73,0,3,2,0,0.28,0,78,2,Marketing
user_legacy_2623,1353,6,24,12.4,41,16019.53,0,2,3,1,0.55,0,16,8,Education
user_legacy_2624,214,18,1,2.6,6,866.69,0,0,1,0,0.3,0,11,8,Finance
user_legacy_2625,999,49,3,3.0,16,5953.78,0,0,0,0,0.79,0,18,8,Marketing
user_legacy_2626,686,3,14,39.9,16,1309.19,0,0,6,0,0.14,0,16,8,SaaS
user_legacy_2627,1040,20,2,5.2,25,9671.32,0,4,0,0,0.44,0,10,9,Finance
user_legacy_2628,1262,15,0,0.0,28,4693.02,0,1,1,0,0.5,0,29,7,Finance
user_legacy_2629,862,54,3,2.1,25,10289.95,0,2,2,0,0.09,0,11,8,SaaS
user_legacy_2630,1234,31,4,8.3,32,5492.66,0,0,3,1,0.6,0,76,2,E-commerce
user_legacy_2631,642,22,2,3.2,19,3670.68,0,2,6,1,0.62,0,100,0,Finance
user_legacy_2632,1280,16,4,9.2,30,11875.67,0,2,2,0,0.09,0,48,5,SaaS
user_legacy_2633,909,1,16,25.7,17,4797.8,3,0,1,0,0.37,0,45,5,SaaS
user_legacy_2634,853,12,12,35.6,16,4015.2,0,5,1,0,0.54,0,17,8,Marketing
user_legacy_2635,1558,28,1,2.5,34,5909.13,0,0,4,1,0.25,0,54,4,E-commerce
user_legacy_2636,1543,9,25,28.2,49,12249.78,0,0,6,3,0.28,0,22,7,Finance
user_legacy_2637,1211,37,4,9.6,25,9782.18,1,2,3,2,0.5,0,8,9,SaaS
user_legacy_2638,1061,53,2,4.1,32,3178.8,1,1,2,0,0.24,0,0,10,SaaS
user_legacy_2639,1442,41,3,4.1,46,21391.95,0,0,3,1,0.48,0,36,6,Marketing
user_legacy_2640,669,2,25,30.1,12,1184.39,0,0,3,0,0.08,0,32,6,SaaS
user_legacy_2641,897,38,4,10.9,22,1165.04,1,1,5,2,0.16,0,32,6,Education
user_legacy_2642,1403,57,3,5.2,32,8646.42,1,0,3,1,0.45,0,0,10,SaaS
user_legacy_2643,690,27,4,11.0,18,2165.58,1,0,11,0,0.32,0,43,5,SaaS
user_legacy_2644,945,43,1,2.9,16,6023.69,1,1,2,0,0.0,0,0,10,SaaS
user_legacy_2645,953,48,2,5.6,21,3356.64,0,1,1,0,0.16,0,0,10,SaaS
user_legacy_2646,616,21,0,0.0,19,2421.07,0,6,0,0,0.54,0,30,7,Education
user_legacy_2647,816,19,0,0.0,21,4009.9,1,0,1,0,0.33,0,100,0,Education
user_legacy_2648,720,45,4,4.4,12,5368.16,0,3,3,1,0.15,0,31,6,Marketing
user_legacy_2649,1155,13,24,54.4,22,10000.15,1,2,0,0,0.13,0,53,4,SaaS
user_legacy_2650,350,35,2,3.8,8,2720.28,1,3,1,0,0.54,0,34,6,E-commerce
user_legacy_2651,1874,21,2,4.3,47,22491.66,1,3,5,1,0.55,0,74,2,Marketing
user_legacy_2652,1062,22,2,3.3,26,2671.9,1,0,3,0,0.31,0,66,3,Marketing
user_legacy_2653,1093,43,2,4.2,18,3491.29,0,2,0,0,0.1,0,66,3,Education
user_legacy_2654,1140,53,0,0.0,28,7632.45,0,1,1,0,0.27,0,0,10,SaaS
user_legacy_2655,1537,37,2,2.6,46,21240.2,1,0,2,0,0.36,0,35,6,Finance
user_legacy_2656,1909,20,2,2.2,56,4502.55,0,0,5,0,0.3,0,88,1,Marketing
user_legacy_2657,1754,33,0,0.0,46,13070.89,1,0,0,0,0.41,0,0,10,Education
user_legacy_2658,1223,42,2,5.8,39,14507.71,1,1,3,3,0.45,0,36,6,Finance
user_legacy_2659,667,50,0,0.0,13,3172.22,0,0,2,0,0.25,0,40,6,SaaS
user_legacy_2660,1326,43,3,7.3,40,9502.87,0,2,4,1,0.34,0,13,8,Finance
user_legacy_2661,1330,12,26,73.1,42,14964.26,1,1,1,0,0.28,0,0,10,Finance
user_legacy_2662,778,43,4,2.4,17,2359.18,0,2,2,0,0.16,0,17,8,Marketing
user_legacy_2663,537,30,0,0.0,12,1964.86,1,0,2,0,0.47,0,80,2,E-commerce
user_legacy_2664,1223,55,2,4.9,25,10593.81,0,0,1,0,0.06,0,39,6,E-commerce
user_legacy_2665,1586,48,1,1.0,29,5068.9,0,1,2,0,0.06,0,89,1,SaaS
user_legacy_2666,609,50,0,0.0,19,6277.23,0,2,0,0,0.37,0,54,4,Finance
user_legacy_2667,763,11,23,14.2,24,6444.33,1,0,4,1,0.52,0,42,5,E-commerce
user_legacy_2668,1341,45,2,4.6,33,11647.94,0,1,6,2,0.21,0,35,6,Marketing
user_legacy_2669,1022,15,2,1.9,27,6187.82,0,3,4,1,0.02,0,13,8,E-commerce
user_legacy_2670,1019,41,4,2.9,27,2980.94,1,0,4,3,0.65,0,39,6,Marketing
user_legacy_2671,1468,26,0,0.0,30,7952.52,0,1,8,2,0.14,0,29,7,SaaS
user_legacy_2672,823,51,4,10.3,20,8285.5,0,2,1,0,0.24,0,0,10,Education
user_legacy_2673,1000,4,12,6.3,25,9250.48,0,1,5,1,0.0,0,10,9,Finance
user_legacy_2674,568,21,2,2.6,10,2381.81,0,4,4,1,0.39,0,54,4,Education
user_legacy_2675,1292,52,2,2.4,31,2853.8,1,1,0,0,0.66,0,0,10,Education
user_legacy_2676,707,46,3,6.4,19,5415.74,0,2,2,0,0.02,0,24,7,Education
user_legacy_2677,1040,35,1,0.8,17,4410.21,0,0,2,0,0.25,0,0,10,Finance
user_legacy_2678,905,27,3,6.5,17,2324.22,2,2,1,0,0.42,0,15,8,Education
user_legacy_2679,872,56,3,8.7,16,7954.83,1,0,3,0,0.0,0,80,2,Education
user_legacy_2680,1015,21,4,5.3,17,5586.42,1,3,4,1,0.24,0,0,10,Finance
user_legacy_2681,998,25,3,4.1,24,9947.46,0,1,3,0,0.34,0,33,6,E-commerce
user_legacy_2682,1160,42,4,11.1,23,9737.07,1,0,3,2,0.38,0,74,2,SaaS
user_legacy_2683,1370,34,0,0.0,43,15900.68,0,0,3,0,0.61,0,50,5,Education
user_legacy_2684,621,54,1,2.4,11,2783.22,0,2,4,1,0.24,0,20,8,SaaS
user_legacy_2685,938,38,3,3.4,25,5340.07,1,0,3,1,0.24,0,41,5,Marketing
user_legacy_2686,653,51,4,6.6,18,8865.53,0,5,0,0,0.36,0,0,10,Education
user_legacy_2687,1496,57,0,0.0,33,9996.27,1,4,0,0,0.0,0,59,4,E-commerce
user_legacy_2688,991,44,2,5.3,21,1294.2,2,3,4,1,0.02,0,25,7,E-commerce
user_legacy_2689,1331,18,4,4.0,36,7760.23,0,4,5,1,0.7,0,57,4,SaaS
user_legacy_2690,907,4,19,37.8,21,9562.48,0,0,4,2,0.12,0,0,10,SaaS
user_legacy_2691,886,40,1,1.2,22,3251.08,1,0,4,1,0.27,0,41,5,Finance
user_legacy_2692,1269,26,0,0.0,22,9589.63,0,1,0,0,0.13,0,55,4,Marketing
user_legacy_2693,944,9,5,8.6,21,7051.72,0,0,0,0,0.51,0,11,8,SaaS
user_legacy_2694,750,43,1,2.2,16,5072.23,0,2,0,0,0.21,0,18,8,Finance
user_legacy_2695,1661,2,28,19.4,44,21777.45,0,2,4,0,0.43,0,49,5,SaaS
user_legacy_2696,625,0,19,32.6,12,2160.91,0,1,0,0,0.16,0,100,0,E-commerce
user_legacy_2697,1124,13,19,39.3,31,10240.77,1,2,5,3,0.32,0,45,5,Marketing
user_legacy_2698,1087,41,3,8.6,21,1800.78,1,1,5,1,0.36,0,67,3,Marketing
user_legacy_2699,786,51,3,6.2,21,7565.5,0,0,4,2,0.45,0,43,5,Finance
user_legacy_2700,976,15,4,10.4,17,2699.64,0,0,3,0,0.29,0,56,4,Education
user_legacy_2701,644,33,4,3.3,18,3555.1,0,3,5,2,0.23,0,15,8,Marketing
user_legacy_2702,1266,17,3,1.9,36,12802.11,0,1,5,1,0.48,0,91,0,Education
user_legacy_2703,1048,55,2,4.4,26,4493.05,2,0,3,1,0.26,0,41,5,SaaS
user_legacy_2704,804,44,3,5.2,13,4504.16,1,1,2,0,0.41,0,28,7,Finance
user_legacy_2705,997,30,1,2.4,30,14910.98,0,0,0,0,0.4,0,52,4,SaaS
user_legacy_2706,661,50,3,5.8,18,5160.8,0,2,2,0,0.23,0,23,7,Finance
user_legacy_2707,1305,13,10,12.7,37,16701.1,1,2,1,0,0.23,0,79,2,Finance
user_legacy_2708,653,51,0,0.0,11,4526.2,2,1,3,1,0.17,0,32,6,Education
user_legacy_2709,526,45,4,5.3,15,2704.53,1,3,0,0,0.08,0,30,7,E-commerce
user_legacy_2710,650,20,0,0.0,17,2821.42,1,1,0,0,0.47,0,31,6,Marketing
user_legacy_2711,856,41,2,4.9,17,4231.72,0,1,4,0,0.21,0,0,10,SaaS
user_legacy_2712,1079,57,4,5.3,25,4531.39,2,3,0,0,0.39,0,0,10,Education
user_legacy_2713,1268,15,2,3.6,37,17775.78,0,2,0,0,0.3,0,39,6,Education
user_legacy_2714,821,58,1,2.2,25,12044.27,1,0,1,0,0.31,0,34,6,E-commerce
user_legacy_2715,1028,57,2,2.6,32,13642.08,1,3,1,0,0.56,0,14,8,Marketing
user_legacy_2716,1398,5,28,51.5,41,10666.49,0,0,0,0,0.42,0,74,2,Finance
user_legacy_2717,580,48,4,5.7,16,5668.23,0,2,0,0,0.44,0,78,2,E-commerce
user_legacy_2718,889,0,11,21.5,23,10289.78,0,0,0,0,0.32,0,47,5,Finance
user_legacy_2719,838,53,3,3.5,22,10510.25,1,0,0,0,0.44,0,24,7,Marketing
user_legacy_2720,558,12,8,7.0,16,2795.74,0,0,2,0,0.24,0,60,4,Finance
user_legacy_2721,1158,26,4,2.4,28,13515.5,0,1,1,0,0.12,0,57,4,SaaS
user_legacy_2722,981,17,3,5.1,17,4060.52,2,3,3,1,0.24,0,24,7,Marketing
user_legacy_2723,1215,35,2,1.2,38,5108.74,0,0,4,0,0.12,0,32,6,SaaS
user_legacy_2724,893,15,0,0.0,21,5280.35,0,3,0,0,0.21,0,100,0,Marketing
user_legacy_2725,645,55,4,5.7,12,4077.74,1,0,2,0,0.15,0,31,6,Finance
user_legacy_2726,1226,18,0,0.0,20,7307.89,1,3,0,0,0.33,0,22,7,Finance
user_legacy_2727,729,57,1,0.5,23,10969.49,0,0,2,0,0.31,0,0,10,Marketing
user_legacy_2728,633,4,18,19.4,20,8118.29,0,1,4,0,0.26,0,3,9,SaaS
user_legacy_2729,663,35,1,2.3,20,4976.53,0,4,3,1,0.58,0,70,3,SaaS
user_legacy_2730,805,39,0,0.0,16,5223.28,0,2,7,2,0.06,0,24,7,E-commerce
user_legacy_2731,904,44,1,2.7,24,9323.65,0,1,3,2,0.14,0,0,10,Finance
user_legacy_2732,651,13,13,16.6,16,3495.22,1,2,1,0,0.37,0,45,5,Education
user_legacy_2733,793,6,29,82.3,14,1414.49,0,0,1,0,0.28,0,32,6,SaaS
user_legacy_2734,992,58,4,10.4,28,8749.37,0,2,4,1,0.18,0,29,7,SaaS
user_legacy_2735,340,22,1,1.4,9,2450.28,0,4,3,1,0.49,0,14,8,E-commerce
user_legacy_2736,1091,5,28,14.4,34,11175.3,2,1,1,0,0.52,0,65,3,E-commerce
user_legacy_2737,1191,48,4,5.7,32,15024.8,0,2,3,1,0.38,0,25,7,Finance
user_legacy_2738,696,22,3,4.5,13,2044.68,0,1,3,0,0.44,0,81,1,Marketing
user_legacy_2739,1288,36,3,8.6,39,8156.08,1,0,4,3,0.45,0,65,3,SaaS
user_legacy_2740,798,40,0,0.0,16,6226.02,0,0,4,0,0.36,0,9,9,Marketing
user_legacy_2741,1106,26,3,3.9,22,7356.7,1,0,2,0,0.27,0,11,8,SaaS
user_legacy_2742,1298,4,20,23.7,41,3149.92,1,4,0,0,0.4,0,42,5,Finance
user_legacy_2743,658,41,2,2.6,13,4654.4,0,5,1,0,0.4,0,32,6,E-commerce
user_legacy_2744,706,37,4,6.0,13,3913.0,0,1,2,0,0.11,0,41,5,Education
user_legacy_2745,1101,4,13,31.8,29,6134.36,1,3,5,0,0.25,0,67,3,Marketing
user_legacy_2746,1170,42,2,1.7,23,1288.03,0,2,4,0,0.24,0,80,2,Education
user_legacy_2747,929,12,12,21.9,19,4675.89,0,0,6,2,0.41,0,42,5,E-commerce
user_legacy_2748,944,29,4,2.0,30,7731.48,0,1,2,0,0.65,0,34,6,SaaS
user_legacy_2749,1158,3,26,19.7,34,7296.12,0,3,3,0,0.39,0,83,1,SaaS
user_legacy_2750,863,32,3,8.5,16,6181.3,1,3,1,0,0.14,0,54,4,Education
user_legacy_2751,396,20,1,0.7,12,5675.72,1,1,2,0,0.38,0,33,6,Finance
user_legacy_2752,675,55,3,2.4,15,4409.84,0,3,1,0,0.31,0,54,4,E-commerce
user_legacy_2753,1020,2,7,3.6,18,2477.55,0,1,4,0,0.0,0,45,5,SaaS
user_legacy_2754,1222,30,0,0.0,37,5125.64,0,3,1,0,0.17,0,70,3,Education
user_legacy_2755,988,27,4,2.4,23,5100.93,0,0,4,3,0.28,0,38,6,Marketing
user_legacy_2756,328,5,17,13.7,9,3633.16,0,1,4,0,0.44,0,22,7,E-commerce
user_legacy_2757,1072,33,1,2.4,30,4366.45,2,3,0,0,0.19,0,0,10,SaaS
user_legacy_2758,1410,5,22,36.7,28,5861.63,0,2,1,0,0.45,0,68,3,E-commerce
user_legacy_2759,966,23,2,5.5,25,9441.65,0,0,4,1,0.15,0,12,8,Education
user_legacy_2760,602,40,1,1.0,16,7204.18,0,0,1,0,0.06,0,45,5,Finance
user_legacy_2761,1352,32,4,11.3,33,4609.66,0,0,3,1,0.0,0,83,1,Education
user_legacy_2762,1004,2,12,23.8,31,4626.26,0,0,1,0,0.35,0,34,6,Education
user_legacy_2763,764,1,6,16.3,22,3361.8,0,2,0,0,0.65,0,43,5,Finance
user_legacy_2764,822,2,9,6.3,14,5743.26,0,2,0,0,0.51,0,1,9,Finance
user_legacy_2765,1283,22,1,1.9,29,14169.28,0,2,0,0,0.16,0,50,5,SaaS
user_legacy_2766,636,55,0,0.0,20,2229.09,0,1,3,3,0.48,0,47,5,SaaS
user_legacy_2767,1338,37,0,0.0,33,14643.79,0,4,6,0,0.03,0,9,9,E-commerce
user_legacy_2768,831,32,1,3.0,20,8468.04,1,0,5,1,0.31,0,36,6,SaaS
user_legacy_2769,795,18,1,2.0,14,1136.38,1,2,0,0,0.52,0,26,7,Education
user_legacy_2770,958,21,4,9.2,25,12297.82,0,3,3,0,0.22,0,25,7,E-commerce
user_legacy_2771,851,5,6,16.5,26,8892.97,1,0,0,0,0.0,0,50,5,Finance
user_legacy_2772,947,20,2,2.1,16,926.05,1,1,2,0,0.0,0,0,10,Education
user_legacy_2773,1126,5,28,50.8,25,4017.71,0,2,3,0,0.34,0,72,2,Marketing
user_legacy_2774,1044,11,26,30.6,22,8202.54,1,0,4,2,0.35,0,52,4,SaaS
user_legacy_2775,843,23,2,4.2,27,4213.12,0,2,3,3,0.35,0,75,2,E-commerce
user_legacy_2776,1039,58,2,3.7,29,10082.71,0,1,0,0,0.0,0,67,3,Marketing
user_legacy_2777,1414,29,2,3.5,26,8401.55,0,3,0,0,0.23,0,39,6,Education
user_legacy_2778,474,44,4,10.0,10,3565.93,0,1,1,0,0.12,0,31,6,Marketing
user_legacy_2779,708,21,3,3.7,21,2507.51,0,1,5,1,0.17,0,80,2,Marketing
user_legacy_2780,1529,20,1,0.9,33,10983.38,0,1,3,0,0.32,0,83,1,Education
user_legacy_2781,895,35,3,6.1,14,3834.61,0,0,0,0,0.39,0,32,6,Education
user_legacy_2782,720,54,2,2.4,21,8558.66,0,2,1,0,0.48,0,43,5,Marketing
user_legacy_2783,1275,51,4,5.2,41,15616.47,0,0,2,0,0.22,0,58,4,Marketing
user_legacy_2784,435,12,13,12.6,10,3518.8,1,1,2,0,0.38,0,0,10,Finance
user_legacy_2785,1098,7,8,9.5,21,6438.66,0,0,6,0,0.22,0,72,2,SaaS
user_legacy_2786,721,52,3,8.7,17,855.93,0,4,1,0,0.43,0,38,6,Marketing
user_legacy_2787,1081,55,0,0.0,31,7159.03,1,1,3,1,0.39,0,0,10,Finance
user_legacy_2788,769,17,2,5.7,16,2321.86,0,2,4,3,0.13,0,23,7,Marketing
user_legacy_2789,1509,50,2,5.2,30,9906.14,0,4,3,0,0.36,0,34,6,E-commerce
user_legacy_2790,1110,3,7,16.3,28,12692.71,0,0,0,0,0.36,0,23,7,SaaS
user_legacy_2791,1209,46,0,0.0,37,10198.31,1,0,2,0,0.0,0,0,10,Education
user_legacy_2792,797,9,27,71.4,14,6025.79,0,2,2,0,0.21,0,0,10,Finance
user_legacy_2793,1158,36,0,0.0,20,4439.06,0,3,0,0,0.27,0,65,3,SaaS
user_legacy_2794,571,47,3,4.7,17,6462.62,0,0,3,1,0.0,0,56,4,Education
user_legacy_2795,764,20,1,0.9,19,2762.05,0,1,1,0,0.41,0,26,7,Marketing
user_legacy_2796,1133,39,2,2.3,21,3124.07,0,3,0,0,0.26,0,20,8,SaaS
user_legacy_2797,857,20,1,1.1,20,4041.33,1,0,1,0,0.41,0,71,2,Education
user_legacy_2798,1326,40,1,2.1,28,8088.94,0,1,2,0,0.08,0,46,5,SaaS
user_legacy_2799,881,32,1,1.5,22,5124.83,0,0,4,1,0.36,0,41,5,Finance
user_legacy_2800,1089,5,18,33.0,23,5196.06,2,1,0,0,0.36,0,45,5,SaaS
user_legacy_2801,1260,38,4,9.3,21,8307.11,1,2,2,0,0.49,0,18,8,Education
user_legacy_2802,1121,21,4,10.1,26,9953.81,0,1,2,0,0.0,0,34,6,E-commerce
user_legacy_2803,927,20,3,2.7,27,4368.04,0,0,1,0,0.49,0,64,3,Finance
user_legacy_2804,773,36,0,0.0,17,2583.97,0,1,0,0,0.24,0,16,8,Education
user_legacy_2805,926,57,0,0.0,28,10666.68,0,2,1,0,0.21,0,26,7,Finance
user_legacy_2806,997,40,2,3.4,22,7689.58,1,4,5,0,0.31,0,97,0,SaaS
user_legacy_2807,1381,49,3,5.2,43,4509.93,1,2,2,0,0.07,0,40,6,E-commerce
user_legacy_2808,1045,56,2,6.0,23,3557.16,0,0,8,1,0.0,0,0,10,Education
user_legacy_2809,1098,26,3,8.1,34,8143.43,2,2,4,0,0.13,0,84,1,Marketing
user_legacy_2810,1176,2,19,44.9,23,2649.83,0,2,1,0,0.07,0,33,6,SaaS
user_legacy_2811,814,46,0,0.0,14,6029.26,1,2,0,0,0.14,0,19,8,SaaS
user_legacy_2812,1162,42,0,0.0,35,15839.59,2,0,3,1,0.9,0,55,4,Marketing
user_legacy_2813,1047,47,1,1.1,26,11767.14,0,1,3,0,0.5,0,50,5,Education
user_legacy_2814,826,30,1,1.5,18,6488.04,1,2,4,0,0.04,0,53,4,Marketing
user_legacy_2815,532,52,0,0.0,10,1752.23,0,2,3,0,0.44,0,48,5,Education
user_legacy_2816,1294,48,4,8.4,25,6574.46,0,2,4,1,0.0,0,54,4,Marketing
user_legacy_2817,1003,22,3,6.8,23,8606.99,0,0,9,2,0.36,0,73,2,Finance
user_legacy_2818,1008,9,5,11.6,23,3399.32,0,6,3,1,0.53,0,0,10,SaaS
user_legacy_2819,1055,17,2,1.7,31,9094.84,0,4,2,0,0.41,0,15,8,E-commerce
user_legacy_2820,1126,6,15,28.2,29,8140.38,0,4,1,0,0.0,0,2,9,Finance
user_legacy_2821,764,18,3,6.6,15,4467.11,1,0,5,2,0.42,0,0,10,Marketing
user_legacy_2822,1192,21,3,7.0,32,13792.66,1,0,5,2,0.26,0,73,2,E-commerce
user_legacy_2823,1103,1,14,35.3,21,5422.03,0,0,2,0,0.11,0,26,7,E-commerce
user_legacy_2824,1482,25,2,2.9,37,13817.14,0,1,3,0,0.6,0,40,6,SaaS
user_legacy_2825,961,23,2,2.1,23,8517.92,0,2,0,0,0.34,0,6,9,Finance
user_legacy_2826,951,37,2,2.3,23,9209.66,0,3,0,0,0.27,0,0,10,E-commerce
user_legacy_2827,1521,10,8,6.5,37,7272.12,1,0,5,1,0.49,0,20,8,Finance
user_legacy_2828,1124,1,23,18.0,35,15199.6,0,1,2,0,0.04,0,0,10,SaaS
user_legacy_2829,904,32,3,6.6,23,4271.04,1,3,3,1,0.25,0,53,4,Marketing
user_legacy_2830,917,35,0,0.0,20,5196.88,0,0,4,0,0.62,0,4,9,SaaS
user_legacy_2831,1030,51,4,5.5,24,4151.99,1,2,0,0,0.44,0,38,6,Finance
user_legacy_2832,1001,45,3,3.8,31,4495.15,0,4,1,0,0.54,0,53,4,Finance
user_legacy_2833,936,4,21,31.5,19,6749.85,0,0,0,0,0.49,0,100,0,Education
user_legacy_2834,899,21,3,7.9,25,3364.47,0,0,3,0,0.24,0,29,7,Finance
user_legacy_2835,1122,32,3,3.2,34,4993.23,0,5,6,0,0.5,0,71,2,Finance
user_legacy_2836,744,41,1,2.0,14,4596.36,0,4,1,0,0.44,0,14,8,E-commerce
user_legacy_2837,1428,35,0,0.0,24,4587.5,1,3,1,0,0.0,0,31,6,Finance
user_legacy_2838,1021,52,1,2.9,27,8238.88,0,1,1,0,0.57,0,38,6,Education
user_legacy_2839,512,28,1,2.3,15,4356.82,0,1,4,1,0.1,0,37,6,Finance
user_legacy_2840,1486,39,3,6.0,34,12824.08,0,0,3,0,0.7,0,49,5,SaaS
user_legacy_2841,1804,23,2,1.1,47,4330.77,1,1,2,0,0.1,0,22,7,E-commerce
user_legacy_2842,1263,10,21,19.5,23,9040.44,0,3,3,2,0.21,0,90,1,E-commerce
user_legacy_2843,448,17,0,0.0,13,6356.41,0,2,1,0,0.04,0,66,3,E-commerce
user_legacy_2844,560,22,0,0.0,9,3947.68,0,4,3,1,0.58,0,81,1,E-commerce
user_legacy_2845,536,22,1,1.2,15,3991.12,2,3,1,0,0.22,0,0,10,Finance
user_legacy_2846,1326,34,4,4.9,38,9308.11,2,3,3,2,0.2,0,11,8,Education
user_legacy_2847,982,1,24,70.1,23,6355.92,1,0,3,5,0.34,0,0,10,E-commerce
user_legacy_2848,857,33,4,3.1,22,6631.77,0,3,1,0,0.32,0,30,7,E-commerce
user_legacy_2849,693,30,4,9.8,15,2468.38,0,5,3,1,0.37,0,80,2,Finance
user_legacy_2850,886,36,1,2.8,17,2768.86,0,3,0,0,0.66,0,0,10,Finance
user_legacy_2851,428,17,0,0.0,11,1976.02,0,2,1,0,0.24,0,34,6,E-commerce
user_legacy_2852,314,2,16,21.9,5,730.72,1,2,1,0,0.01,0,59,4,Education
user_legacy_2853,1287,55,2,2.4,25,10510.28,0,4,3,1,0.29,0,72,2,Education
user_legacy_2854,1207,34,1,2.7,29,5092.87,2,1,4,0,0.01,0,56,4,Education
user_legacy_2855,1517,53,4,9.8,43,11240.09,2,2,0,0,0.56,0,7,9,Marketing
user_legacy_2856,689,59,1,2.1,19,7860.19,0,0,6,0,0.25,0,75,2,SaaS
user_legacy_2857,797,37,1,2.4,17,5326.9,2,2,2,0,0.27,0,0,10,Education
user_legacy_2858,1282,37,4,10.7,37,9142.76,0,1,5,1,0.41,0,0,10,SaaS
user_legacy_2859,976,15,4,4.1,18,2067.26,0,0,6,0,0.07,0,53,4,Finance
user_legacy_2860,767,18,4,10.0,23,6774.83,0,3,3,1,0.26,0,14,8,Education
user_legacy_2861,890,18,4,7.8,17,4412.37,0,0,8,1,0.55,0,0,10,E-commerce
user_legacy_2862,1001,44,2,4.9,22,8731.48,1,0,1,0,0.25,0,77,2,E-commerce
user_legacy_2863,690,55,3,4.1,15,1581.22,1,1,0,0,0.41,0,55,4,SaaS
user_legacy_2864,469,30,3,5.6,14,4552.74,0,2,2,0,0.53,0,38,6,SaaS
user_legacy_2865,989,59,4,7.9,27,5077.53,1,4,3,2,0.47,0,83,1,Education
user_legacy_2866,712,23,1,2.1,12,3931.71,1,0,3,3,0.27,0,10,9,Finance
user_legacy_2867,1201,9,12,33.6,35,2624.62,0,2,2,0,0.39,0,36,6,SaaS
user_legacy_2868,1113,2,23,55.6,19,8282.38,1,3,1,0,0.05,0,56,4,Education
user_legacy_2869,1256,21,1,1.1,23,6016.14,0,0,0,0,0.01,0,29,7,Finance
user_legacy_2870,175,19,3,7.3,2,881.02,1,3,3,0,0.47,0,0,10,Finance
user_legacy_2871,856,49,4,9.4,21,6571.48,1,1,1,0,0.01,0,51,4,E-commerce
user_legacy_2872,1606,50,4,7.7,50,5376.24,0,0,0,0,0.49,0,59,4,Marketing
user_legacy_2873,1278,57,3,2.5,29,10110.95,1,3,1,0,0.22,0,39,6,Marketing
user_legacy_2874,1229,59,3,4.9,23,8837.42,0,5,2,0,0.22,0,67,3,Marketing
user_legacy_2875,950,52,3,4.8,27,12294.78,1,0,4,2,0.0,0,31,6,E-commerce
user_legacy_2876,2072,32,0,0.0,66,28018.59,1,1,3,1,0.29,0,20,8,Marketing
user_legacy_2877,1089,26,4,5.9,18,6629.46,0,3,4,0,0.27,0,36,6,Finance
user_legacy_2878,1085,45,2,3.6,34,10167.92,0,3,1,0,0.42,0,49,5,Education
user_legacy_2879,1143,31,4,6.5,36,7304.12,0,4,1,0,0.25,0,57,4,Finance
user_legacy_2880,904,37,3,4.3,20,7789.81,0,0,0,0,0.47,0,35,6,SaaS
user_legacy_2881,1003,50,3,5.1,28,7093.13,0,4,5,1,0.25,0,23,7,E-commerce
user_legacy_2882,941,53,0,0.0,19,4851.12,1,2,3,0,0.2,0,51,4,SaaS
user_legacy_2883,222,1,21,40.8,5,819.79,3,0,5,1,0.48,0,60,4,Marketing
user_legacy_2884,1165,41,0,0.0,27,1594.63,0,0,3,1,0.23,0,73,2,Education
user_legacy_2885,421,29,0,0.0,7,1667.32,0,2,2,0,0.52,0,0,10,Finance
user_legacy_2886,614,13,14,19.2,13,4181.44,1,2,2,0,0.31,0,2,9,Education
user_legacy_2887,1142,26,0,0.0,29,10457.56,0,0,6,0,0.0,0,32,6,Marketing
user_legacy_2888,1627,41,2,2.6,48,15566.7,1,4,0,0,0.36,0,55,4,Marketing
user_legacy_2889,873,4,13,15.4,25,7231.46,0,0,3,1,0.0,0,40,6,Finance
user_legacy_2890,779,54,3,7.2,16,1441.87,1,3,4,0,0.33,0,15,8,Finance
user_legacy_2891,1359,49,1,1.2,25,11217.16,0,1,3,2,0.06,0,0,10,Finance
user_legacy_2892,870,54,3,7.2,20,4638.37,1,1,2,0,0.27,0,0,10,Finance
user_legacy_2893,1008,15,1,0.9,22,4917.46,0,3,1,0,0.15,0,36,6,E-commerce
user_legacy_2894,910,16,2,1.2,17,4345.39,0,0,1,0,0.24,0,47,5,E-commerce
user_legacy_2895,587,49,3,4.0,10,3454.52,1,0,4,0,0.24,0,26,7,Finance
user_legacy_2896,874,9,17,47.9,24,11365.72,0,0,2,0,0.01,0,8,9,SaaS
user_legacy_2897,1338,3,11,30.0,28,6569.91,0,3,1,0,0.36,0,81,1,Marketing
user_legacy_2898,943,41,4,11.9,24,6999.24,1,1,2,0,0.18,0,50,5,SaaS
user_legacy_2899,1521,7,24,64.7,32,3800.27,0,5,0,0,0.0,0,46,5,Education
user_legacy_2900,1522,57,4,6.1,34,7634.96,0,0,3,2,0.29,0,28,7,Education
user_legacy_2901,795,54,0,0.0,15,3429.74,0,0,6,0,0.37,0,47,5,Marketing
user_legacy_2902,1127,28,2,3.7,27,3088.87,0,0,4,0,0.03,0,45,5,Education
user_legacy_2903,1311,50,1,0.7,38,18165.1,0,2,2,0,0.04,0,29,7,Education
user_legacy_2904,1821,10,15,12.6,57,7275.98,1,4,4,5,0.33,0,17,8,E-commerce
user_legacy_2905,1147,27,4,3.7,26,7617.37,0,0,4,3,0.23,0,76,2,Education
user_legacy_2906,998,30,0,0.0,27,10422.01,1,1,4,0,0.34,0,92,0,Marketing
user_legacy_2907,1099,17,3,4.1,33,14325.65,0,1,4,1,0.24,0,86,1,Marketing
user_legacy_2908,1043,51,0,0.0,29,11639.76,0,1,5,0,0.21,0,61,3,E-commerce
user_legacy_2909,812,4,5,7.4,18,4476.35,0,2,0,0,0.23,0,17,8,Marketing
user_legacy_2910,696,6,13,13.6,16,7574.08,0,0,1,0,0.02,0,34,6,SaaS
user_legacy_2911,1242,1,5,12.1,32,11090.84,0,5,3,1,0.03,0,0,10,Finance
user_legacy_2912,1004,38,2,2.0,27,12001.05,1,3,6,1,0.45,0,42,5,Marketing
user_legacy_2913,582,50,0,0.0,11,5143.1,0,0,4,1,0.14,0,62,3,Finance
user_legacy_2914,1055,16,3,7.7,23,10820.7,0,2,0,0,0.1,0,33,6,E-commerce
user_legacy_2915,715,59,1,1.6,12,5657.3,0,4,0,0,0.56,0,81,1,Marketing
user_legacy_2916,1096,19,1,2.5,28,12008.53,0,0,3,2,0.56,0,55,4,E-commerce
user_legacy_2917,1023,5,20,56.6,19,2229.41,0,1,3,2,0.0,0,19,8,E-commerce
user_legacy_2918,1172,25,3,7.7,28,11323.95,0,3,8,4,0.37,0,10,9,Marketing
user_legacy_2919,160,12,27,69.8,2,128.02,0,4,3,0,0.23,0,26,7,Education
user_legacy_2920,1067,41,2,3.8,30,5783.31,1,2,3,0,0.13,0,57,4,E-commerce
user_legacy_2921,264,34,3,6.6,6,1756.53,0,4,4,1,0.2,0,3,9,Finance
user_legacy_2922,602,3,19,35.4,10,1441.6,0,2,4,0,0.18,0,26,7,E-commerce
user_legacy_2923,1183,34,0,0.0,33,5023.81,0,4,0,0,0.2,0,12,8,E-commerce
user_legacy_2924,932,49,3,2.5,30,7049.99,0,2,3,1,0.09,0,41,5,Marketing
user_legacy_2925,1427,41,2,3.7,33,11314.6,1,0,1,0,0.37,0,37,6,Finance
user_legacy_2926,579,47,3,5.9,13,4479.67,0,0,5,1,0.48,0,45,5,Education
user_legacy_2927,1331,16,0,0.0,25,3844.63,0,1,3,0,0.28,0,6,9,Education
user_legacy_2928,1417,4,21,47.6,30,14699.23,2,2,3,2,0.32,0,31,6,SaaS
user_legacy_2929,860,27,2,1.4,21,9376.26,0,4,0,0,0.4,0,61,3,Marketing
user_legacy_2930,1193,1,14,17.9,31,6248.78,0,3,4,2,0.2,0,86,1,Marketing
user_legacy_2931,687,27,2,3.6,14,3157.03,0,4,4,1,0.21,0,89,1,E-commerce
user_legacy_2932,1626,58,2,5.2,41,8613.34,1,1,1,0,0.17,0,0,10,Marketing
user_legacy_2933,1083,56,0,0.0,21,4752.3,0,0,3,0,0.41,0,92,0,SaaS
user_legacy_2934,931,31,0,0.0,29,12783.05,0,8,3,0,0.37,0,6,9,SaaS
user_legacy_2935,1123,11,16,41.5,22,3830.63,0,0,0,0,0.24,0,88,1,Education
user_legacy_2936,1086,2,26,67.3,20,1491.93,1,0,5,1,0.42,0,55,4,Marketing
user_legacy_2937,447,10,11,10.2,13,2730.14,0,2,3,1,0.35,0,38,6,Marketing
user_legacy_2938,525,47,1,0.7,12,3948.23,1,0,2,0,0.58,0,39,6,Marketing
user_legacy_2939,1149,16,4,6.3,34,15744.81,0,4,1,0,0.0,0,27,7,E-commerce
user_legacy_2940,1635,28,1,2.0,42,15539.51,0,0,2,0,0.16,0,19,8,Finance
user_legacy_2941,1339,48,3,4.7,29,5467.98,0,3,1,0,0.44,0,18,8,Education
user_legacy_2942,379,34,1,1.3,6,821.05,0,0,3,2,0.02,0,43,5,SaaS
user_legacy_2943,1214,53,3,3.9,33,11916.27,0,0,0,0,0.26,0,100,0,Education
user_legacy_2944,1272,48,2,3.5,21,7704.92,0,1,1,0,0.31,0,13,8,Marketing
user_legacy_2945,1270,19,0,0.0,38,11098.22,0,0,0,0,0.39,0,33,6,Finance
user_legacy_2946,740,1,20,43.6,16,5109.45,1,1,4,1,0.03,0,75,2,SaaS
user_legacy_2947,1149,52,0,0.0,34,2990.18,0,2,2,0,0.32,0,47,5,Education
user_legacy_2948,1483,37,3,1.8,25,8679.64,0,0,3,1,0.1,0,25,7,Education
user_legacy_2949,1038,48,0,0.0,19,4507.19,0,1,4,0,0.34,0,30,7,Marketing
user_legacy_2950,913,47,1,2.6,24,1818.96,0,2,6,0,0.34,0,0,10,Marketing
user_legacy_2951,875,34,3,5.6,24,11505.08,1,4,0,0,0.45,0,25,7,Finance
user_legacy_2952,1074,38,0,0.0,23,8126.03,1,3,1,0,0.26,0,39,6,E-commerce
user_legacy_2953,578,18,3,8.6,16,6906.11,0,0,1,0,0.31,0,40,6,E-commerce
user_legacy_2954,1365,5,14,22.4,39,2812.17,1,3,6,0,0.95,0,25,7,Marketing
user_legacy_2955,1166,23,0,0.0,28,4792.36,0,0,2,0,0.35,0,45,5,E-commerce
user_legacy_2956,1295,22,3,5.6,23,9132.39,1,3,2,0,0.17,0,28,7,E-commerce
user_legacy_2957,1222,56,1,2.0,21,3495.97,0,3,5,0,0.0,0,45,5,Finance
user_legacy_2958,1126,2,25,14.0,25,3161.58,1,0,3,3,0.16,0,15,8,SaaS
user_legacy_2959,895,6,5,3.8,26,12382.96,1,3,0,0,0.26,0,69,3,Education
user_legacy_2960,1472,8,7,8.2,42,13667.45,0,1,2,0,0.36,0,30,7,E-commerce
user_legacy_2961,619,49,4,11.4,15,2185.38,0,3,0,0,0.57,0,25,7,Finance
user_legacy_2962,1539,48,2,2.8,41,3660.3,0,1,0,0,0.1,0,38,6,Marketing
user_legacy_2963,866,55,2,3.2,17,5270.36,0,0,5,2,0.21,0,55,4,Marketing
user_legacy_2964,281,51,2,4.3,7,1857.67,0,3,1,0,0.34,0,3,9,Education
user_legacy_2965,1140,26,3,2.9,30,4461.99,1,3,0,0,0.34,0,14,8,Education
user_legacy_2966,775,54,3,5.0,16,5897.78,0,1,0,0,0.37,0,35,6,Finance
user_legacy_2967,1330,4,21,58.3,22,5777.76,0,2,1,0,0.64,0,100,0,Finance
user_legacy_2968,547,37,0,0.0,11,1493.62,1,1,1,0,0.17,0,57,4,Marketing
user_legacy_2969,509,19,2,3.6,15,7492.83,0,1,4,0,0.26,0,0,10,E-commerce
user_legacy_2970,1070,33,2,5.3,19,5242.25,1,0,2,0,0.29,0,34,6,Marketing
user_legacy_2971,1408,54,2,2.3,27,1920.39,1,0,4,2,0.31,0,63,3,E-commerce
user_legacy_2972,548,16,1,0.7,12,969.2,0,4,1,0,0.24,0,21,7,Education
user_legacy_2973,1270,51,2,5.4,37,5187.24,0,5,1,0,0.1,0,31,6,Finance
user_legacy_2974,1190,22,3,4.6,38,9335.67,0,0,4,3,0.41,0,28,7,SaaS
user_legacy_2975,795,27,2,4.5,14,2754.55,2,2,2,0,0.1,0,76,2,Education
user_legacy_2976,1682,25,4,2.9,51,19886.84,0,5,2,0,0.35,0,66,3,SaaS
user_legacy_2977,623,47,0,0.0,18,6736.76,1,4,6,3,0.39,0,10,9,E-commerce
user_legacy_2978,1092,6,28,25.6,24,3589.19,1,2,0,0,0.54,0,0,10,Education
user_legacy_2979,683,49,2,4.4,12,2470.19,0,2,0,0,0.4,0,28,7,Finance
user_legacy_2980,737,41,0,0.0,22,1696.81,0,2,7,0,0.39,0,14,8,SaaS
user_legacy_2981,858,1,28,45.1,24,1852.04,1,2,0,0,0.65,0,27,7,Education
user_legacy_2982,1124,16,0,0.0,34,12527.59,0,1,3,0,0.33,0,24,7,Finance
user_legacy_2983,868,3,9,9.5,21,9669.3,1,3,0,0,0.51,0,49,5,Marketing
user_legacy_2984,793,49,3,4.8,21,2925.9,0,0,4,3,0.42,0,19,8,Finance
user_legacy_2985,504,24,4,6.9,14,4986.85,0,1,4,1,0.19,0,31,6,Finance
user_legacy_2986,1310,55,3,5.5,41,8123.41,0,2,1,0,0.61,0,100,0,SaaS
user_legacy_2987,557,8,14,30.4,13,6138.86,0,2,3,3,0.17,0,49,5,Education
user_legacy_2988,452,33,2,5.1,8,3262.01,0,3,2,0,0.39,0,40,6,Marketing
user_legacy_2989,910,1,6,3.9,19,8258.88,1,4,1,0,0.0,0,30,7,Education
user_legacy_2990,630,18,2,5.7,13,4072.58,1,2,4,1,0.36,0,6,9,SaaS
user_legacy_2991,1317,23,4,9.7,38,3097.48,0,1,2,0,0.04,0,90,1,SaaS
user_legacy_2992,754,31,3,5.2,13,2667.09,1,2,5,0,0.0,0,51,4,SaaS
user_legacy_2993,536,3,17,20.5,14,2205.3,2,1,2,0,0.26,0,24,7,SaaS
user_legacy_2994,1224,9,10,15.6,22,2066.73,0,2,3,1,0.51,0,72,2,Marketing
user_legacy_2995,710,20,0,0.0,22,3841.79,1,2,2,0,0.33,0,66,3,E-commerce
user_legacy_2996,1121,11,14,37.9,25,1514.91,0,3,2,0,0.19,0,27,7,Education
user_legacy_2997,1193,41,2,3.2,19,3700.2,0,2,3,3,0.28,0,31,6,Marketing
user_legacy_2998,887,17,3,8.2,20,4330.06,1,0,4,0,0.53,0,0,10,Marketing
user_legacy_2999,771,30,4,11.4,12,4369.5,2,5,3,0,0.59,0,0,10,E-commerce
user_legacy_3000,580,27,2,2.1,10,2374.7,0,0,3,1,0.12,0,23,7,E-commerce
user_legacy_3001,1260,37,0,0.0,39,18526.83,0,4,0,0,0.52,0,85,1,SaaS
user_legacy_3002,857,4,13,34.3,16,5074.43,1,2,1,0,0.45,0,81,1,Marketing
user_legacy_3003,1019,54,4,7.4,32,10670.12,1,1,2,0,0.19,0,76,2,Finance
user_legacy_3004,1272,49,4,3.0,34,8869.75,0,0,0,0,0.65,0,32,6,Education
user_legacy_3005,931,43,0,0.0,22,5006.9,1,0,4,2,0.37,0,45,5,Marketing
user_legacy_3006,568,47,2,4.4,15,7029.84,0,1,0,0,0.36,0,38,6,Education
user_legacy_3007,1615,47,3,2.0,34,13920.14,0,2,0,0,0.64,0,5,9,E-commerce
user_legacy_3008,817,37,2,5.0,26,8617.78,0,0,1,0,0.04,0,64,3,SaaS
user_legacy_3009,1455,36,3,7.3,35,1927.77,1,1,1,0,0.36,0,50,5,E-commerce
user_legacy_3010,818,6,15,37.6,17,2655.78,0,2,3,1,0.21,0,45,5,Marketing
user_legacy_3011,1684,37,0,0.0,43,18876.4,0,4,3,0,0.16,0,70,3,Marketing
user_legacy_3012,1150,16,4,9.3,32,6185.58,1,1,1,0,0.32,0,88,1,E-commerce
user_legacy_3013,957,59,2,3.2,26,4223.05,1,0,3,1,0.25,0,19,8,Education
user_legacy_3014,1238,42,2,5.5,32,13942.22,0,2,2,0,0.32,0,10,9,Marketing
user_legacy_3015,1503,28,2,1.3,37,12444.16,0,5,1,0,0.29,0,65,3,E-commerce
user_legacy_3016,864,57,1,0.5,22,3475.18,1,1,2,0,0.0,0,5,9,E-commerce
user_legacy_3017,926,15,0,0.0,29,4077.2,0,0,7,1,0.2,0,51,4,E-commerce
user_legacy_3018,745,52,4,10.1,13,4027.81,0,1,4,1,0.13,0,5,9,Marketing
user_legacy_3019,1272,46,3,6.6,27,4678.22,0,1,4,4,0.23,0,40,6,Education
user_legacy_3020,925,47,3,7.6,27,9994.4,0,0,2,0,0.04,0,77,2,Marketing
user_legacy_3021,432,32,0,0.0,7,1832.93,1,0,3,0,0.7,0,56,4,SaaS
user_legacy_3022,1120,50,0,0.0,33,7042.72,0,0,5,1,0.02,0,29,7,E-commerce
user_legacy_3023,1373,29,1,2.9,30,1508.08,0,5,2,0,0.62,0,9,9,Education
user_legacy_3024,1255,29,0,0.0,28,8621.84,1,0,2,0,0.16,0,5,9,E-commerce
user_legacy_3025,738,52,3,8.2,20,2406.58,0,2,0,0,0.79,0,80,2,SaaS
user_legacy_3026,971,37,1,1.0,29,4247.62,0,3,3,2,0.24,0,100,0,Education
user_legacy_3027,1297,15,4,8.6,28,5081.93,0,5,0,0,0.32,0,20,8,E-commerce
user_legacy_3028,708,9,13,24.1,15,943.6,1,1,2,0,0.73,0,24,7,E-commerce
user_legacy_3029,874,47,4,10.2,26,5278.0,1,2,0,0,0.32,0,26,7,Marketing
user_legacy_3030,1284,13,13,9.4,29,10086.27,0,5,0,0,0.69,0,85,1,Education
user_legacy_3031,880,11,11,5.9,23,10046.23,0,1,2,0,0.18,0,6,9,Finance
user_legacy_3032,1317,3,8,21.2,36,17232.22,0,3,0,0,0.22,0,84,1,Finance
user_legacy_3033,871,44,2,5.0,28,1988.97,0,2,3,1,0.22,0,53,4,E-commerce
user_legacy_3034,1456,5,26,15.5,25,6031.82,1,2,1,0,0.36,0,90,1,Finance
user_legacy_3035,909,18,0,0.0,20,5315.67,1,1,4,0,0.37,0,100,0,Marketing
user_legacy_3036,812,38,4,6.6,24,10505.17,0,0,1,0,0.2,0,69,3,Finance
user_legacy_3037,744,52,2,2.3,12,5837.45,1,4,2,0,0.52,0,58,4,Education
user_legacy_3038,1137,35,1,2.6,26,1820.85,0,0,3,0,0.18,0,82,1,Marketing
user_legacy_3039,1230,17,3,5.7,26,12805.47,0,1,3,3,0.76,0,32,6,SaaS
user_legacy_3040,1308,35,0,0.0,39,2883.38,0,0,1,0,0.43,0,2,9,Education
user_legacy_3041,1015,37,0,0.0,29,7842.96,1,1,3,1,0.41,0,22,7,E-commerce
user_legacy_3042,928,42,1,0.6,18,5900.07,0,3,0,0,0.17,0,63,3,E-commerce
user_legacy_3043,1596,12,13,37.2,46,9570.13,0,3,3,2,0.28,0,24,7,Marketing
user_legacy_3044,933,15,2,1.7,21,7178.69,1,3,3,0,0.47,0,41,5,Education
user_legacy_3045,1736,2,28,56.3,32,7981.32,0,3,0,0,0.48,0,0,10,E-commerce
user_legacy_3046,1104,51,3,8.3,19,2891.56,0,1,2,0,0.2,0,11,8,Education
user_legacy_3047,671,31,0,0.0,15,2433.97,0,0,5,0,0.48,0,0,10,Marketing
user_legacy_3048,710,48,0,0.0,19,3515.61,0,1,1,0,0.3,0,52,4,Marketing
user_legacy_3049,1693,43,0,0.0,35,14653.59,0,0,4,1,0.46,0,33,6,Education
user_legacy_3050,1407,54,0,0.0,30,14279.13,0,0,0,0,0.44,0,0,10,E-commerce
user_legacy_3051,792,0,19,43.5,24,11562.27,0,0,4,1,0.24,0,0,10,SaaS
user_legacy_3052,1297,17,3,9.0,21,4359.2,0,2,0,0,0.42,0,30,7,SaaS
user_legacy_3053,844,43,4,9.7,19,4563.2,0,2,0,0,0.31,0,28,7,Finance
user_legacy_3054,1303,4,28,77.4,42,9225.69,0,0,3,3,0.72,0,68,3,Marketing
user_legacy_3055,873,3,10,19.2,22,5499.45,1,2,3,2,0.31,0,9,9,Marketing
user_legacy_3056,1210,57,2,1.9,31,14785.18,0,1,2,0,0.24,0,44,5,SaaS
user_legacy_3057,719,52,1,2.8,22,5504.78,0,3,1,0,0.33,0,29,7,SaaS
user_legacy_3058,935,37,3,5.3,24,7121.32,0,0,3,1,0.42,0,100,0,Marketing
user_legacy_3059,958,50,3,5.9,15,3544.22,0,1,2,0,0.0,0,63,3,Education
user_legacy_3060,1631,51,0,0.0,27,4262.89,2,0,6,0,0.52,0,48,5,E-commerce
user_legacy_3061,1293,41,4,7.3,30,10057.85,0,0,1,0,0.27,0,36,6,SaaS
user_legacy_3062,1218,6,7,5.6,22,5168.95,1,3,2,0,0.29,0,66,3,Marketing
user_legacy_3063,467,24,1,2.4,7,699.24,0,0,4,1,0.18,0,55,4,Education
user_legacy_3064,811,19,3,2.6,14,6484.09,1,2,4,1,0.01,0,38,6,Marketing
user_legacy_3065,1230,56,1,0.6,36,13964.92,0,2,2,0,0.47,0,69,3,E-commerce
user_legacy_3066,690,42,2,3.1,18,7794.13,0,0,3,2,0.17,0,56,4,E-commerce
user_legacy_3067,553,42,3,7.0,14,6722.82,0,3,1,0,0.3,0,30,7,E-commerce
user_legacy_3068,948,22,3,6.0,19,3775.54,0,4,4,1,0.2,0,63,3,Finance
user_legacy_3069,1111,16,2,5.0,33,7470.59,0,1,4,0,0.06,0,73,2,Marketing
user_legacy_3070,922,30,2,5.9,21,7485.52,0,1,1,0,0.57,0,38,6,Finance
user_legacy_3071,1490,2,13,12.0,32,13004.22,2,0,6,2,0.16,0,73,2,SaaS
user_legacy_3072,893,44,0,0.0,16,6780.79,0,1,3,1,0.57,0,45,5,E-commerce
user_legacy_3073,829,50,1,0.5,19,5987.16,0,0,1,0,0.39,0,54,4,E-commerce
user_legacy_3074,1259,40,2,3.6,28,5349.31,1,3,6,2,0.45,0,72,2,SaaS
user_legacy_3075,1278,2,21,15.5,41,6102.4,0,1,4,0,0.18,0,8,9,E-commerce
user_legacy_3076,1252,16,4,7.4,29,9691.07,0,3,3,1,0.59,0,19,8,Education
user_legacy_3077,1168,21,1,2.6,23,4353.5,2,3,6,0,0.48,0,55,4,Marketing
user_legacy_3078,1444,40,1,1.0,31,14595.76,0,1,1,0,0.16,0,55,4,Marketing
user_legacy_3079,730,28,3,4.9,21,4288.67,0,3,2,0,0.6,0,33,6,Education
user_legacy_3080,1245,51,0,0.0,30,9612.18,0,0,3,3,0.03,0,31,6,Finance
user_legacy_3081,1111,48,1,2.8,26,7096.93,0,2,1,0,0.35,0,47,5,Education
user_legacy_3082,830,2,12,23.5,16,6469.16,0,1,0,0,0.37,0,18,8,E-commerce
user_legacy_3083,1101,53,1,1.7,26,10180.3,0,0,1,0,0.54,0,42,5,Finance
user_legacy_3084,896,30,1,2.5,28,12269.74,0,2,1,0,0.37,0,0,10,Finance
user_legacy_3085,880,41,0,0.0,18,7674.03,0,0,2,0,0.48,0,23,7,Marketing
user_legacy_3086,1043,52,1,2.6,24,11702.76,1,1,1,0,0.32,0,22,7,Marketing
user_legacy_3087,955,53,4,2.2,21,6984.56,0,4,3,3,0.38,0,50,5,Finance
user_legacy_3088,1372,39,1,2.4,44,10049.54,1,1,1,0,0.07,0,57,4,Marketing
user_legacy_3089,393,28,0,0.0,12,1945.42,0,3,5,1,0.37,0,12,8,E-commerce
user_legacy_3090,1031,30,2,2.4,22,1661.09,0,1,6,2,0.38,0,73,2,Marketing
user_legacy_3091,1056,41,2,5.6,33,12433.32,0,5,2,0,0.26,0,0,10,Finance
user_legacy_3092,750,47,2,3.5,22,8038.8,0,0,7,1,0.23,0,35,6,E-commerce
user_legacy_3093,1322,28,3,6.3,26,10127.86,0,0,4,1,0.69,0,10,9,E-commerce
user_legacy_3094,700,16,0,0.0,15,769.96,1,1,0,0,0.22,0,76,2,E-commerce
user_legacy_3095,464,52,3,1.9,8,2925.78,0,1,0,0,0.1,0,61,3,Finance
user_legacy_3096,950,58,1,1.2,19,5739.68,0,2,4,0,0.0,0,54,4,Marketing
user_legacy_3097,1570,20,1,1.6,49,24339.27,0,4,5,0,0.11,0,30,7,Education
user_legacy_3098,837,24,4,9.0,17,5750.26,0,3,2,0,0.47,0,34,6,Marketing
user_legacy_3099,768,48,1,3.0,13,2887.12,0,1,5,1,0.37,0,51,4,Education
user_legacy_3100,482,47,4,2.5,10,2012.52,0,1,0,0,0.6,0,45,5,Marketing
user_legacy_3101,712,49,3,6.9,14,826.8,0,3,1,0,0.18,0,46,5,Marketing
user_legacy_3102,867,31,4,12.0,17,1948.05,0,0,5,1,0.27,0,23,7,E-commerce
user_legacy_3103,1106,2,29,71.7,19,7054.54,0,0,0,0,0.0,0,24,7,Finance
user_legacy_3104,1702,48,1,1.8,55,9790.57,0,1,3,1,0.3,0,7,9,Marketing
user_legacy_3105,1076,35,4,2.6,32,6749.55,0,1,0,0,0.32,0,16,8,E-commerce
user_legacy_3106,894,55,4,9.8,22,8622.11,0,0,4,2,0.29,0,41,5,SaaS
user_legacy_3107,664,40,1,2.4,17,4568.0,0,4,7,2,0.2,0,47,5,E-commerce
user_legacy_3108,887,27,0,0.0,26,8304.15,0,2,5,1,0.38,0,65,3,E-commerce
user_legacy_3109,802,37,1,2.4,19,5467.93,0,2,0,0,0.08,0,17,8,Marketing
user_legacy_3110,1067,21,2,2.8,20,2360.82,1,2,1,0,0.14,0,2,9,Marketing
user_legacy_3111,929,34,3,7.1,25,12031.47,0,0,0,0,0.49,0,67,3,Education
user_legacy_3112,1024,4,25,45.7,20,8568.21,0,2,2,0,0.48,0,19,8,Finance
user_legacy_3113,1048,11,10,6.4,33,15124.4,1,2,2,0,0.45,0,49,5,Marketing
user_legacy_3114,867,21,1,1.2,19,4117.7,0,3,1,0,0.28,0,50,5,Education
user_legacy_3115,1067,24,0,0.0,26,2519.98,0,2,4,1,0.21,0,40,6,Finance
user_legacy_3116,1051,7,22,43.3,31,3461.82,1,2,1,0,0.37,0,15,8,Marketing
user_legacy_3117,736,13,12,34.1,18,4404.01,0,1,4,0,0.0,0,36,6,SaaS
user_legacy_3118,1002,50,3,2.3,20,2590.74,0,2,1,0,0.2,0,85,1,SaaS
user_legacy_3119,1889,32,2,5.0,48,3331.96,2,0,3,2,0.04,0,63,3,Marketing
user_legacy_3120,1012,3,26,64.0,26,9450.8,1,2,1,0,0.22,0,30,7,Marketing
user_legacy_3121,1035,8,12,32.6,19,1246.79,1,1,4,2,0.21,0,40,6,E-commerce
user_legacy_3122,764,31,4,2.7,18,1624.63,1,1,4,3,0.3,0,8,9,Education
user_legacy_3123,1109,21,2,4.8,32,6957.9,1,0,1,0,0.07,0,10,9,Education
user_legacy_3124,891,59,4,11.3,26,2757.48,3,0,2,0,0.17,0,24,7,Marketing
user_legacy_3125,1011,31,4,4.9,23,1349.31,0,1,0,0,0.21,0,5,9,Marketing
user_legacy_3126,1075,38,0,0.0,19,2005.76,0,0,0,0,0.42,0,46,5,Marketing
user_legacy_3127,996,1,18,17.0,25,1512.66,0,0,7,0,0.43,0,0,10,E-commerce
user_legacy_3128,1221,10,26,72.5,23,3631.53,0,0,2,0,0.0,0,69,3,Education
user_legacy_3129,765,26,4,12.0,23,8870.9,0,0,1,0,0.58,0,42,5,SaaS
user_legacy_3130,820,10,25,50.8,24,11375.59,0,0,2,0,0.54,0,44,5,E-commerce
user_legacy_3131,825,44,3,2.2,19,8230.92,1,3,2,0,0.26,0,37,6,Finance
user_legacy_3132,1260,54,0,0.0,30,3114.19,2,4,4,1,0.36,0,36,6,Marketing
user_legacy_3133,823,33,1,2.0,14,5330.71,0,0,3,1,0.75,0,70,3,Education
user_legacy_3134,812,46,4,11.9,23,9934.69,0,0,5,4,0.38,0,21,7,Marketing
user_legacy_3135,404,55,0,0.0,10,2966.26,1,2,3,2,0.23,0,25,7,E-commerce
user_legacy_3136,673,56,4,2.7,15,3744.95,0,3,5,0,0.5,0,0,10,Marketing
user_legacy_3137,731,36,0,0.0,13,6334.69,1,1,1,0,0.26,0,98,0,E-commerce
user_legacy_3138,1019,17,0,0.0,32,5009.17,1,0,4,1,0.37,0,61,3,Education
user_legacy_3139,700,45,3,5.6,13,5894.73,0,0,3,0,0.08,0,24,7,Marketing
user_legacy_3140,1062,26,1,2.9,22,9746.35,0,1,0,0,0.12,0,43,5,SaaS
user_legacy_3141,1151,12,22,51.2,37,16485.48,1,2,2,0,0.43,0,0,10,SaaS
user_legacy_3142,472,49,4,7.3,14,964.83,1,1,1,0,0.28,0,56,4,SaaS
user_legacy_3143,1525,27,0,0.0,45,8727.56,0,2,4,1,0.55,0,100,0,Marketing
user_legacy_3144,870,0,13,10.1,21,5907.02,0,0,6,0,0.25,0,8,9,Education
user_legacy_3145,1360,4,12,6.1,24,10261.38,0,3,3,0,0.15,0,0,10,Marketing
user_legacy_3146,559,45,1,2.2,17,6541.1,0,1,5,0,0.53,0,27,7,Education
user_legacy_3147,717,6,28,59.2,15,1215.17,0,2,1,0,0.05,0,65,3,Marketing
user_legacy_3148,892,32,2,2.5,21,4650.97,0,3,0,0,0.15,0,24,7,Finance
user_legacy_3149,1441,28,2,2.3,42,11112.65,2,0,0,0,0.31,0,0,10,SaaS
user_legacy_3150,997,41,0,0.0,28,5690.56,0,5,3,1,0.31,0,48,5,E-commerce
user_legacy_3151,1116,4,5,6.1,21,5847.95,0,1,1,0,0.49,0,59,4,SaaS
user_legacy_3152,932,31,4,3.5,20,6446.34,1,1,5,0,0.33,0,16,8,E-commerce
user_legacy_3153,714,31,4,9.1,12,4941.72,0,2,7,3,0.22,0,32,6,Finance
user_legacy_3154,894,44,4,10.2,22,9972.3,1,1,5,2,0.31,0,9,9,E-commerce
user_legacy_3155,882,42,4,4.4,16,6405.72,0,0,0,0,0.3,0,77,2,SaaS
user_legacy_3156,1128,15,1,2.3,29,7692.47,0,1,7,3,0.5,0,12,8,SaaS
user_legacy_3157,659,48,4,6.4,12,2414.38,1,6,4,0,0.2,0,26,7,Education
user_legacy_3158,821,37,4,6.6,18,7569.06,0,0,4,1,0.44,0,0,10,E-commerce
user_legacy_3159,602,27,0,0.0,10,4576.45,0,2,4,1,0.43,0,45,5,E-commerce
user_legacy_3160,602,51,2,3.6,15,3362.47,0,2,1,0,0.12,0,33,6,Education
user_legacy_3161,802,45,2,1.2,25,5986.45,0,4,2,0,0.34,0,36,6,Education
user_legacy_3162,1481,7,5,13.1,41,13677.54,0,0,5,0,0.47,0,90,1,SaaS
user_legacy_3163,1478,48,1,1.2,25,2733.7,2,5,1,0,0.31,0,12,8,SaaS
user_legacy_3164,837,2,5,14.5,22,8902.46,0,3,0,0,0.18,0,11,8,Marketing
user_legacy_3165,1257,41,0,0.0,38,7744.29,0,1,5,1,0.36,0,38,6,E-commerce
user_legacy_3166,783,56,2,2.9,13,6390.49,0,2,0,0,0.04,0,6,9,SaaS
user_legacy_3167,1114,41,0,0.0,23,2091.34,0,0,1,0,0.32,0,68,3,Education
user_legacy_3168,1097,48,0,0.0,19,1904.82,1,2,1,0,0.39,0,39,6,E-commerce
user_legacy_3169,1187,8,18,16.3,35,8648.71,0,1,0,0,0.45,0,71,2,SaaS
user_legacy_3170,896,49,1,2.8,19,5631.85,0,4,2,0,0.3,0,16,8,Marketing
user_legacy_3171,696,38,3,5.5,21,10478.7,0,4,3,1,0.64,0,2,9,Education
user_legacy_3172,784,3,20,21.1,14,1372.04,1,2,0,0,0.14,0,0,10,SaaS
user_legacy_3173,695,42,4,7.4,19,8330.94,1,1,3,0,0.0,0,41,5,Marketing
user_legacy_3174,233,48,3,2.7,3,505.02,0,3,3,1,0.03,0,11,8,E-commerce
user_legacy_3175,525,36,3,6.1,14,6614.1,0,0,3,0,0.25,0,0,10,Education
user_legacy_3176,775,58,0,0.0,14,4778.57,0,5,2,0,0.37,0,87,1,Education
user_legacy_3177,1126,48,1,2.9,35,6179.62,0,4,4,1,0.26,0,75,2,E-commerce
user_legacy_3178,907,46,3,7.0,18,8302.23,0,0,3,1,0.27,0,88,1,Finance
user_legacy_3179,1190,32,0,0.0,31,6672.88,0,0,0,0,0.16,0,29,7,E-commerce
user_legacy_3180,1006,53,3,3.8,22,9494.64,0,0,1,0,0.0,0,22,7,Marketing
user_legacy_3181,1089,25,2,5.6,27,4173.01,1,4,2,0,0.58,0,100,0,Finance
user_legacy_3182,1149,9,22,13.4,29,9210.42,0,0,2,0,0.17,0,61,3,Finance
user_legacy_3183,498,43,1,1.9,10,3249.56,2,0,2,0,0.25,0,53,4,SaaS
user_legacy_3184,1134,33,0,0.0,19,1925.85,0,0,8,2,0.33,0,66,3,Finance
user_legacy_3185,538,31,4,10.0,13,1198.78,0,5,3,1,0.13,0,49,5,SaaS
user_legacy_3186,842,13,5,2.7,18,5633.71,0,1,0,0,0.25,0,75,2,Finance
user_legacy_3187,1095,51,4,9.4,27,1750.91,1,4,2,0,0.57,0,26,7,Finance
user_legacy_3188,988,44,3,8.9,17,3462.66,0,4,3,1,0.14,0,55,4,Finance
user_legacy_3189,886,31,0,0.0,27,13307.94,1,0,0,0,0.08,0,56,4,E-commerce
user_legacy_3190,487,4,13,31.1,9,1506.86,1,1,4,1,0.36,0,31,6,E-commerce
user_legacy_3191,561,18,3,6.4,12,3557.07,0,2,0,0,0.32,0,12,8,Marketing
user_legacy_3192,408,34,2,3.9,9,1511.61,0,3,1,0,0.41,0,4,9,SaaS
user_legacy_3193,945,41,4,9.2,23,6789.49,1,3,2,0,0.11,0,76,2,Marketing
user_legacy_3194,1799,10,29,71.1,47,22076.93,1,1,1,0,0.5,0,26,7,Marketing
user_legacy_3195,1272,23,1,2.0,38,5379.83,2,2,3,2,0.33,0,27,7,SaaS
user_legacy_3196,1037,25,3,6.4,27,10620.84,0,1,1,0,0.0,0,30,7,Finance
user_legacy_3197,765,20,2,5.7,20,7091.99,0,1,3,0,0.7,0,69,3,SaaS
user_legacy_3198,973,26,3,8.1,28,10184.35,2,0,2,0,0.34,0,37,6,Marketing
user_legacy_3199,1021,16,4,8.2,28,5739.92,1,3,1,0,0.19,0,29,7,SaaS
user_legacy_3200,779,7,7,16.9,20,2538.69,1,0,3,1,0.12,0,41,5,E-commerce
user_legacy_3201,1294,57,1,2.6,32,4098.13,1,3,5,0,0.03,0,24,7,Education
user_legacy_3202,941,26,1,0.5,22,6399.75,0,4,0,0,0.07,0,100,0,SaaS
user_legacy_3203,1335,19,2,5.2,22,4832.96,2,0,5,1,0.01,0,75,2,Marketing
user_legacy_3204,575,28,2,2.0,17,4627.62,0,2,3,1,0.11,0,85,1,SaaS
user_legacy_3205,1309,43,0,0.0,36,12027.45,2,2,1,0,0.72,0,28,7,Finance
user_legacy_3206,687,22,4,5.7,12,1223.1,0,2,4,2,0.23,0,24,7,Marketing
user_legacy_3207,1054,53,0,0.0,22,4150.29,0,0,2,0,0.61,0,49,5,E-commerce
user_legacy_3208,1047,33,3,7.4,24,11113.33,0,0,2,0,0.43,0,0,10,Education
user_legacy_3209,987,42,1,2.3,23,2725.77,0,2,3,0,0.49,0,0,10,Marketing
user_legacy_3210,1179,44,2,5.6,28,9520.53,0,2,1,0,0.15,0,37,6,Finance
user_legacy_3211,1020,46,3,6.5,26,12766.52,1,1,3,1,0.39,0,56,4,SaaS
user_legacy_3212,637,8,20,26.5,12,3527.89,0,2,0,0,0.25,0,41,5,Marketing
user_legacy_3213,575,45,3,3.2,14,849.92,0,0,1,0,0.31,0,0,10,Finance
user_legacy_3214,480,33,0,0.0,10,1775.18,0,2,4,0,0.38,0,8,9,Finance
user_legacy_3215,835,35,2,2.2,24,5448.29,0,3,0,0,0.35,0,16,8,Marketing
user_legacy_3216,772,8,18,45.0,24,7236.09,0,2,3,1,0.5,0,46,5,Finance
user_legacy_3217,1357,29,1,2.8,26,2343.1,0,2,7,1,0.15,0,95,0,SaaS
user_legacy_3218,960,47,3,3.9,29,10235.88,0,3,2,0,0.33,0,94,0,Marketing
user_legacy_3219,950,56,1,1.5,26,8528.52,0,0,0,0,0.2,0,39,6,Education
user_legacy_3220,1012,5,19,27.5,29,13559.86,1,0,5,0,0.36,0,59,4,SaaS
user_legacy_3221,807,3,21,62.0,13,846.53,1,5,2,0,0.56,0,15,8,Education
user_legacy_3222,1254,7,25,69.7,30,4705.2,0,1,4,1,0.25,0,74,2,E-commerce
user_legacy_3223,905,22,3,2.1,21,6238.84,1,2,3,1,0.63,0,36,6,E-commerce
user_legacy_3224,1336,28,0,0.0,37,14314.24,0,0,1,0,0.41,0,57,4,Marketing
user_legacy_3225,1186,46,1,1.1,35,10661.4,0,0,0,0,0.35,0,60,4,E-commerce
user_legacy_3226,1281,27,1,1.9,21,2848.92,2,1,3,0,0.0,0,9,9,Finance
user_legacy_3227,1260,32,2,4.8,25,5630.95,0,0,1,0,0.43,0,55,4,Marketing
user_legacy_3228,670,22,2,1.8,18,3927.98,1,1,4,1,0.65,0,58,4,SaaS
user_legacy_3229,1161,50,4,5.4,37,10191.79,0,1,1,0,0.52,0,62,3,E-commerce
user_legacy_3230,932,10,24,67.3,21,9915.36,0,1,0,0,0.38,0,48,5,Marketing
user_legacy_3231,843,9,6,11.7,16,4970.56,0,3,3,0,0.48,0,16,8,SaaS
user_legacy_3232,693,35,3,4.1,12,2475.0,0,1,1,0,0.0,0,43,5,Marketing
user_legacy_3233,926,2,5,11.7,25,7189.46,1,3,0,0,0.34,0,45,5,Education
user_legacy_3234,986,39,0,0.0,24,11378.87,0,1,3,1,0.24,0,47,5,Finance
user_legacy_3235,633,57,4,4.2,16,5686.81,0,2,1,0,0.57,0,0,10,Marketing
user_legacy_3236,778,26,3,5.2,21,2092.82,0,3,3,1,0.24,0,1,9,Marketing
user_legacy_3237,1356,49,0,0.0,38,10059.1,1,2,0,0,0.27,0,20,8,SaaS
user_legacy_3238,989,53,0,0.0,18,3744.19,0,1,1,0,0.39,0,4,9,E-commerce
user_legacy_3239,1130,31,0,0.0,23,2995.84,2,2,5,2,0.41,0,35,6,Marketing
user_legacy_3240,1109,27,4,7.5,34,10605.85,1,1,2,0,0.3,0,0,10,Finance
user_legacy_3241,1429,12,9,5.1,24,11108.24,0,1,1,0,0.08,0,0,10,Finance
user_legacy_3242,1496,16,3,7.5,37,10649.12,0,4,3,0,0.08,0,0,10,SaaS
user_legacy_3243,901,46,0,0.0,28,6826.36,0,2,5,1,0.68,0,53,4,E-commerce
user_legacy_3244,582,53,1,1.9,17,7759.11,0,0,7,0,0.52,0,35,6,Finance
user_legacy_3245,1021,35,3,6.4,21,2453.5,0,2,4,1,0.31,0,73,2,Marketing
user_legacy_3246,828,50,2,2.9,16,3482.11,0,1,2,0,0.59,0,1,9,SaaS
user_legacy_3247,262,59,2,1.9,7,1539.57,0,0,3,1,0.3,0,44,5,SaaS
user_legacy_3248,216,29,4,3.3,6,2134.11,1,1,4,1,0.36,0,0,10,E-commerce
user_legacy_3249,1282,44,3,6.0,29,6086.55,0,6,1,0,0.36,0,31,6,Finance
user_legacy_3250,1299,0,22,55.2,30,14866.02,0,1,2,0,0.33,0,39,6,Marketing
user_legacy_3251,1038,8,18,45.1,32,10855.07,1,1,2,0,0.25,0,60,4,SaaS
user_legacy_3252,457,4,19,53.9,14,6363.28,1,2,5,1,0.37,0,52,4,Finance
user_legacy_3253,1164,56,1,2.3,30,5992.99,0,1,0,0,0.25,0,100,0,Finance
user_legacy_3254,1387,58,4,11.3,25,4388.53,0,2,4,1,0.13,0,88,1,SaaS
user_legacy_3255,1328,18,4,9.0,27,5364.24,1,0,6,0,0.64,0,40,6,Marketing
user_legacy_3256,744,35,0,0.0,22,4176.16,0,0,2,0,0.27,0,68,3,SaaS
user_legacy_3257,699,49,4,9.3,21,4082.34,0,1,3,0,0.32,0,68,3,Education
user_legacy_3258,1156,50,2,5.8,23,10104.25,1,2,4,1,0.54,0,24,7,Finance
user_legacy_3259,1040,38,2,3.3,30,11879.74,0,0,4,1,0.13,0,17,8,E-commerce
user_legacy_3260,1042,3,27,21.9,21,2390.17,0,1,1,0,0.06,0,49,5,Marketing
user_legacy_3261,1128,3,10,23.4,19,6988.68,0,4,3,1,0.22,0,33,6,Education
user_legacy_3262,1121,52,3,4.5,23,9609.17,1,3,4,2,0.59,0,0,10,SaaS
user_legacy_3263,1146,7,28,81.5,33,12654.53,0,0,1,0,0.52,0,70,3,E-commerce
user_legacy_3264,1038,43,2,3.0,25,5485.29,1,0,1,0,0.41,0,44,5,Finance
user_legacy_3265,999,40,0,0.0,20,9011.09,0,0,2,0,0.7,0,50,5,SaaS
user_legacy_3266,881,12,20,19.3,20,1103.29,0,2,3,1,0.29,0,32,6,Marketing
user_legacy_3267,1141,52,3,7.8,25,5617.96,0,2,2,0,0.3,0,0,10,Education
user_legacy_3268,983,5,29,41.1,24,6678.58,1,3,4,1,0.4,0,31,6,Marketing
user_legacy_3269,692,47,2,5.6,19,4578.95,0,1,2,0,0.47,0,30,7,SaaS
user_legacy_3270,1508,4,6,17.2,33,12722.18,0,4,3,0,0.45,0,54,4,Education
user_legacy_3271,1597,30,2,4.0,39,9863.14,0,1,1,0,0.39,0,38,6,SaaS
user_legacy_3272,880,45,0,0.0,16,1956.47,2,1,1,0,0.0,0,24,7,E-commerce
user_legacy_3273,1309,20,2,1.3,36,3011.27,0,3,2,0,0.11,0,78,2,SaaS
user_legacy_3274,1264,56,0,0.0,27,9907.55,0,2,0,0,0.38,0,85,1,E-commerce
user_legacy_3275,1228,51,2,2.9,23,11316.73,2,0,3,0,0.02,0,0,10,SaaS
user_legacy_3276,837,12,25,65.0,19,3793.51,0,3,3,1,0.42,0,28,7,Finance
user_legacy_3277,1330,37,4,9.9,31,12847.58,0,2,3,2,0.4,0,74,2,E-commerce
user_legacy_3278,793,27,4,7.3,22,4661.73,2,2,6,0,0.07,0,64,3,Education
user_legacy_3279,747,57,1,2.9,22,7468.48,0,1,4,2,0.08,0,46,5,E-commerce
user_legacy_3280,996,45,1,2.9,27,7516.02,1,2,3,1,0.19,0,89,1,Finance
user_legacy_3281,874,30,0,0.0,27,7888.02,0,2,4,1,0.18,0,41,5,SaaS
user_legacy_3282,1023,37,2,2.8,22,8355.66,1,2,1,0,0.0,0,22,7,SaaS
user_legacy_3283,1672,0,24,56.1,52,10242.75,0,0,1,0,0.5,0,42,5,Finance
user_legacy_3284,710,6,14,36.2,16,4128.93,1,1,0,0,0.21,0,29,7,Education
user_legacy_3285,1092,10,9,26.6,34,4901.62,1,2,3,1,0.0,0,91,0,Finance
user_legacy_3286,1387,55,4,4.0,43,4888.45,0,3,4,1,0.0,0,30,7,SaaS
user_legacy_3287,1011,32,0,0.0,29,5424.8,0,2,4,4,0.3,0,0,10,E-commerce
user_legacy_3288,958,20,0,0.0,25,7895.27,0,0,2,0,0.12,0,93,0,SaaS
user_legacy_3289,1466,24,2,2.2,27,5752.44,0,1,0,0,0.5,0,14,8,SaaS
user_legacy_3290,1311,28,2,2.9,31,6085.47,0,2,3,0,0.1,0,32,6,SaaS
user_legacy_3291,589,28,0,0.0,16,6613.56,0,0,6,1,0.15,0,52,4,SaaS
user_legacy_3292,940,15,1,0.8,29,4146.68,1,3,3,3,0.28,0,28,7,SaaS
user_legacy_3293,693,30,4,10.4,13,2932.76,0,0,2,0,0.06,0,60,4,Finance
user_legacy_3294,769,28,1,0.6,13,2743.85,0,1,1,0,0.38,0,79,2,E-commerce
user_legacy_3295,813,20,2,5.2,14,1042.02,1,4,2,0,0.27,0,54,4,Marketing
user_legacy_3296,641,34,3,6.9,10,2798.1,2,2,1,0,0.14,0,36,6,Finance
user_legacy_3297,1241,32,3,2.9,28,11414.76,1,0,3,1,0.18,0,13,8,SaaS
user_legacy_3298,826,19,0,0.0,20,1075.29,0,2,2,0,0.09,0,79,2,Marketing
user_legacy_3299,959,48,2,5.6,20,4419.03,0,0,4,1,0.0,0,96,0,Education
user_legacy_3300,735,10,5,11.5,17,1081.0,0,2,3,1,0.48,0,64,3,SaaS
user_legacy_3301,1367,35,2,3.8,44,5472.3,0,0,1,0,0.14,0,66,3,E-commerce
user_legacy_3302,1021,11,18,40.9,20,2543.84,1,1,0,0,0.37,0,27,7,E-commerce
user_legacy_3303,616,4,15,17.9,13,5219.03,0,0,0,0,0.7,0,40,6,SaaS
user_legacy_3304,745,18,2,4.0,18,7428.19,0,2,1,0,0.44,0,0,10,Marketing
user_legacy_3305,1491,49,2,4.3,32,15174.22,0,2,0,0,0.14,0,0,10,Finance
user_legacy_3306,1231,46,3,6.8,36,13709.3,0,0,4,1,0.59,0,52,4,SaaS
user_legacy_3307,33,58,4,6.0,0,0.0,1,2,1,0,0.49,0,0,10,Education
user_legacy_3308,911,46,4,10.0,29,14346.19,0,3,5,0,0.22,0,8,9,Finance
user_legacy_3309,1493,10,16,17.4,38,10205.51,1,5,3,2,0.26,0,52,4,E-commerce
user_legacy_3310,857,52,3,5.3,18,7060.57,1,0,5,2,0.12,0,42,5,Education
user_legacy_3311,171,48,1,1.3,3,1405.68,0,2,0,0,0.21,0,49,5,SaaS
user_legacy_3312,1621,58,2,3.1,44,5662.05,0,1,4,0,0.49,0,25,7,Education
user_legacy_3313,1337,36,4,8.5,27,2375.27,1,0,1,0,0.35,0,76,2,E-commerce
user_legacy_3314,1061,30,2,5.3,34,4012.41,0,2,5,2,0.21,0,31,6,SaaS
user_legacy_3315,811,7,25,56.2,23,3241.9,0,4,3,0,0.57,0,51,4,Finance
user_legacy_3316,930,49,3,8.4,26,9800.75,0,2,4,1,0.3,0,59,4,E-commerce
user_legacy_3317,757,25,2,3.9,21,1951.29,0,2,4,1,0.31,0,71,2,Finance
user_legacy_3318,1260,17,3,4.7,26,8528.18,0,3,3,1,0.12,0,31,6,SaaS
user_legacy_3319,1235,0,8,11.1,21,4591.82,1,3,3,0,0.44,0,41,5,SaaS
user_legacy_3320,990,18,4,11.8,18,3172.05,1,2,1,0,0.36,0,36,6,SaaS
user_legacy_3321,810,44,3,6.9,17,4714.53,1,0,4,0,0.31,0,79,2,E-commerce
user_legacy_3322,969,59,3,7.0,17,7299.91,0,2,0,0,0.37,0,87,1,Education
user_legacy_3323,834,15,3,1.9,15,6346.46,0,2,3,1,0.38,0,23,7,SaaS
user_legacy_3324,116,34,4,3.1,1,193.28,0,1,0,0,0.34,0,54,4,Education
user_legacy_3325,918,39,0,0.0,16,6504.7,0,2,1,0,0.02,0,14,8,Marketing
user_legacy_3326,964,19,3,3.6,28,2109.41,1,3,3,1,0.35,0,43,5,Finance
user_legacy_3327,1231,55,2,3.1,28,6802.08,0,4,2,0,0.21,0,78,2,Marketing
user_legacy_3328,1235,11,25,30.2,34,4924.03,0,0,1,0,0.53,0,0,10,SaaS
user_legacy_3329,764,10,27,49.2,18,8332.22,0,1,2,0,0.15,0,34,6,E-commerce
user_legacy_3330,1036,58,2,4.3,20,4415.06,0,0,4,0,0.28,0,18,8,SaaS
user_legacy_3331,1265,36,2,2.4,33,9946.72,0,0,5,2,0.42,0,0,10,Marketing
user_legacy_3332,1166,45,0,0.0,26,8079.6,1,4,5,0,0.38,0,23,7,Education
user_legacy_3333,643,0,22,48.6,16,3251.93,1,0,5,0,0.17,0,46,5,Education
user_legacy_3334,425,13,12,19.2,10,1626.75,1,0,1,0,0.12,0,42,5,E-commerce
user_legacy_3335,907,13,12,15.1,17,6978.66,0,2,3,0,0.28,0,65,3,Marketing
user_legacy_3336,772,1,6,8.4,14,747.53,0,1,0,0,0.3,0,76,2,E-commerce
user_legacy_3337,930,3,17,48.8,26,11230.32,1,1,2,0,0.04,0,100,0,Finance
user_legacy_3338,991,35,4,7.1,29,3522.94,1,1,1,0,0.15,0,62,3,E-commerce
user_legacy_3339,1112,8,12,22.7,26,6359.48,0,0,1,0,0.36,0,56,4,E-commerce
user_legacy_3340,686,55,0,0.0,14,2466.19,0,1,3,1,0.47,0,85,1,SaaS
user_legacy_3341,1033,43,2,1.8,23,4761.8,1,3,0,0,0.4,0,63,3,E-commerce
user_legacy_3342,1088,18,2,2.3,20,7261.71,1,0,2,0,0.2,0,32,6,Education
user_legacy_3343,1318,27,0,0.0,30,5123.07,0,0,2,0,0.0,0,53,4,E-commerce
user_legacy_3344,1295,6,17,25.3,26,3197.07,0,0,3,1,0.38,0,75,2,Education
user_legacy_3345,858,51,0,0.0,25,3248.69,0,4,2,0,0.17,0,32,6,Marketing
user_legacy_3346,856,5,10,28.1,21,7580.5,0,4,3,2,0.35,0,0,10,Finance
user_legacy_3347,1206,55,0,0.0,30,11912.74,1,1,1,0,0.28,0,34,6,SaaS
user_legacy_3348,1812,33,4,6.6,54,21122.31,1,5,2,0,0.29,0,40,6,Finance
user_legacy_3349,773,36,3,4.0,14,3456.95,0,0,4,2,0.47,0,6,9,SaaS
user_legacy_3350,1197,43,1,0.9,37,3697.67,0,1,2,0,0.0,0,13,8,Education
user_legacy_3351,1090,16,1,0.8,29,4150.59,0,2,1,0,0.09,0,87,1,Education
user_legacy_3352,1337,24,0,0.0,39,8987.88,0,2,3,1,0.57,0,0,10,SaaS
user_legacy_3353,969,54,2,1.6,22,8720.54,1,2,2,0,0.34,0,47,5,E-commerce
user_legacy_3354,1106,9,28,32.5,19,4066.58,0,2,0,0,0.38,0,13,8,Marketing
user_legacy_3355,645,41,0,0.0,11,4817.34,0,0,0,0,0.38,0,53,4,Finance
user_legacy_3356,788,49,0,0.0,23,4276.67,0,1,5,1,0.21,0,71,2,Education
user_legacy_3357,1183,52,4,4.7,33,11466.79,2,1,4,2,0.32,0,32,6,Finance
user_legacy_3358,708,56,2,2.7,20,3563.82,0,1,1,0,0.27,0,87,1,Education
user_legacy_3359,1051,22,1,1.6,24,11563.16,0,0,6,0,0.35,0,100,0,E-commerce
user_legacy_3360,931,2,27,74.7,28,1403.73,1,0,1,0,0.6,0,22,7,Marketing
user_legacy_3361,865,26,0,0.0,26,7279.77,0,4,1,0,0.47,0,95,0,E-commerce
user_legacy_3362,1183,10,14,38.8,32,5974.75,1,3,5,1,0.14,0,40,6,SaaS
user_legacy_3363,712,58,0,0.0,22,7281.72,0,2,5,0,0.18,0,28,7,Finance
user_legacy_3364,523,44,2,5.4,15,4784.25,0,1,1,0,0.47,0,61,3,Education
user_legacy_3365,1207,34,0,0.0,26,2449.46,0,4,1,0,0.47,0,83,1,E-commerce
user_legacy_3366,1248,29,4,7.1,37,4194.08,0,0,1,0,0.46,0,19,8,E-commerce
user_legacy_3367,1576,26,0,0.0,33,10840.08,0,2,0,0,0.55,0,57,4,Marketing
user_legacy_3368,749,12,27,46.7,21,7436.87,0,0,3,2,0.17,0,38,6,Education
user_legacy_3369,685,56,0,0.0,21,9905.11,1,0,0,0,0.39,0,34,6,SaaS
user_legacy_3370,1160,20,4,10.9,32,12181.33,0,2,3,0,0.1,0,42,5,Education
user_legacy_3371,858,35,4,8.6,23,7748.58,0,0,1,0,0.07,0,66,3,Finance
user_legacy_3372,866,41,3,6.7,19,1666.4,1,2,6,1,0.33,0,24,7,SaaS
user_legacy_3373,910,56,0,0.0,21,8324.55,0,2,0,0,0.46,0,12,8,SaaS
user_legacy_3374,1359,26,2,1.4,38,15649.63,1,3,0,0,0.05,0,47,5,SaaS
user_legacy_3375,1366,30,2,4.8,25,10261.0,0,1,3,2,0.18,0,0,10,Education
user_legacy_3376,1418,33,1,0.8,31,12229.29,1,3,5,1,0.77,0,55,4,SaaS
user_legacy_3377,785,56,3,6.9,22,9724.05,0,2,3,0,0.4,0,71,2,Education
user_legacy_3378,959,58,0,0.0,22,8750.1,0,1,1,0,0.26,0,46,5,Finance
user_legacy_3379,1265,35,3,6.7,23,8515.72,0,1,1,0,0.13,0,26,7,SaaS
user_legacy_3380,1168,38,0,0.0,20,6595.35,0,0,2,0,0.19,0,35,6,Finance
user_legacy_3381,873,43,1,2.6,17,1551.24,0,2,4,0,0.27,0,58,4,Finance
user_legacy_3382,1682,42,4,2.0,55,12244.76,1,1,0,0,0.81,0,63,3,SaaS
user_legacy_3383,1434,29,1,0.9,30,12639.56,0,4,3,1,0.26,0,22,7,SaaS
user_legacy_3384,829,44,2,2.7,22,7491.8,0,3,1,0,0.0,0,9,9,E-commerce
user_legacy_3385,1357,58,0,0.0,34,2371.6,2,1,1,0,0.58,0,0,10,SaaS
user_legacy_3386,1230,31,4,9.0,25,6367.5,2,0,0,0,0.0,0,36,6,Finance
user_legacy_3387,1314,33,2,1.8,41,9670.07,0,3,8,1,0.09,0,47,5,E-commerce
user_legacy_3388,951,33,1,1.2,30,12730.41,0,3,3,0,0.23,0,38,6,Education
user_legacy_3389,1173,58,4,6.1,38,8867.58,0,3,1,0,0.04,0,77,2,SaaS
user_legacy_3390,1353,23,2,1.2,39,4773.0,1,1,0,0,0.27,0,1,9,Marketing
user_legacy_3391,1026,8,8,21.6,18,6036.27,1,0,4,0,0.61,0,8,9,E-commerce
user_legacy_3392,1303,33,0,0.0,30,13685.96,0,0,1,0,0.45,0,0,10,E-commerce
user_legacy_3393,951,20,4,6.8,27,7679.25,1,5,0,0,0.2,0,79,2,Education
user_legacy_3394,1322,47,2,2.9,35,4087.89,1,0,1,0,0.43,0,26,7,E-commerce
user_legacy_3395,576,3,27,52.3,17,8144.23,0,1,3,2,0.33,0,98,0,E-commerce
user_legacy_3396,1009,36,4,6.7,25,6317.96,0,3,2,0,0.58,0,50,5,Finance
user_legacy_3397,716,50,1,2.2,20,6756.35,0,1,3,0,0.43,0,18,8,Marketing
user_legacy_3398,511,58,1,1.8,13,4384.82,1,2,2,0,0.19,0,13,8,Marketing
user_legacy_3399,578,39,3,3.8,15,6573.0,0,3,1,0,0.31,0,2,9,E-commerce
user_legacy_3400,1021,17,3,5.3,27,4939.07,0,0,0,0,0.46,0,19,8,E-commerce
user_legacy_3401,1241,55,1,2.9,24,9757.24,0,2,0,0,0.15,0,40,6,SaaS
user_legacy_3402,915,56,3,4.2,21,9018.86,0,4,0,0,0.16,0,92,0,Marketing
user_legacy_3403,498,34,1,2.7,13,3077.82,0,3,5,1,0.56,0,42,5,Education
user_legacy_3404,498,56,4,3.9,12,4406.86,1,2,3,1,0.43,0,71,2,Marketing
user_legacy_3405,1292,15,0,0.0,42,12517.21,1,3,3,0,0.72,0,57,4,E-commerce
user_legacy_3406,1048,11,18,12.2,30,5179.69,0,2,1,0,0.28,0,65,3,Finance
user_legacy_3407,605,7,12,26.2,19,4373.09,2,1,2,0,0.31,0,13,8,Marketing
user_legacy_3408,1028,10,9,18.8,28,3972.27,0,0,5,1,0.4,0,45,5,Education
user_legacy_3409,1604,12,29,21.5,41,16569.24,0,0,0,0,0.13,0,28,7,SaaS
user_legacy_3410,1661,22,4,10.1,50,17929.55,0,3,2,0,0.45,0,88,1,Finance
user_legacy_3411,1079,53,2,3.3,18,7838.82,0,3,5,3,0.25,0,23,7,Education
user_legacy_3412,1487,18,1,0.5,28,8152.44,2,0,1,0,0.33,0,24,7,Education
user_legacy_3413,865,21,1,1.7,23,5719.51,1,2,0,0,0.22,0,44,5,Finance
user_legacy_3414,980,54,2,1.7,27,6389.65,0,3,2,0,0.42,0,35,6,Education
user_legacy_3415,1016,57,2,4.5,25,1923.77,3,4,4,1,0.0,0,50,5,Marketing
user_legacy_3416,1261,2,16,32.0,22,7699.14,0,4,3,2,0.12,0,0,10,Marketing
user_legacy_3417,783,53,3,1.8,25,11986.53,0,1,1,0,0.35,0,57,4,Education
user_legacy_3418,809,47,1,1.0,25,4940.14,0,2,0,0,0.29,0,49,5,E-commerce
user_legacy_3419,1082,39,4,6.2,27,11341.98,0,1,4,0,0.15,0,82,1,E-commerce
user_legacy_3420,914,37,1,2.6,17,5021.93,0,0,0,0,0.5,0,68,3,Education
user_legacy_3421,1446,17,3,2.5,30,13428.19,0,2,5,1,0.57,0,81,1,Finance
user_legacy_3422,1036,29,4,2.3,21,7638.44,1,6,7,1,0.5,0,0,10,SaaS
user_legacy_3423,1008,24,0,0.0,21,1619.64,0,0,3,0,0.24,0,42,5,SaaS
user_legacy_3424,1083,9,8,11.0,32,12423.28,0,0,2,0,0.33,0,0,10,Finance
user_legacy_3425,1465,52,3,5.8,35,3894.54,0,1,3,1,0.52,0,24,7,Marketing
user_legacy_3426,701,52,4,4.0,22,6119.96,0,5,1,0,0.09,0,53,4,E-commerce
user_legacy_3427,1253,0,13,18.0,26,10739.78,1,6,3,1,0.46,0,66,3,Education
user_legacy_3428,811,58,3,4.4,22,1951.75,0,3,4,0,0.06,0,75,2,Education
user_legacy_3429,1187,23,1,1.4,31,2868.42,0,0,4,1,0.15,0,100,0,Finance
user_legacy_3430,734,25,2,1.9,13,2382.89,0,0,1,0,0.27,0,60,4,E-commerce
user_legacy_3431,1273,30,4,4.2,33,8964.11,0,2,4,2,0.58,0,14,8,Finance
user_legacy_3432,1004,46,4,7.5,30,2365.84,0,0,4,3,0.25,0,51,4,Marketing
user_legacy_3433,1088,12,17,14.7,18,1905.05,1,2,4,1,0.23,0,2,9,SaaS
user_legacy_3434,876,9,15,11.0,20,6537.19,0,2,7,4,0.2,0,74,2,SaaS
user_legacy_3435,954,52,4,9.2,17,1279.4,1,1,2,0,0.24,0,0,10,Finance
user_legacy_3436,1037,22,2,4.1,28,12403.8,1,2,9,2,0.12,0,10,9,Marketing
user_legacy_3437,638,17,0,0.0,19,9178.27,0,1,0,0,0.2,0,42,5,Finance
user_legacy_3438,1241,47,1,1.8,25,2891.35,0,0,4,1,0.28,0,26,7,E-commerce
user_legacy_3439,1436,13,27,15.2,41,19881.43,0,2,1,0,0.55,0,100,0,Finance
user_legacy_3440,645,40,3,5.3,18,8508.56,2,2,0,0,0.26,0,47,5,Education
user_legacy_3441,1174,0,27,34.2,26,7555.53,1,2,0,0,0.19,0,46,5,Education
user_legacy_3442,514,33,1,2.9,8,2757.29,1,3,3,3,0.12,0,71,2,Marketing
user_legacy_3443,1045,25,1,1.7,17,6104.28,1,1,4,0,0.16,0,74,2,SaaS
user_legacy_3444,769,46,4,5.3,17,4247.74,0,2,0,0,0.34,0,74,2,Education
user_legacy_3445,903,9,15,31.1,17,1084.74,0,3,4,2,0.12,0,53,4,Marketing
user_legacy_3446,556,47,4,10.1,17,7633.81,0,1,0,0,0.0,0,16,8,SaaS
user_legacy_3447,1115,13,21,38.6,19,5490.8,0,1,3,0,0.08,0,100,0,Marketing
user_legacy_3448,871,33,4,2.2,16,2809.73,1,3,0,0,0.81,0,66,3,Marketing
user_legacy_3449,771,32,2,1.9,20,4081.03,0,3,7,3,0.13,0,0,10,E-commerce
user_legacy_3450,1204,46,3,8.1,35,15595.97,1,1,2,0,0.58,0,17,8,SaaS
user_legacy_3451,936,0,15,26.6,30,9143.72,0,2,2,0,0.49,0,79,2,Marketing
user_legacy_3452,1267,16,1,2.4,40,11224.06,0,2,0,0,0.48,0,0,10,E-commerce
user_legacy_3453,1227,58,1,0.6,32,6627.95,1,3,3,0,0.15,0,30,7,Education
user_legacy_3454,697,23,0,0.0,12,1616.59,0,2,2,0,0.29,0,53,4,E-commerce
user_legacy_3455,852,36,1,2.1,25,3407.79,0,0,2,0,0.28,0,10,9,SaaS
user_legacy_3456,1188,32,2,3.9,23,6724.37,0,0,1,0,0.44,0,0,10,Finance
user_legacy_3457,685,24,0,0.0,13,3669.42,0,2,0,0,0.0,0,22,7,Education
user_legacy_3458,462,20,0,0.0,12,3453.51,0,2,5,0,0.22,0,54,4,Marketing
user_legacy_3459,1039,26,0,0.0,25,7797.89,0,0,4,0,0.28,0,84,1,E-commerce
user_legacy_3460,878,47,0,0.0,26,1809.83,0,2,4,1,0.15,0,64,3,Education
user_legacy_3461,1168,38,3,2.1,32,6155.19,0,3,4,0,0.34,0,9,9,Education
user_legacy_3462,875,24,3,2.7,16,4799.37,1,2,4,0,0.34,0,11,8,Education
user_legacy_3463,1255,31,1,1.9,35,12150.22,0,3,0,0,0.18,0,3,9,SaaS
user_legacy_3464,1374,51,1,2.6,33,7348.2,2,4,1,0,0.11,0,66,3,Education
user_legacy_3465,1509,1,26,20.4,38,3827.41,0,3,0,0,0.1,0,14,8,SaaS
user_legacy_3466,1413,22,3,3.1,37,2043.45,0,0,1,0,0.47,0,60,4,E-commerce
user_legacy_3467,1117,11,5,11.4,26,2913.15,0,0,6,0,0.26,0,66,3,Finance
user_legacy_3468,1334,59,3,4.9,42,15058.07,0,2,1,0,0.14,0,95,0,Education
user_legacy_3469,1039,57,1,1.9,33,14979.41,0,4,5,0,0.36,0,26,7,E-commerce
user_legacy_3470,769,45,2,4.4,23,4357.39,0,1,2,0,0.36,0,29,7,E-commerce
user_legacy_3471,972,40,4,10.5,19,1869.61,1,2,6,0,0.1,0,57,4,Education
user_legacy_3472,918,30,1,2.9,17,2560.33,0,0,5,1,0.28,0,78,2,Education
user_legacy_3473,1720,18,2,2.5,37,3221.54,0,1,1,0,0.33,0,52,4,Marketing
user_legacy_3474,900,53,1,0.6,20,4282.2,1,4,3,3,0.5,0,19,8,SaaS
user_legacy_3475,868,21,3,1.6,24,9341.66,0,0,1,0,0.57,0,49,5,SaaS
user_legacy_3476,1231,37,3,6.2,23,9979.68,0,2,0,0,0.32,0,14,8,Marketing
user_legacy_3477,1582,36,3,7.0,35,10694.89,0,5,3,0,0.22,0,61,3,SaaS
user_legacy_3478,1079,41,2,5.5,27,8743.44,0,2,2,0,0.46,0,7,9,Marketing
user_legacy_3479,896,25,1,0.9,15,1339.15,0,0,2,0,0.28,0,34,6,SaaS
user_legacy_3480,506,58,3,8.2,13,5472.16,0,1,5,1,0.27,0,38,6,Education
user_legacy_3481,1331,28,0,0.0,33,14914.22,0,3,4,1,0.46,0,65,3,Marketing
user_legacy_3482,903,47,0,0.0,15,4178.14,0,1,1,0,0.22,0,60,4,Education
user_legacy_3483,768,40,1,1.6,13,4386.72,0,0,0,0,0.39,0,28,7,Education
user_legacy_3484,630,28,1,0.6,17,7334.05,1,1,1,0,0.04,0,37,6,SaaS
user_legacy_3485,1069,20,1,1.5,34,10528.42,0,0,7,3,0.78,0,21,7,Education
user_legacy_3486,839,12,17,19.1,18,7044.02,1,2,4,0,0.44,0,82,1,Marketing
user_legacy_3487,831,38,0,0.0,23,7948.82,0,0,1,0,0.39,0,26,7,Marketing
user_legacy_3488,514,39,1,2.1,10,3937.15,0,0,2,0,0.46,0,4,9,SaaS
user_legacy_3489,739,26,0,0.0,20,2971.46,0,1,7,1,0.36,0,25,7,SaaS
user_legacy_3490,458,16,0,0.0,7,2573.51,0,3,5,2,0.29,0,49,5,Finance
user_legacy_3491,1270,35,4,9.9,33,15557.15,0,6,4,4,0.36,0,47,5,E-commerce
user_legacy_3492,1396,52,3,4.7,36,4459.61,1,2,4,1,0.83,0,49,5,Marketing
user_legacy_3493,947,5,15,28.3,27,4311.15,0,0,0,0,0.34,0,0,10,Education
user_legacy_3494,700,33,4,9.2,13,1564.99,0,0,0,0,0.47,0,35,6,SaaS
user_legacy_3495,824,32,0,0.0,14,4334.65,0,2,1,0,0.47,0,39,6,E-commerce
user_legacy_3496,1585,16,1,1.0,30,4740.67,0,1,2,0,0.3,0,62,3,E-commerce
user_legacy_3497,849,25,0,0.0,22,9499.76,0,2,6,0,0.66,0,36,6,Education
user_legacy_3498,679,19,1,2.6,21,1955.57,0,0,3,0,0.0,0,97,0,Marketing
user_legacy_3499,484,51,3,5.6,9,3362.42,0,2,1,0,0.35,0,19,8,SaaS
user_legacy_3500,1478,18,1,1.2,29,9075.23,0,4,3,0,0.31,0,49,5,Finance
user_legacy_3501,959,45,3,4.2,20,4054.15,0,0,3,1,0.29,0,5,9,E-commerce
user_legacy_3502,734,33,3,3.2,19,3303.16,0,1,4,2,0.19,0,44,5,SaaS
user_legacy_3503,1330,2,24,12.3,35,16606.97,0,0,1,0,0.08,0,36,6,E-commerce
user_legacy_3504,1307,25,0,0.0,31,5516.93,0,7,2,0,0.14,0,22,7,Marketing
user_legacy_3505,1065,45,2,4.0,31,12698.15,0,3,3,0,0.53,0,55,4,Education
user_legacy_3506,1112,29,4,8.5,23,4519.03,1,2,2,0,0.34,0,4,9,Finance
user_legacy_3507,1040,32,1,2.9,18,3513.77,1,2,0,0,0.38,0,0,10,Education
user_legacy_3508,1634,5,23,40.7,44,5508.64,1,0,0,0,0.45,0,35,6,E-commerce
user_legacy_3509,1153,20,1,1.0,27,6473.82,0,1,5,1,0.29,0,0,10,E-commerce
user_legacy_3510,1235,32,3,8.1,30,6189.99,0,4,1,0,0.0,0,41,5,Marketing
user_legacy_3511,1148,36,0,0.0,22,10599.96,0,5,3,2,0.26,0,35,6,Marketing
user_legacy_3512,1394,21,4,10.1,44,7021.73,0,3,4,2,0.24,0,9,9,E-commerce
user_legacy_3513,1773,4,27,56.1,35,9131.96,0,4,0,0,0.02,0,9,9,Finance
user_legacy_3514,927,32,1,1.0,29,8565.07,0,2,5,2,0.32,0,12,8,SaaS
user_legacy_3515,560,36,4,8.2,15,1409.04,2,4,3,2,0.35,0,62,3,Marketing
user_legacy_3516,985,50,2,5.2,31,11167.56,1,0,1,0,0.73,0,73,2,SaaS
user_legacy_3517,1052,18,4,10.0,34,14586.61,0,3,4,3,0.17,0,60,4,SaaS
user_legacy_3518,906,52,0,0.0,29,9575.97,0,4,0,0,0.37,0,54,4,Marketing
user_legacy_3519,855,15,3,6.0,17,1125.4,0,1,2,0,0.2,0,44,5,Education
user_legacy_3520,1007,39,1,2.9,32,11090.32,0,2,3,0,0.48,0,10,9,SaaS
user_legacy_3521,1424,30,4,10.4,27,7116.78,1,3,4,1,0.16,0,3,9,Finance
user_legacy_3522,1381,28,2,4.0,32,6746.83,0,0,2,0,0.48,0,16,8,Education
user_legacy_3523,1107,25,1,0.9,31,8949.83,1,4,1,0,0.29,0,99,0,SaaS
user_legacy_3524,1506,3,20,38.2,46,5668.14,2,2,6,0,0.33,0,0,10,SaaS
user_legacy_3525,809,7,15,24.4,21,5243.8,0,0,5,2,0.53,0,18,8,E-commerce
user_legacy_3526,973,0,27,65.2,18,2439.86,0,0,2,0,0.27,0,95,0,Marketing
user_legacy_3527,1471,51,2,1.2,32,5936.63,0,2,6,0,0.31,0,24,7,Marketing
user_legacy_3528,783,20,2,5.6,19,3744.39,0,2,6,0,0.11,0,70,3,Education
user_legacy_3529,975,10,17,20.9,30,8040.12,0,1,1,0,0.42,0,73,2,Marketing
user_legacy_3530,762,1,12,27.3,14,5437.95,2,2,3,1,0.38,0,51,4,E-commerce
user_legacy_3531,1453,9,17,29.9,32,11375.98,0,3,4,1,0.27,0,21,7,Marketing
user_legacy_3532,790,27,0,0.0,14,4525.34,0,2,5,0,0.14,0,24,7,SaaS
user_legacy_3533,1051,15,4,6.7,28,6671.51,0,5,1,0,0.41,0,24,7,Education
user_legacy_3534,736,22,3,5.8,19,1618.62,1,0,6,0,0.34,0,66,3,Education
user_legacy_3535,913,22,3,8.9,23,5927.21,0,2,2,0,0.47,0,62,3,E-commerce
user_legacy_3536,1287,15,0,0.0,25,11174.02,0,3,2,0,0.42,0,53,4,Finance
user_legacy_3537,1086,24,1,0.6,21,10102.97,1,2,2,0,0.23,0,36,6,Finance
user_legacy_3538,890,41,3,4.6,19,2651.52,1,0,5,1,0.16,0,3,9,SaaS
user_legacy_3539,1328,41,2,3.0,43,3565.87,0,0,4,0,0.29,0,40,6,Marketing
user_legacy_3540,1327,39,2,4.6,33,12101.15,0,6,3,1,0.61,0,83,1,Education
user_legacy_3541,947,33,3,1.8,30,5210.61,2,2,3,1,0.12,0,39,6,Education
user_legacy_3542,1184,57,0,0.0,25,9433.01,2,3,4,1,0.42,0,100,0,E-commerce
user_legacy_3543,953,34,3,5.7,25,4178.1,0,0,0,0,0.42,0,57,4,Education
user_legacy_3544,1362,45,0,0.0,38,11554.16,0,3,3,1,0.45,0,0,10,Marketing
user_legacy_3545,1433,8,20,40.4,39,16229.82,0,2,0,0,0.24,0,24,7,Marketing
user_legacy_3546,939,58,2,3.1,25,7351.3,0,5,1,0,0.0,0,33,6,E-commerce
user_legacy_3547,842,1,16,37.4,19,1970.41,0,3,0,0,0.21,0,39,6,E-commerce
user_legacy_3548,822,59,3,6.6,20,9007.8,0,4,4,1,0.45,0,100,0,E-commerce
user_legacy_3549,1264,13,15,7.9,39,13677.7,0,0,1,0,0.55,0,0,10,Education
user_legacy_3550,1007,59,3,6.8,23,9887.37,0,4,3,1,0.54,0,8,9,Finance
user_legacy_3551,1449,35,1,2.1,40,2844.89,0,0,2,0,0.0,0,0,10,Finance
user_legacy_3552,628,42,2,1.2,18,1890.21,0,2,1,0,0.37,0,5,9,Marketing
user_legacy_3553,1369,18,1,0.6,23,3901.3,0,0,0,0,0.64,0,54,4,Education
user_legacy_3554,1664,29,4,4.2,33,12429.15,0,2,2,0,0.46,0,52,4,E-commerce
user_legacy_3555,1178,35,4,8.5,26,1704.57,0,1,1,0,0.28,0,19,8,Finance
user_legacy_3556,1267,26,4,7.9,26,11500.59,1,5,0,0,0.29,0,37,6,E-commerce
user_legacy_3557,929,17,0,0.0,27,7384.03,0,3,7,1,0.13,0,97,0,E-commerce
user_legacy_3558,1229,37,2,4.4,22,2250.38,0,0,3,2,0.24,0,86,1,SaaS
user_legacy_3559,1137,37,1,1.7,28,13536.89,0,0,0,0,0.32,0,38,6,Marketing
user_legacy_3560,872,39,3,5.9,22,2895.58,0,0,5,1,0.47,0,51,4,E-commerce
user_legacy_3561,793,43,3,4.8,19,4150.36,0,3,3,0,0.11,0,31,6,SaaS
user_legacy_3562,1019,5,13,27.4,18,6631.05,2,2,4,0,0.41,0,17,8,Education
user_legacy_3563,478,17,4,6.6,14,1831.89,0,1,3,1,0.68,0,62,3,E-commerce
user_legacy_3564,1235,20,4,10.0,30,6084.37,0,3,3,1,0.01,0,46,5,SaaS
user_legacy_3565,1101,36,1,0.7,34,6065.88,0,1,4,1,0.33,0,64,3,SaaS
user_legacy_3566,952,21,4,10.8,28,5563.31,1,2,4,0,0.37,0,80,2,SaaS
user_legacy_3567,1434,24,1,0.8,40,17760.18,0,1,2,0,0.21,0,41,5,Finance
user_legacy_3568,1071,21,2,4.0,23,6079.38,0,3,2,0,0.37,0,2,9,Finance
user_legacy_3569,1075,57,0,0.0,32,4217.08,0,0,2,0,0.58,0,67,3,Finance
user_legacy_3570,1103,23,2,5.8,24,10347.64,0,2,1,0,0.07,0,66,3,E-commerce
user_legacy_3571,699,7,7,4.4,11,1250.14,0,2,2,0,0.0,0,38,6,Finance
user_legacy_3572,1118,53,2,2.6,31,11154.61,1,3,2,0,0.24,0,26,7,Finance
user_legacy_3573,1243,26,1,2.6,35,4738.57,0,0,4,0,0.25,0,53,4,Marketing
user_legacy_3574,617,58,0,0.0,13,1862.51,1,1,4,2,0.59,0,45,5,E-commerce
user_legacy_3575,1109,31,4,5.5,22,3216.37,0,2,0,0,0.71,0,26,7,Marketing
user_legacy_3576,1170,36,3,4.7,33,14552.53,0,0,1,0,0.28,0,67,3,Finance
user_legacy_3577,1258,59,3,4.5,25,8748.77,0,5,3,1,0.24,0,31,6,E-commerce
user_legacy_3578,696,50,4,5.6,22,8722.14,2,0,6,0,0.23,0,19,8,Finance
user_legacy_3579,825,9,26,74.0,23,9992.76,0,3,3,1,0.43,0,0,10,E-commerce
user_legacy_3580,1061,2,24,23.8,29,10236.09,0,4,6,0,0.52,0,18,8,Marketing
user_legacy_3581,1208,20,0,0.0,26,10806.97,2,3,4,0,0.29,0,1,9,SaaS
user_legacy_3582,882,56,3,1.7,24,6424.55,0,4,3,0,0.45,0,58,4,SaaS
user_legacy_3583,418,24,3,8.7,10,1107.39,0,0,0,0,0.11,0,54,4,Education
user_legacy_3584,818,19,1,1.5,22,5964.04,0,1,3,0,0.22,0,53,4,Marketing
user_legacy_3585,674,38,1,2.9,14,3967.79,2,2,2,0,0.3,0,56,4,Marketing
user_legacy_3586,489,53,3,3.1,14,5704.09,1,0,6,1,0.16,0,16,8,Marketing
user_legacy_3587,1478,27,1,1.8,48,20130.11,0,1,1,0,0.0,0,39,6,SaaS
user_legacy_3588,1281,20,4,9.7,31,7724.21,0,1,2,0,0.51,0,48,5,Finance
user_legacy_3589,1268,13,23,41.0,37,10517.31,0,0,2,0,0.24,0,88,1,Education
user_legacy_3590,1746,39,1,1.9,43,17891.79,0,1,1,0,0.14,0,0,10,Finance
user_legacy_3591,454,43,0,0.0,13,2926.88,0,1,1,0,0.19,0,38,6,Finance
user_legacy_3592,850,19,1,2.9,18,8730.1,0,2,5,2,0.18,0,78,2,Education
user_legacy_3593,1112,40,4,11.7,20,9053.91,0,0,4,1,0.03,0,100,0,Education
user_legacy_3594,1494,32,4,2.8,26,4380.21,0,1,2,0,0.14,0,46,5,E-commerce
user_legacy_3595,516,20,3,2.7,9,4271.5,0,0,3,0,0.33,0,63,3,Marketing
user_legacy_3596,848,28,2,1.5,18,1731.86,0,1,4,2,0.28,0,43,5,E-commerce
user_legacy_3597,1207,52,2,1.9,26,6888.52,0,2,2,0,0.24,0,12,8,Marketing
user_legacy_3598,1313,57,1,1.1,32,7861.46,0,0,1,0,0.54,0,15,8,E-commerce
user_legacy_3599,873,41,1,1.7,23,4360.17,0,1,4,2,0.13,0,44,5,SaaS
user_legacy_3600,1197,42,1,3.0,31,2049.94,0,1,1,0,0.27,0,17,8,Marketing
user_legacy_3601,948,34,3,7.0,20,2857.48,0,4,5,0,0.23,0,100,0,Finance
user_legacy_3602,1422,28,2,4.7,42,6020.37,0,2,6,3,0.15,0,26,7,Education
user_legacy_3603,983,10,20,14.6,22,6968.8,0,0,3,0,0.69,0,69,3,SaaS
user_legacy_3604,812,34,1,1.5,17,5243.51,0,0,5,0,0.16,0,70,3,Finance
user_legacy_3605,1332,16,1,1.5,34,5629.94,1,2,3,1,0.19,0,0,10,E-commerce
user_legacy_3606,1082,42,1,1.2,28,12471.88,1,1,5,1,0.46,0,14,8,SaaS
user_legacy_3607,1444,49,1,2.7,34,16249.56,0,2,10,0,0.13,0,49,5,SaaS
user_legacy_3608,865,57,0,0.0,21,9746.35,0,0,3,0,0.25,0,15,8,E-commerce
user_legacy_3609,1310,25,0,0.0,27,13111.63,0,2,4,2,0.69,0,48,5,Finance
user_legacy_3610,820,3,14,12.0,21,1773.74,0,1,3,1,0.33,0,82,1,SaaS
user_legacy_3611,948,46,3,3.0,29,7501.0,2,0,0,0,0.27,0,55,4,E-commerce
user_legacy_3612,1389,57,2,6.0,26,2528.45,0,0,4,1,0.56,0,0,10,Education
user_legacy_3613,1110,39,4,6.4,23,6034.61,0,1,3,1,0.29,0,29,7,SaaS
user_legacy_3614,1084,3,6,14.5,30,13877.61,1,0,5,0,0.48,0,37,6,Finance
user_legacy_3615,793,22,0,0.0,25,10353.53,1,2,1,0,0.48,0,55,4,E-commerce
user_legacy_3616,733,37,4,5.3,13,2595.73,0,0,4,1,0.1,0,53,4,Marketing
user_legacy_3617,1161,45,0,0.0,27,6176.11,1,2,3,2,0.12,0,24,7,Marketing
user_legacy_3618,905,2,23,36.0,27,6794.37,0,7,0,0,0.02,0,0,10,Marketing
user_legacy_3619,1092,7,7,10.5,18,1634.79,0,0,2,0,0.46,0,64,3,Finance
user_legacy_3620,1040,44,0,0.0,30,11029.18,0,2,2,0,0.46,0,34,6,Finance
user_legacy_3621,315,19,3,8.0,5,1040.52,0,0,2,0,0.37,0,31,6,E-commerce
user_legacy_3622,1321,4,18,26.7,38,9638.96,1,0,0,0,0.47,0,30,7,Marketing
user_legacy_3623,630,25,3,4.3,14,4639.4,0,0,6,2,0.28,0,36,6,E-commerce
user_legacy_3624,1171,1,25,51.5,26,12100.78,0,2,0,0,0.3,0,23,7,Education
user_legacy_3625,798,6,16,40.8,22,2008.41,0,3,1,0,0.24,0,32,6,Education
user_legacy_3626,1159,34,2,2.8,20,2821.23,1,0,2,0,0.33,0,1,9,E-commerce
user_legacy_3627,741,38,0,0.0,23,10235.05,0,1,0,0,0.44,0,47,5,Marketing
user_legacy_3628,644,56,2,3.9,11,5360.8,1,2,6,0,0.93,0,51,4,Finance
user_legacy_3629,1761,44,1,1.8,39,8314.09,0,0,1,0,0.0,0,0,10,Finance
user_legacy_3630,842,0,25,47.2,21,3213.95,0,4,1,0,0.28,0,42,5,Education
user_legacy_3631,1103,3,18,18.3,26,4567.09,0,0,4,0,0.37,0,0,10,Marketing
user_legacy_3632,989,52,3,6.0,24,3950.33,0,2,1,0,0.09,0,47,5,SaaS
user_legacy_3633,818,7,9,18.2,17,3507.82,0,0,6,0,0.22,0,0,10,Marketing
user_legacy_3634,1189,39,1,2.5,32,1714.36,0,1,3,2,0.26,0,4,9,SaaS
user_legacy_3635,1048,7,28,77.7,33,6822.47,0,1,7,2,0.63,0,60,4,E-commerce
user_legacy_3636,674,41,4,9.1,18,3850.85,1,2,2,0,0.12,0,48,5,E-commerce
user_legacy_3637,999,47,1,2.0,21,9229.53,1,1,1,0,0.46,0,75,2,Education
user_legacy_3638,456,59,1,1.7,9,1198.46,0,2,7,2,0.28,0,0,10,Marketing
user_legacy_3639,814,13,13,19.6,15,5908.71,1,0,2,0,0.34,0,41,5,SaaS
user_legacy_3640,1075,28,2,2.2,29,12505.42,0,6,5,1,0.05,0,41,5,Education
user_legacy_3641,470,54,1,1.8,12,3957.96,1,0,0,0,0.28,0,0,10,SaaS
user_legacy_3642,1454,48,2,2.3,41,18705.7,1,0,2,0,0.54,0,39,6,Marketing
user_legacy_3643,962,16,0,0.0,23,6662.37,0,0,1,0,0.14,0,58,4,Marketing
user_legacy_3644,926,21,4,8.7,22,5669.86,0,4,5,2,0.37,0,51,4,SaaS
user_legacy_3645,592,34,2,3.5,16,2950.47,0,2,3,3,0.41,0,10,9,Finance
user_legacy_3646,448,28,3,8.0,12,1924.54,2,1,2,0,0.0,0,62,3,Education
user_legacy_3647,869,27,3,5.2,27,2344.67,2,3,1,0,0.43,0,58,4,Education
user_legacy_3648,1295,30,1,1.7,42,7916.08,1,1,1,0,0.3,0,46,5,Education
user_legacy_3649,1239,9,16,31.2,33,6099.02,1,1,2,0,0.38,0,30,7,SaaS
user_legacy_3650,697,36,1,2.1,20,1572.31,0,0,3,3,0.42,0,74,2,Education
user_legacy_3651,1430,41,2,3.6,25,10071.98,0,3,0,0,0.24,0,0,10,SaaS
user_legacy_3652,1042,0,6,3.3,28,7764.62,1,2,4,2,0.3,0,51,4,Marketing
user_legacy_3653,857,25,4,5.8,21,6275.93,1,2,1,0,0.4,0,27,7,E-commerce
user_legacy_3654,652,0,18,23.8,13,4710.76,1,2,0,0,0.23,0,0,10,Education
user_legacy_3655,1097,3,12,27.2,33,12061.39,0,0,0,0,0.46,0,39,6,E-commerce
user_legacy_3656,1002,58,4,7.6,25,4136.48,0,6,4,0,0.08,0,62,3,Finance
user_legacy_3657,1093,57,3,6.8,28,6345.52,0,1,1,0,0.36,0,100,0,Marketing
user_legacy_3658,1372,20,4,6.1,34,7609.11,0,2,0,0,0.62,0,40,6,Education
user_legacy_3659,1152,34,0,0.0,27,12983.17,0,0,2,0,0.39,0,67,3,Education
user_legacy_3660,879,37,2,4.9,16,2306.84,1,1,1,0,0.31,0,0,10,Marketing
user_legacy_3661,851,10,23,56.6,22,10948.74,0,2,0,0,0.32,0,62,3,E-commerce
user_legacy_3662,1009,32,2,5.7,19,7187.55,0,0,2,0,0.5,0,72,2,Education
user_legacy_3663,856,45,0,0.0,23,4518.8,0,6,3,1,0.24,0,0,10,Marketing
user_legacy_3664,579,7,11,16.6,12,3197.18,0,0,5,1,0.28,0,55,4,Education
user_legacy_3665,571,37,3,2.8,14,3012.24,1,1,4,0,0.22,0,56,4,Education
user_legacy_3666,1591,43,4,6.4,37,5878.44,0,0,2,0,0.32,0,0,10,E-commerce
user_legacy_3667,1027,28,0,0.0,26,5526.53,0,3,3,2,0.1,0,71,2,SaaS
user_legacy_3668,784,20,2,3.7,14,1936.74,1,0,5,1,0.0,0,3,9,Finance
user_legacy_3669,1445,53,3,4.7,30,11638.31,0,1,0,0,0.16,0,36,6,Marketing
user_legacy_3670,1035,44,0,0.0,19,6390.17,0,2,7,0,0.48,0,37,6,Marketing
user_legacy_3671,1264,42,3,8.2,40,15301.69,0,2,1,0,0.31,0,48,5,E-commerce
user_legacy_3672,1185,54,4,2.2,34,11099.21,0,0,4,0,0.39,0,40,6,SaaS
user_legacy_3673,993,32,1,2.3,22,2076.21,1,4,0,0,0.0,0,34,6,E-commerce
user_legacy_3674,1015,19,3,8.9,31,14280.61,1,2,2,0,0.53,0,63,3,SaaS
user_legacy_3675,729,30,2,3.6,17,7708.48,1,5,2,0,0.69,0,25,7,Finance
user_legacy_3676,935,57,1,1.4,30,3154.53,0,3,2,0,0.53,0,67,3,Education
user_legacy_3677,847,30,2,5.6,16,6883.24,0,1,2,0,0.05,0,0,10,E-commerce
user_legacy_3678,1085,50,2,1.4,27,5833.14,1,2,2,0,0.37,0,45,5,Finance
user_legacy_3679,1106,1,23,37.4,20,5712.32,3,3,5,2,0.33,0,75,2,E-commerce
user_legacy_3680,1650,35,2,1.5,31,15122.23,0,1,6,3,0.47,0,33,6,E-commerce
user_legacy_3681,859,57,0,0.0,15,4185.62,0,2,1,0,0.11,0,66,3,Finance
user_legacy_3682,1025,54,0,0.0,26,6891.65,1,3,4,0,0.49,0,59,4,E-commerce
user_legacy_3683,1432,21,1,0.6,42,5026.55,1,1,2,0,0.31,0,27,7,E-commerce
user_legacy_3684,741,11,21,26.7,19,7382.34,0,1,0,0,0.28,0,90,1,Marketing
user_legacy_3685,1112,49,4,4.4,24,9201.31,0,1,2,0,0.08,0,53,4,Finance
user_legacy_3686,734,39,1,0.5,22,8508.41,1,2,1,0,0.12,0,42,5,Finance
user_legacy_3687,1542,53,1,2.5,45,14230.14,0,2,4,0,0.54,0,48,5,SaaS
user_legacy_3688,1320,28,3,4.0,42,13929.37,0,0,3,0,0.24,0,46,5,Education
user_legacy_3689,598,47,0,0.0,11,2777.06,1,2,3,1,0.5,0,16,8,Finance
user_legacy_3690,763,30,1,2.2,19,8208.11,1,1,1,0,0.23,0,24,7,Education
user_legacy_3691,1191,54,4,6.3,22,4230.74,0,2,1,0,0.71,0,95,0,Education
user_legacy_3692,846,1,5,12.0,26,6926.28,0,3,4,1,0.76,0,23,7,Marketing
user_legacy_3693,1134,26,1,0.9,18,5799.05,1,4,5,0,0.04,0,46,5,Finance
user_legacy_3694,993,51,1,2.0,25,1556.11,3,6,1,0,0.06,0,23,7,Finance
user_legacy_3695,776,39,3,2.1,22,5487.13,0,0,3,0,0.48,0,42,5,Education
user_legacy_3696,1013,34,2,1.6,24,2564.7,0,0,1,0,0.32,0,42,5,Education
user_legacy_3697,683,44,1,2.2,21,9014.37,0,1,0,0,0.0,0,26,7,SaaS
user_legacy_3698,1026,48,3,8.0,27,9795.97,0,0,6,1,0.45,0,27,7,SaaS
user_legacy_3699,943,58,3,2.2,18,2762.41,0,1,5,1,0.09,0,27,7,SaaS
user_legacy_3700,843,31,2,3.8,19,2101.7,0,0,6,1,0.48,0,26,7,E-commerce
user_legacy_3701,1170,35,0,0.0,22,9531.26,0,1,2,0,0.22,0,74,2,Marketing
user_legacy_3702,1133,53,2,2.0,34,15986.53,1,4,3,1,0.03,0,11,8,E-commerce
user_legacy_3703,860,33,4,5.1,15,3712.63,1,0,4,0,0.28,0,8,9,Marketing
user_legacy_3704,576,23,1,2.4,15,2438.44,0,2,1,0,0.21,0,93,0,Marketing
user_legacy_3705,820,43,1,0.5,25,1637.07,0,0,3,0,0.19,0,63,3,Finance
user_legacy_3706,392,20,3,5.8,9,946.92,2,0,3,0,0.28,0,44,5,Education
user_legacy_3707,1514,29,1,2.9,43,11916.91,1,0,0,0,0.0,0,16,8,E-commerce
user_legacy_3708,939,58,0,0.0,23,6958.73,0,0,1,0,0.32,0,0,10,Marketing
user_legacy_3709,1090,49,2,3.6,19,4841.21,0,0,0,0,0.32,0,46,5,Education
user_legacy_3710,1326,50,0,0.0,40,17299.04,2,0,3,2,0.2,0,8,9,Finance
user_legacy_3711,1079,6,27,29.3,25,7286.48,1,0,6,1,0.32,0,94,0,Marketing
user_legacy_3712,896,25,4,7.2,24,4097.11,0,1,4,0,0.29,0,52,4,E-commerce
user_legacy_3713,878,45,2,4.6,17,1246.01,0,2,1,0,0.13,0,54,4,Education
user_legacy_3714,1118,3,11,27.5,22,5287.33,0,2,2,0,0.17,0,16,8,Finance
user_legacy_3715,1065,18,2,5.6,31,9114.72,0,1,1,0,0.45,0,74,2,SaaS
user_legacy_3716,614,55,3,6.2,14,781.84,2,0,0,0,0.56,0,75,2,Education
user_legacy_3717,894,6,8,18.7,22,5425.81,0,0,1,0,0.57,0,0,10,Marketing
user_legacy_3718,925,11,24,70.1,18,3771.78,0,3,3,1,0.15,0,7,9,Marketing
user_legacy_3719,840,34,1,1.3,23,4611.46,0,1,4,2,0.3,0,0,10,Education
user_legacy_3720,398,11,19,47.6,10,4304.79,0,3,3,0,0.2,0,51,4,E-commerce
user_legacy_3721,402,16,4,7.8,8,2599.39,0,3,5,2,0.18,0,0,10,SaaS
user_legacy_3722,773,47,1,2.8,17,7791.3,0,4,0,0,0.01,0,75,2,E-commerce
user_legacy_3723,927,9,21,17.7,26,12678.22,1,0,0,0,0.01,0,51,4,Marketing
user_legacy_3724,843,56,3,4.9,17,3822.86,1,1,2,0,0.48,0,47,5,Finance
user_legacy_3725,1044,47,1,2.4,20,5510.96,0,1,4,0,0.4,0,31,6,E-commerce
user_legacy_3726,958,21,3,8.2,22,8949.31,0,2,2,0,0.26,0,46,5,SaaS
user_legacy_3727,1448,40,3,5.4,36,6092.66,0,1,3,0,0.58,0,47,5,Marketing
user_legacy_3728,1178,1,13,38.4,34,8866.61,1,3,6,1,0.09,0,55,4,Finance
user_legacy_3729,1550,12,27,76.5,40,8705.16,1,1,1,0,0.16,0,32,6,Education
user_legacy_3730,860,50,2,1.5,19,9211.88,0,3,2,0,0.14,0,92,0,Education
user_legacy_3731,1314,32,4,8.4,42,17422.73,0,1,3,0,0.7,0,0,10,SaaS
user_legacy_3732,1444,32,3,7.9,42,7519.93,0,2,3,2,0.0,0,22,7,SaaS
user_legacy_3733,984,16,1,2.1,26,2007.67,0,0,2,0,0.4,0,30,7,E-commerce
user_legacy_3734,914,45,2,5.2,22,8114.05,0,1,2,0,0.02,0,22,7,SaaS
user_legacy_3735,1156,36,2,3.1,30,9463.76,1,0,3,0,0.44,0,12,8,Marketing
user_legacy_3736,1188,41,2,1.3,30,2304.48,0,1,1,0,0.45,0,0,10,Finance
user_legacy_3737,392,3,24,67.0,7,2727.01,2,4,0,0,0.39,0,30,7,Finance
user_legacy_3738,1047,43,3,5.9,32,4124.08,0,0,0,0,0.39,0,43,5,Marketing
user_legacy_3739,501,32,4,2.2,14,5151.78,0,3,5,3,0.37,0,47,5,Education
user_legacy_3740,176,26,0,0.0,2,722.1,0,1,5,1,0.59,0,30,7,Education
user_legacy_3741,662,7,21,16.0,21,8408.66,0,3,1,0,0.0,0,21,7,Finance
user_legacy_3742,763,18,1,1.2,20,8573.8,0,0,2,0,0.08,0,6,9,Finance
user_legacy_3743,1043,19,4,4.6,21,7929.73,0,3,1,0,0.5,0,96,0,Education
user_legacy_3744,1574,24,4,8.2,48,15455.39,0,2,0,0,0.08,0,17,8,E-commerce
user_legacy_3745,1077,42,2,4.4,33,5001.59,1,2,0,0,0.03,0,100,0,Marketing
user_legacy_3746,852,47,1,0.8,19,7068.68,1,0,0,0,0.39,0,0,10,E-commerce
user_legacy_3747,1374,48,2,4.7,40,7132.08,0,2,3,0,0.05,0,4,9,Marketing
user_legacy_3748,811,52,3,5.5,23,10624.84,0,3,3,0,0.24,0,18,8,Finance
user_legacy_3749,1169,36,0,0.0,21,9902.97,0,1,1,0,0.28,0,27,7,SaaS
user_legacy_3750,1330,43,1,0.9,36,9971.79,0,0,3,2,0.07,0,59,4,SaaS
user_legacy_3751,764,50,4,7.7,22,4881.56,0,1,0,0,0.36,0,33,6,Finance
user_legacy_3752,1140,15,4,2.8,19,4326.75,0,2,4,0,0.27,0,38,6,Finance
user_legacy_3753,1678,4,17,23.6,39,16308.65,3,2,4,3,0.0,0,15,8,Education
user_legacy_3754,998,49,4,7.3,27,8306.6,0,1,2,0,0.2,0,43,5,Education
user_legacy_3755,931,24,3,2.9,16,1481.81,1,0,1,0,0.12,0,82,1,Finance
user_legacy_3756,843,34,0,0.0,25,10920.93,1,0,2,0,0.21,0,93,0,SaaS
user_legacy_3757,1153,41,2,5.1,20,7044.15,0,3,5,2,0.61,0,48,5,SaaS
user_legacy_3758,815,50,0,0.0,18,4209.52,0,1,2,0,0.65,0,22,7,SaaS
user_legacy_3759,1079,42,3,2.9,31,4795.84,0,1,6,1,0.02,0,34,6,SaaS
user_legacy_3760,817,2,23,16.1,16,5030.44,1,0,7,0,0.37,0,59,4,Marketing
user_legacy_3761,862,28,0,0.0,16,1741.82,0,1,1,0,0.14,0,56,4,Marketing
user_legacy_3762,1546,27,0,0.0,42,15081.58,0,3,0,0,0.36,0,59,4,Finance
user_legacy_3763,1044,56,0,0.0,24,4059.89,2,1,2,0,0.13,0,54,4,Finance
user_legacy_3764,872,49,3,3.9,21,7236.36,0,1,5,0,0.38,0,0,10,Education
user_legacy_3765,798,49,3,4.4,20,3784.77,0,1,3,0,0.15,0,43,5,E-commerce
user_legacy_3766,1395,29,2,5.6,41,11016.53,1,0,3,1,0.07,0,54,4,SaaS
user_legacy_3767,1372,49,2,1.1,38,16989.4,0,2,4,1,0.42,0,0,10,E-commerce
user_legacy_3768,445,41,1,2.4,8,1923.95,2,0,0,0,0.28,0,51,4,Finance
user_legacy_3769,1060,36,0,0.0,23,7515.82,0,1,2,0,0.34,0,43,5,Education
user_legacy_3770,1339,20,1,1.4,35,5796.83,0,5,4,1,0.57,0,32,6,Education
user_legacy_3771,906,15,4,4.3,27,11132.53,1,0,4,0,0.17,0,65,3,Finance
user_legacy_3772,469,22,0,0.0,13,3026.24,1,2,5,3,0.21,0,35,6,Finance
user_legacy_3773,800,27,2,3.7,15,5599.63,1,1,1,0,0.02,0,69,3,Education
user_legacy_3774,951,50,4,7.9,26,3292.29,0,2,5,2,0.21,0,5,9,Marketing
user_legacy_3775,1228,38,0,0.0,30,10058.85,1,1,5,2,0.0,0,68,3,Education
user_legacy_3776,1365,48,3,7.0,35,11115.32,1,1,4,1,0.09,0,65,3,Finance
user_legacy_3777,747,19,0,0.0,19,5576.7,0,1,1,0,0.36,0,32,6,Marketing
user_legacy_3778,614,16,2,3.9,12,4149.34,0,0,3,1,0.71,0,46,5,E-commerce
user_legacy_3779,1601,44,0,0.0,49,10140.3,0,0,2,0,0.48,0,28,7,Finance
user_legacy_3780,919,56,4,11.5,24,4360.65,0,1,2,0,0.13,0,42,5,SaaS
user_legacy_3781,904,4,18,39.6,28,5107.39,0,4,1,0,0.7,0,0,10,Finance
user_legacy_3782,1132,53,1,1.9,34,6627.66,0,3,2,0,0.27,0,23,7,Marketing
user_legacy_3783,1200,2,24,17.6,32,15706.57,0,3,0,0,0.45,0,16,8,E-commerce
user_legacy_3784,1477,25,1,2.5,36,7790.97,0,1,0,0,0.26,0,38,6,Education
user_legacy_3785,1171,39,1,1.4,21,3635.15,0,3,3,1,0.76,0,15,8,Marketing
user_legacy_3786,934,41,4,10.6,24,8101.62,1,0,0,0,0.0,0,40,6,Education
user_legacy_3787,1163,46,0,0.0,27,1722.01,1,1,0,0,0.15,0,40,6,Education
user_legacy_3788,1227,27,2,3.0,38,3127.39,0,1,2,0,0.53,0,62,3,Finance
user_legacy_3789,803,21,1,1.9,13,6151.95,2,2,3,0,0.17,0,86,1,SaaS
user_legacy_3790,978,24,3,2.3,27,5377.96,0,5,2,0,0.3,0,40,6,SaaS
user_legacy_3791,829,27,3,5.1,16,6709.84,0,1,2,0,0.0,0,62,3,E-commerce
user_legacy_3792,1102,5,23,29.4,33,10964.0,1,0,4,1,0.36,0,45,5,Education
user_legacy_3793,1356,4,9,6.7,25,10679.15,0,3,2,0,0.35,0,71,2,E-commerce
user_legacy_3794,980,42,3,8.0,31,2594.11,0,4,1,0,0.09,0,55,4,Finance
user_legacy_3795,1058,24,3,8.3,28,4604.33,0,0,4,2,0.18,0,68,3,SaaS
user_legacy_3796,834,13,16,34.4,22,7755.73,0,1,3,0,0.68,0,39,6,SaaS
user_legacy_3797,1187,43,2,1.6,38,17457.03,2,0,3,0,0.25,0,22,7,Finance
user_legacy_3798,1289,9,19,52.7,27,13269.7,0,3,1,0,0.48,0,43,5,E-commerce
user_legacy_3799,994,59,4,5.5,26,9890.78,0,4,3,2,0.63,0,2,9,Marketing
user_legacy_3800,1102,44,4,6.6,34,15484.8,0,0,0,0,0.41,0,49,5,SaaS
user_legacy_3801,728,43,1,0.6,21,8447.64,0,0,2,0,0.42,0,87,1,Finance
user_legacy_3802,864,6,13,32.2,15,6657.69,0,3,2,0,0.37,0,33,6,E-commerce
user_legacy_3803,1441,31,3,2.6,35,1774.56,0,6,2,0,0.48,0,6,9,E-commerce
user_legacy_3804,1286,21,4,7.6,22,6866.82,0,2,6,1,0.01,0,79,2,Marketing
user_legacy_3805,1777,44,4,4.3,53,11610.24,0,2,3,1,0.18,0,44,5,Education
user_legacy_3806,1108,32,4,3.6,31,3657.62,0,2,1,0,0.51,0,96,0,SaaS
user_legacy_3807,1115,54,4,4.2,21,3620.9,1,0,0,0,0.29,0,26,7,Marketing
user_legacy_3808,484,53,1,1.1,8,887.75,0,0,5,1,0.0,0,10,9,Education
user_legacy_3809,816,57,4,6.0,17,6794.2,0,4,4,2,0.04,0,73,2,Finance
user_legacy_3810,1001,39,2,4.0,32,10185.67,1,0,2,0,0.63,0,39,6,Finance
user_legacy_3811,1524,44,4,5.7,48,19448.56,0,1,1,0,0.73,0,49,5,Education
user_legacy_3812,692,25,4,7.7,14,1872.19,0,1,6,1,0.35,0,46,5,SaaS
user_legacy_3813,914,8,13,15.2,29,1576.25,1,3,3,3,0.14,0,0,10,Finance
user_legacy_3814,927,9,5,12.1,19,7176.19,0,2,5,1,0.55,0,0,10,E-commerce
user_legacy_3815,184,18,4,5.4,4,593.56,0,0,2,0,0.2,0,78,2,E-commerce
user_legacy_3816,1513,53,0,0.0,38,14029.06,1,1,3,0,0.57,0,4,9,Marketing
user_legacy_3817,924,8,28,26.3,21,10450.77,0,3,0,0,0.55,0,20,8,SaaS
user_legacy_3818,897,4,18,32.6,22,10715.7,1,0,3,0,0.0,0,16,8,SaaS
user_legacy_3819,1181,35,4,3.5,30,13905.63,1,3,3,2,0.12,0,0,10,Education
user_legacy_3820,1356,52,1,2.3,30,3502.76,0,4,4,0,0.0,0,0,10,SaaS
user_legacy_3821,1189,42,3,3.2,36,13037.17,1,4,2,0,0.18,0,15,8,Marketing
user_legacy_3822,972,40,0,0.0,26,2011.92,0,1,7,3,0.16,0,55,4,Marketing
user_legacy_3823,996,45,3,3.9,26,12206.28,2,1,1,0,0.13,0,0,10,E-commerce
user_legacy_3824,723,34,3,2.9,15,3646.61,2,2,3,1,0.21,0,19,8,SaaS
user_legacy_3825,989,23,1,1.3,23,9381.94,0,4,4,1,0.3,0,80,2,E-commerce
user_legacy_3826,962,33,3,6.9,24,5538.34,0,1,4,0,0.3,0,33,6,Education
user_legacy_3827,1324,57,3,3.1,24,11455.77,2,0,2,0,0.28,0,23,7,E-commerce
user_legacy_3828,910,2,22,19.2,15,4177.09,0,3,1,0,0.09,0,64,3,Education
user_legacy_3829,1208,26,1,1.0,37,9274.54,0,0,3,1,0.33,0,42,5,E-commerce
user_legacy_3830,1472,36,2,4.3,44,18124.71,1,1,2,0,0.25,0,38,6,SaaS
user_legacy_3831,302,30,2,2.6,9,3795.01,1,5,3,1,0.27,0,0,10,Education
user_legacy_3832,1051,53,2,5.8,34,3129.94,1,0,0,0,0.13,0,29,7,SaaS
user_legacy_3833,1678,51,1,1.9,38,3439.01,0,1,2,0,0.07,0,44,5,E-commerce
user_legacy_3834,584,32,3,7.5,11,1577.0,0,0,4,1,0.13,0,54,4,Education
user_legacy_3835,934,13,23,61.7,23,6511.11,0,0,1,0,0.38,0,0,10,E-commerce
user_legacy_3836,388,18,1,0.8,10,2575.07,2,2,5,0,0.26,0,36,6,E-commerce
user_legacy_3837,1492,45,3,5.0,29,12063.65,0,1,4,1,0.3,0,84,1,Marketing
user_legacy_3838,687,56,1,2.3,20,7938.27,0,4,2,0,0.34,0,81,1,Marketing
user_legacy_3839,1024,53,2,1.8,25,2408.25,0,0,3,2,0.18,0,21,7,SaaS
user_legacy_3840,1465,54,4,9.9,31,12538.77,0,2,2,0,0.58,0,39,6,Finance
user_legacy_3841,1266,47,4,11.5,41,8487.65,0,1,4,3,0.63,0,45,5,E-commerce
user_legacy_3842,1006,23,4,9.2,17,6714.67,0,3,1,0,0.11,0,2,9,Finance
user_legacy_3843,1635,1,24,22.3,36,12038.21,0,1,0,0,0.34,0,62,3,Finance
user_legacy_3844,700,36,3,4.3,19,8280.3,1,0,2,0,0.25,0,41,5,Finance
user_legacy_3845,850,4,15,8.7,17,2093.74,1,3,2,0,0.24,0,0,10,SaaS
user_legacy_3846,978,50,0,0.0,30,13456.46,0,3,0,0,0.3,0,76,2,Education
user_legacy_3847,641,37,1,1.6,19,2739.43,1,1,0,0,0.41,0,0,10,Marketing
user_legacy_3848,1212,15,4,2.7,31,6417.84,1,3,2,0,0.55,0,27,7,Finance
user_legacy_3849,606,55,0,0.0,15,3619.68,0,3,2,0,0.34,0,33,6,E-commerce
user_legacy_3850,766,9,13,33.4,17,4885.8,0,1,2,0,0.6,0,70,3,E-commerce
user_legacy_3851,1111,41,2,5.2,21,5335.23,0,2,1,0,0.49,0,0,10,Education
user_legacy_3852,1041,26,0,0.0,20,3273.43,0,1,4,1,0.2,0,18,8,Education
user_legacy_3853,1405,8,18,40.7,24,8421.24,0,3,8,1,0.15,0,71,2,Finance
user_legacy_3854,826,43,0,0.0,19,4718.56,0,1,2,0,0.11,0,39,6,Marketing
user_legacy_3855,1188,38,4,8.5,38,7481.76,2,2,3,2,0.01,0,71,2,E-commerce
user_legacy_3856,952,16,2,4.8,19,4853.32,0,2,3,0,0.25,0,35,6,SaaS
user_legacy_3857,1601,39,0,0.0,39,10271.17,0,1,1,0,0.59,0,32,6,Marketing
user_legacy_3858,1149,33,0,0.0,33,16072.69,0,4,2,0,0.3,0,43,5,E-commerce
user_legacy_3859,1054,31,3,4.7,26,11192.59,0,1,1,0,0.29,0,25,7,Finance
user_legacy_3860,955,53,0,0.0,23,4200.93,0,1,3,0,0.42,0,81,1,Marketing
user_legacy_3861,952,51,0,0.0,18,2694.54,1,0,3,0,0.05,0,27,7,Finance
user_legacy_3862,1016,48,1,1.2,18,7621.66,0,0,0,0,0.35,0,100,0,Finance
user_legacy_3863,1019,52,4,2.5,20,4869.38,2,5,2,0,0.48,0,61,3,SaaS
user_legacy_3864,1152,33,4,2.1,20,6745.42,0,3,2,0,0.53,0,70,3,Marketing
user_legacy_3865,835,0,17,23.4,22,2336.12,0,2,3,2,0.57,0,51,4,E-commerce
user_legacy_3866,791,15,2,4.3,23,9386.92,0,2,4,2,0.21,0,11,8,SaaS
user_legacy_3867,655,27,3,5.0,13,1368.82,0,3,3,1,0.47,0,30,7,Marketing
user_legacy_3868,1353,33,2,1.0,43,13638.39,0,0,2,0,0.57,0,63,3,Marketing
user_legacy_3869,668,33,4,9.8,17,5414.93,0,1,3,0,0.2,0,33,6,E-commerce
user_legacy_3870,1224,26,4,5.6,36,17377.16,1,4,2,0,0.54,0,6,9,SaaS
user_legacy_3871,1230,22,0,0.0,27,3429.17,0,0,3,0,0.0,0,26,7,Finance
user_legacy_3872,1281,28,3,3.4,27,7780.3,0,1,2,0,0.08,0,59,4,SaaS
user_legacy_3873,1249,8,17,47.8,32,4319.39,1,0,1,0,0.3,0,53,4,E-commerce
user_legacy_3874,999,27,3,2.0,28,6617.06,0,3,0,0,0.08,0,51,4,Education
user_legacy_3875,1484,29,3,3.3,38,5059.09,0,1,0,0,0.5,0,0,10,Finance
user_legacy_3876,1015,37,3,4.6,25,9393.27,0,0,3,3,0.22,0,24,7,SaaS
user_legacy_3877,1155,17,2,4.0,30,8657.02,0,2,1,0,0.05,0,43,5,Marketing
user_legacy_3878,583,58,3,3.6,13,2324.8,0,2,3,5,0.12,0,43,5,SaaS
user_legacy_3879,970,18,4,11.7,22,6365.39,0,3,0,0,0.25,0,2,9,SaaS
user_legacy_3880,974,10,21,14.8,16,6265.71,1,1,3,2,0.44,0,54,4,E-commerce
user_legacy_3881,869,18,4,8.9,21,4240.48,0,0,3,0,0.34,0,58,4,E-commerce
user_legacy_3882,773,32,4,6.5,20,6287.5,0,1,1,0,0.36,0,15,8,SaaS
user_legacy_3883,842,43,4,8.0,23,8761.04,0,1,3,1,0.53,0,57,4,Finance
user_legacy_3884,1065,12,9,23.3,25,6984.05,0,5,5,0,0.11,0,39,6,Education
user_legacy_3885,617,19,1,1.5,17,5592.21,0,0,2,0,0.1,0,62,3,Education
user_legacy_3886,552,31,3,3.7,15,7341.29,1,1,0,0,0.73,0,49,5,Marketing
user_legacy_3887,1619,15,2,1.7,28,11578.02,1,0,2,0,0.4,0,60,4,Marketing
user_legacy_3888,878,34,2,5.3,22,9614.61,1,1,3,1,0.3,0,55,4,Education
user_legacy_3889,1146,40,0,0.0,24,5972.91,0,1,2,0,0.52,0,33,6,E-commerce
user_legacy_3890,1119,23,3,5.3,23,11465.84,0,2,1,0,0.26,0,33,6,E-commerce
user_legacy_3891,1392,36,2,4.7,35,5825.61,0,6,4,2,0.26,0,82,1,Finance
user_legacy_3892,1431,17,3,3.7,30,10285.07,0,3,4,0,0.3,0,33,6,Marketing
user_legacy_3893,1337,27,2,1.6,29,6425.45,0,2,2,0,0.25,0,30,7,Finance
user_legacy_3894,780,51,1,1.2,23,4648.56,0,3,3,2,0.24,0,71,2,Marketing
user_legacy_3895,774,1,21,10.5,13,1952.93,0,1,0,0,0.5,0,91,0,Education
user_legacy_3896,1273,32,3,4.5,37,2449.86,0,0,5,1,0.21,0,59,4,E-commerce
user_legacy_3897,596,52,2,5.6,13,3319.52,2,3,3,0,0.18,0,60,4,Marketing
user_legacy_3898,547,33,3,1.6,17,6976.1,0,1,1,0,0.0,0,29,7,Finance
user_legacy_3899,678,32,4,8.1,19,8002.87,0,1,1,0,0.45,0,83,1,Finance
user_legacy_3900,1000,23,1,2.2,18,8258.16,0,2,9,1,0.71,0,40,6,E-commerce
user_legacy_3901,1399,56,0,0.0,36,2837.23,0,4,2,0,0.32,0,66,3,Marketing
user_legacy_3902,466,18,3,5.5,10,4710.61,0,2,2,0,0.52,0,88,1,E-commerce
user_legacy_3903,653,40,4,4.1,13,1159.47,0,2,3,0,0.21,0,0,10,Finance
user_legacy_3904,1408,30,2,5.2,25,6752.97,0,1,0,0,0.43,0,47,5,SaaS
user_legacy_3905,836,52,0,0.0,16,2000.75,1,0,3,2,0.14,0,6,9,E-commerce
user_legacy_3906,580,5,5,9.9,16,6660.0,0,2,1,0,0.39,0,23,7,E-commerce
user_legacy_3907,1007,46,1,3.0,25,4426.22,0,3,0,0,0.2,0,36,6,Marketing
user_legacy_3908,1298,30,3,9.0,39,17571.75,1,0,3,1,0.45,0,53,4,Education
user_legacy_3909,1080,4,29,75.6,22,5954.5,0,1,2,0,0.63,0,0,10,Education
user_legacy_3910,659,23,3,4.8,18,945.66,0,0,4,0,0.0,0,11,8,Education
user_legacy_3911,1606,51,3,5.1,31,3753.04,0,2,0,0,0.25,0,46,5,Education
user_legacy_3912,1368,46,1,1.0,36,8049.99,0,2,5,1,0.11,0,56,4,E-commerce
user_legacy_3913,1461,15,0,0.0,39,2253.31,0,1,1,0,0.39,0,100,0,Education
user_legacy_3914,1165,11,7,6.6,33,13158.95,0,0,5,1,0.25,0,100,0,Finance
user_legacy_3915,793,2,6,17.3,18,8523.65,0,0,4,0,0.35,0,45,5,SaaS
user_legacy_3916,1226,38,4,4.6,38,9139.37,0,3,4,1,0.32,0,22,7,Education
user_legacy_3917,998,39,1,2.3,27,3932.32,0,1,5,1,0.5,0,29,7,E-commerce
user_legacy_3918,651,57,4,7.8,19,7027.9,0,0,2,0,0.44,0,25,7,Finance
user_legacy_3919,584,32,0,0.0,18,2314.76,0,0,3,1,0.27,0,58,4,Marketing
user_legacy_3920,1163,35,3,3.3,30,9313.56,0,2,0,0,0.38,0,3,9,E-commerce
user_legacy_3921,1167,55,3,3.4,34,16189.32,0,0,0,0,0.0,0,30,7,Finance
user_legacy_3922,1304,29,0,0.0,30,6339.78,0,1,5,1,0.66,0,39,6,SaaS
user_legacy_3923,932,29,4,3.3,16,3404.69,1,2,4,0,0.27,0,64,3,E-commerce
user_legacy_3924,897,9,8,18.4,19,2394.69,2,2,4,0,0.12,0,39,6,Marketing
user_legacy_3925,589,38,1,3.0,18,3986.63,0,2,1,0,0.42,0,46,5,SaaS
user_legacy_3926,125,52,1,1.9,3,550.46,0,0,3,1,0.7,0,20,8,Finance
user_legacy_3927,913,44,2,3.8,23,8434.27,0,1,2,0,0.38,0,90,1,E-commerce
user_legacy_3928,1384,52,1,0.5,27,9163.08,1,0,3,0,0.0,0,53,4,E-commerce
user_legacy_3929,1197,11,21,42.7,38,12884.59,0,2,4,1,0.12,0,0,10,Education
user_legacy_3930,1076,29,1,1.3,34,14289.97,2,4,1,0,0.1,0,21,7,SaaS
user_legacy_3931,1003,21,2,3.8,23,2335.33,0,2,1,0,0.23,0,89,1,Finance
user_legacy_3932,1416,40,3,2.7,27,9678.31,0,1,2,0,0.57,0,16,8,Education
user_legacy_3933,1190,36,1,1.4,31,10714.87,0,1,2,0,0.28,0,18,8,Finance
user_legacy_3934,1068,32,2,2.9,25,8501.51,1,1,3,1,0.5,0,44,5,Marketing
user_legacy_3935,1346,2,26,39.6,40,19831.28,0,0,1,0,0.1,0,17,8,E-commerce
user_legacy_3936,1015,52,3,7.5,29,14210.0,0,0,1,0,0.13,0,65,3,E-commerce
user_legacy_3937,618,52,3,5.5,14,2069.53,0,0,1,0,0.6,0,0,10,Education
user_legacy_3938,928,23,2,1.3,25,10862.93,0,0,1,0,0.07,0,28,7,Education
user_legacy_3939,1193,56,0,0.0,24,10319.14,1,0,0,0,0.7,0,35,6,Marketing
user_legacy_3940,796,27,2,3.3,23,6718.42,1,0,3,1,0.46,0,45,5,SaaS
user_legacy_3941,675,40,3,5.8,21,4197.02,1,3,7,1,0.17,0,72,2,Marketing
user_legacy_3942,952,11,12,9.5,24,6508.06,0,0,2,0,0.16,0,54,4,E-commerce
user_legacy_3943,1209,57,0,0.0,37,16901.14,0,3,0,0,0.5,0,0,10,Education
user_legacy_3944,982,26,2,2.1,29,7844.63,0,2,3,1,0.09,0,87,1,E-commerce
user_legacy_3945,1425,46,3,7.3,28,9689.08,0,2,2,0,0.32,0,52,4,E-commerce
user_legacy_3946,1089,43,2,4.9,21,9160.99,0,0,6,0,0.11,0,66,3,Finance
user_legacy_3947,750,29,1,1.2,18,8746.14,1,3,0,0,0.55,0,0,10,SaaS
user_legacy_3948,611,9,24,47.9,18,3918.52,0,0,8,1,0.37,0,55,4,Finance
user_legacy_3949,917,19,4,9.3,17,4001.51,0,2,6,2,0.21,0,3,9,SaaS
user_legacy_3950,667,6,27,21.4,21,7343.99,0,2,1,0,0.81,0,51,4,Finance
user_legacy_3951,1122,34,4,8.3,20,9307.31,0,0,7,1,0.6,0,0,10,SaaS
user_legacy_3952,363,42,0,0.0,6,2091.41,0,1,1,0,0.69,0,30,7,Finance
user_legacy_3953,1097,41,1,1.0,25,9638.07,0,0,0,0,0.07,0,97,0,Marketing
user_legacy_3954,1033,9,23,55.0,22,9313.35,0,1,2,0,0.27,0,9,9,Education
user_legacy_3955,1183,18,0,0.0,34,3749.6,0,2,5,3,0.0,0,47,5,Finance
user_legacy_3956,1444,31,4,10.2,45,18187.59,0,4,2,0,0.27,0,15,8,Marketing
user_legacy_3957,1344,2,10,13.6,23,3490.43,0,1,1,0,0.19,0,48,5,SaaS
user_legacy_3958,1693,42,0,0.0,46,16595.62,1,2,5,0,0.35,0,52,4,SaaS
user_legacy_3959,675,30,4,6.6,14,5613.3,1,5,4,2,0.11,0,0,10,SaaS
user_legacy_3960,1301,1,19,23.6,37,5630.7,0,0,1,0,0.19,0,65,3,E-commerce
user_legacy_3961,1291,47,2,3.0,27,9477.48,2,0,2,0,0.31,0,12,8,E-commerce
user_legacy_3962,1341,45,3,6.5,42,14497.58,0,1,2,0,0.12,0,0,10,Marketing
user_legacy_3963,1199,16,2,1.7,27,3833.33,1,0,2,0,0.21,0,39,6,Marketing
user_legacy_3964,1031,33,0,0.0,26,5062.47,0,0,4,2,0.1,0,97,0,Education
user_legacy_3965,754,25,4,11.1,13,1304.42,0,0,4,0,0.48,0,54,4,E-commerce
user_legacy_3966,908,32,2,1.1,23,6558.31,1,0,4,2,0.58,0,81,1,Education
user_legacy_3967,1534,50,1,1.8,44,12183.39,0,2,1,0,0.37,0,18,8,Education
user_legacy_3968,1245,5,23,68.7,30,10535.34,0,0,9,1,0.47,0,53,4,Finance
user_legacy_3969,1325,25,0,0.0,32,10232.26,0,0,2,0,0.32,0,60,4,Marketing
user_legacy_3970,1182,17,3,7.5,26,7797.96,0,1,3,0,0.47,0,100,0,Marketing
user_legacy_3971,1123,15,1,1.1,34,5568.67,0,1,6,1,0.0,0,46,5,Marketing
user_legacy_3972,1423,50,3,7.3,36,13151.7,0,1,0,0,0.36,0,12,8,SaaS
user_legacy_3973,938,49,2,3.0,28,8066.18,1,0,2,0,0.2,0,53,4,Marketing
user_legacy_3974,987,4,18,29.5,19,3367.49,1,1,0,0,0.26,0,42,5,Finance
user_legacy_3975,956,55,4,9.4,30,3880.58,1,1,3,0,0.43,0,64,3,Education
user_legacy_3976,1142,48,1,0.6,37,8325.15,0,3,2,0,0.35,0,41,5,SaaS
user_legacy_3977,957,13,9,15.0,20,5581.27,2,0,5,0,0.48,0,36,6,SaaS
user_legacy_3978,821,37,0,0.0,18,7366.56,1,2,2,0,0.49,0,61,3,SaaS
user_legacy_3979,721,41,4,8.6,14,4843.75,0,2,1,0,0.35,0,64,3,Marketing
user_legacy_3980,839,49,2,5.3,15,2693.54,0,1,3,3,0.41,0,48,5,Finance
user_legacy_3981,1095,50,4,3.8,26,1355.62,0,3,0,0,0.23,0,77,2,Education
user_legacy_3982,1161,46,4,7.9,34,11621.46,1,0,0,0,0.27,0,70,3,Marketing
user_legacy_3983,1162,46,1,1.3,23,8477.14,0,0,3,1,0.15,0,73,2,SaaS
user_legacy_3984,1430,5,10,12.2,38,13554.08,0,2,1,0,0.0,0,38,6,E-commerce
user_legacy_3985,542,19,1,1.9,13,3369.47,0,0,1,0,0.0,0,19,8,Marketing
user_legacy_3986,833,0,14,28.4,13,1407.99,0,2,6,2,0.23,0,57,4,Marketing
user_legacy_3987,651,55,2,5.6,18,6460.87,0,2,3,1,0.52,0,17,8,E-commerce
user_legacy_3988,1501,31,0,0.0,26,10165.56,0,2,3,3,0.0,0,26,7,E-commerce
user_legacy_3989,770,26,1,0.6,13,888.94,0,2,2,0,0.06,0,31,6,Marketing
user_legacy_3990,1178,3,17,19.8,35,12524.11,0,3,0,0,0.4,0,32,6,Education
user_legacy_3991,772,43,0,0.0,23,11126.07,0,2,6,1,0.03,0,14,8,SaaS
user_legacy_3992,308,53,3,1.6,7,2063.97,1,2,2,0,0.41,0,42,5,E-commerce
user_legacy_3993,297,39,0,0.0,4,667.37,0,3,3,0,0.0,0,19,8,E-commerce
user_legacy_3994,880,41,2,2.9,22,4001.7,0,1,2,0,0.31,0,17,8,Finance
user_legacy_3995,974,21,4,11.7,18,4059.61,0,2,1,0,0.3,0,28,7,Marketing
user_legacy_3996,1278,58,3,6.4,26,3381.02,2,3,1,0,0.5,0,38,6,Finance
user_legacy_3997,1135,6,25,41.1,18,1948.95,0,3,2,0,0.45,0,27,7,Finance
user_legacy_3998,1099,39,2,3.5,25,9047.7,0,1,0,0,0.42,0,67,3,Finance
user_legacy_3999,986,38,3,3.9,16,3576.85,0,1,2,0,0.64,0,46,5,SaaS
user_legacy_4000,739,8,5,3.7,17,8168.56,0,3,0,0,0.39,0,21,7,Education
user_legacy_4001,1100,19,4,7.0,32,9307.01,1,2,4,2,0.21,0,0,10,Finance
user_legacy_4002,810,31,2,3.1,25,5172.13,2,1,6,0,0.31,0,26,7,E-commerce
user_legacy_4003,1350,21,4,11.7,36,6582.32,0,6,0,0,0.0,0,39,6,E-commerce
user_legacy_4004,537,25,3,1.9,9,1092.63,3,1,0,0,0.38,0,35,6,Finance
user_legacy_4005,1201,56,4,7.2,27,6811.41,0,2,0,0,0.44,0,81,1,E-commerce
user_legacy_4006,1016,5,9,22.5,17,4133.93,0,3,0,0,0.67,0,41,5,Marketing
user_legacy_4007,883,54,2,1.9,17,1155.86,0,2,0,0,0.4,0,32,6,E-commerce
user_legacy_4008,730,36,4,10.1,18,7789.97,1,0,4,0,0.14,0,50,5,Marketing
user_legacy_4009,670,34,0,0.0,12,2440.72,0,0,1,0,0.22,0,38,6,E-commerce
user_legacy_4010,994,8,10,22.8,17,5922.49,0,1,0,0,0.32,0,24,7,E-commerce
user_legacy_4011,583,20,3,8.6,14,1500.14,0,1,4,1,0.0,0,83,1,Finance
user_legacy_4012,1030,5,15,34.1,19,2556.84,0,0,0,0,0.22,0,30,7,SaaS
user_legacy_4013,1143,55,4,10.8,34,12089.59,0,0,3,2,0.41,0,9,9,Marketing
user_legacy_4014,650,43,1,1.1,16,1693.06,0,2,2,0,0.22,0,8,9,Marketing
user_legacy_4015,686,36,3,1.8,17,4726.72,1,0,1,0,0.04,0,43,5,Finance
user_legacy_4016,895,52,2,2.5,23,9850.46,2,0,1,0,0.53,0,60,4,Education
user_legacy_4017,1371,17,0,0.0,35,6217.84,1,2,1,0,0.35,0,55,4,Education
user_legacy_4018,490,22,4,10.8,11,3526.67,1,0,3,0,0.44,0,23,7,SaaS
user_legacy_4019,1351,4,27,44.6,31,11573.02,2,0,2,0,0.24,0,81,1,Education
user_legacy_4020,1374,49,2,1.9,41,15582.41,0,4,0,0,0.91,0,13,8,Education
user_legacy_4021,275,23,2,4.1,5,2347.47,0,3,2,0,0.01,0,49,5,Finance
user_legacy_4022,1494,48,4,10.3,44,2950.84,0,2,1,0,0.57,0,47,5,Finance
user_legacy_4023,1191,13,7,6.8,37,5295.5,0,0,4,1,0.0,0,0,10,Education
user_legacy_4024,830,16,1,2.8,18,8183.41,0,2,0,0,0.53,0,66,3,SaaS
user_legacy_4025,685,48,1,1.0,13,1322.32,0,2,5,2,0.44,0,100,0,Finance
user_legacy_4026,879,42,4,5.7,19,2004.36,1,2,1,0,0.22,0,42,5,E-commerce
user_legacy_4027,896,44,3,5.9,19,7774.39,0,3,0,0,0.29,0,24,7,E-commerce
user_legacy_4028,849,12,22,21.2,25,4191.71,0,0,4,1,0.0,0,24,7,Marketing
user_legacy_4029,947,36,2,4.1,17,5385.08,0,2,2,0,0.37,0,47,5,Marketing
user_legacy_4030,1280,10,20,56.3,37,9037.18,0,4,0,0,0.0,0,53,4,SaaS
user_legacy_4031,1049,19,0,0.0,20,7173.81,0,2,3,3,0.5,0,58,4,Marketing
user_legacy_4032,1054,55,3,5.3,28,9965.68,0,4,2,0,0.16,0,21,7,SaaS
user_legacy_4033,945,0,26,17.2,21,3359.27,0,2,2,0,0.06,0,49,5,Finance
user_legacy_4034,910,54,1,2.2,19,3248.23,0,3,4,1,0.66,0,88,1,Marketing
user_legacy_4035,1507,40,1,1.9,31,2460.98,2,0,1,0,0.31,0,0,10,SaaS
user_legacy_4036,850,51,1,0.9,20,3812.9,0,0,4,0,0.44,0,51,4,SaaS
user_legacy_4037,1208,12,6,4.8,31,4605.21,0,3,4,1,0.43,0,25,7,Education
user_legacy_4038,719,28,0,0.0,14,6757.95,0,0,3,1,0.36,0,76,2,E-commerce
user_legacy_4039,1269,30,0,0.0,25,5629.05,1,0,0,0,0.4,0,0,10,Education
user_legacy_4040,1408,58,1,1.7,24,11491.6,1,2,0,0,0.15,0,18,8,E-commerce
user_legacy_4041,908,15,1,2.4,26,7870.35,0,3,3,1,0.4,0,86,1,E-commerce
user_legacy_4042,748,47,3,8.1,12,2692.8,2,3,3,2,0.51,0,45,5,SaaS
user_legacy_4043,1028,12,27,58.8,18,5497.9,0,0,1,0,0.28,0,50,5,E-commerce
user_legacy_4044,897,36,0,0.0,26,5016.96,0,3,3,1,0.39,0,46,5,Education
user_legacy_4045,744,44,1,2.2,12,1273.78,1,2,1,0,0.0,0,45,5,Finance
user_legacy_4046,840,43,2,3.4,17,7033.38,0,1,5,1,0.43,0,25,7,SaaS
user_legacy_4047,765,6,20,42.1,23,6947.28,0,1,1,0,0.18,0,29,7,E-commerce
user_legacy_4048,1254,6,29,67.3,36,11698.39,0,2,3,0,0.16,0,14,8,Education
user_legacy_4049,1010,23,3,7.3,20,1019.15,1,1,4,0,0.1,0,57,4,Education
user_legacy_4050,1577,26,0,0.0,34,8045.7,1,1,3,0,0.32,0,35,6,Marketing
user_legacy_4051,778,55,4,5.4,18,1333.89,0,3,4,3,0.15,0,32,6,Education
user_legacy_4052,1172,59,2,3.8,27,5574.78,2,2,0,0,0.37,0,98,0,Education
user_legacy_4053,1171,11,23,17.2,26,11292.72,1,2,2,0,0.76,0,6,9,SaaS
user_legacy_4054,298,27,3,5.5,6,1462.01,0,3,1,0,0.29,0,59,4,Education
user_legacy_4055,796,17,0,0.0,18,6923.68,1,1,0,0,0.38,0,35,6,E-commerce
user_legacy_4056,1052,43,1,0.5,28,2944.51,0,0,2,0,0.31,0,22,7,Marketing
user_legacy_4057,785,18,3,3.0,21,10362.0,0,0,2,0,0.39,0,41,5,SaaS
user_legacy_4058,1108,40,2,3.6,21,9774.51,0,3,3,0,0.05,0,6,9,Marketing
user_legacy_4059,927,41,2,5.2,15,4952.68,0,2,4,0,0.39,0,12,8,Education
user_legacy_4060,1033,28,3,3.3,33,4994.03,0,1,3,1,0.34,0,43,5,E-commerce
user_legacy_4061,757,6,17,18.6,19,2368.01,0,0,6,2,0.0,0,20,8,Education
user_legacy_4062,1760,56,2,3.7,42,9869.74,0,1,7,3,0.35,0,57,4,Marketing
user_legacy_4063,1559,34,2,5.5,35,14236.72,0,3,3,3,0.28,0,35,6,E-commerce
user_legacy_4064,915,58,1,0.7,25,9269.6,0,3,2,0,0.51,0,27,7,Education
user_legacy_4065,963,54,2,4.0,18,6255.63,0,7,0,0,0.12,0,84,1,Finance
user_legacy_4066,813,54,3,8.5,15,6867.13,0,3,2,0,0.34,0,0,10,SaaS
user_legacy_4067,1396,24,4,8.3,37,15115.26,1,0,2,0,0.05,0,73,2,Finance
user_legacy_4068,853,42,0,0.0,22,9491.64,2,0,4,0,0.47,0,0,10,Marketing
user_legacy_4069,977,2,22,52.0,30,8189.44,0,0,3,3,0.16,0,74,2,Finance
user_legacy_4070,976,13,6,3.0,22,9653.3,0,3,2,0,0.27,0,31,6,E-commerce
user_legacy_4071,671,0,20,43.4,19,4045.41,0,0,1,0,0.27,0,59,4,Finance
user_legacy_4072,1031,39,1,2.5,31,12246.42,0,3,3,0,0.31,0,13,8,Education
user_legacy_4073,896,31,3,1.8,24,3739.13,3,3,3,2,0.5,0,29,7,Finance
user_legacy_4074,324,49,3,7.7,8,588.82,0,1,1,0,0.0,0,40,6,SaaS
user_legacy_4075,658,3,23,27.9,16,1352.98,0,0,4,0,0.39,0,28,7,E-commerce
user_legacy_4076,1066,22,4,10.4,25,4673.66,1,0,5,1,0.08,0,8,9,SaaS
user_legacy_4077,1284,57,1,2.1,35,15012.5,0,0,5,1,0.32,0,0,10,Education
user_legacy_4078,880,24,1,2.3,25,11607.04,0,3,3,2,0.32,0,0,10,Finance
user_legacy_4079,1131,17,2,2.3,31,12754.62,0,2,2,0,0.22,0,0,10,E-commerce
user_legacy_4080,1030,40,4,10.8,17,5365.61,1,1,2,0,0.34,0,11,8,E-commerce
user_legacy_4081,1506,16,4,5.4,31,14059.85,0,0,0,0,0.38,0,2,9,Education
user_legacy_4082,939,11,22,46.5,24,9789.71,1,3,5,0,0.66,0,81,1,SaaS
user_legacy_4083,1070,33,1,1.5,34,11203.15,0,2,5,2,0.33,0,63,3,Finance
user_legacy_4084,512,33,3,9.0,14,2698.49,0,0,3,1,0.15,0,52,4,Marketing
user_legacy_4085,951,8,10,10.2,28,10225.22,0,1,1,0,0.62,0,88,1,Finance
user_legacy_4086,1547,59,3,2.0,28,12806.88,0,1,2,0,0.4,0,23,7,E-commerce
user_legacy_4087,606,59,4,2.7,11,1359.61,0,0,0,0,0.2,0,24,7,Marketing
user_legacy_4088,807,8,20,33.8,23,1710.86,0,1,1,0,0.15,0,43,5,E-commerce
user_legacy_4089,1254,29,3,8.1,39,15115.44,0,0,0,0,0.0,0,83,1,Marketing
user_legacy_4090,1153,23,2,4.9,28,5112.57,1,0,2,0,0.37,0,36,6,E-commerce
user_legacy_4091,1223,58,2,1.4,23,2270.21,0,0,2,0,0.17,0,37,6,Education
user_legacy_4092,887,49,2,3.6,19,7728.86,2,0,1,0,0.61,0,100,0,Marketing
user_legacy_4093,846,2,13,36.5,20,1195.61,0,4,0,0,0.42,0,53,4,E-commerce
user_legacy_4094,697,10,6,12.8,14,1234.71,0,2,0,0,0.47,0,98,0,E-commerce
user_legacy_4095,1090,9,24,29.0,23,10765.59,1,3,5,1,0.59,0,92,0,E-commerce
user_legacy_4096,446,43,3,6.3,10,3486.43,0,0,0,0,0.26,0,66,3,Marketing
user_legacy_4097,979,17,0,0.0,16,1192.82,1,2,2,0,0.61,0,21,7,E-commerce
user_legacy_4098,1017,15,4,10.4,32,6014.45,0,0,2,0,0.48,0,16,8,E-commerce
user_legacy_4099,1335,28,3,3.9,38,4766.64,0,1,6,1,0.33,0,51,4,E-commerce
user_legacy_4100,877,59,0,0.0,20,7619.0,0,2,1,0,0.53,0,0,10,Finance
user_legacy_4101,1287,16,4,8.5,27,5034.22,0,1,1,0,0.09,0,40,6,E-commerce
user_legacy_4102,1278,1,16,40.8,32,14239.41,2,0,4,0,0.54,0,21,7,SaaS
user_legacy_4103,1347,6,8,14.2,29,11942.29,0,0,3,1,0.57,0,79,2,Finance
user_legacy_4104,721,10,16,16.9,14,1347.38,1,2,0,0,0.12,0,0,10,SaaS
user_legacy_4105,792,45,2,5.0,15,1823.8,0,0,6,1,0.31,0,0,10,Finance
user_legacy_4106,898,19,1,2.1,27,3639.05,0,1,1,0,0.05,0,52,4,Marketing
user_legacy_4107,1155,22,0,0.0,27,12804.41,0,2,6,0,0.37,0,62,3,Marketing
user_legacy_4108,836,0,23,33.7,15,5870.7,0,0,1,0,0.22,0,38,6,Finance
user_legacy_4109,1254,54,3,2.1,31,3033.92,3,2,0,0,0.22,0,68,3,SaaS
user_legacy_4110,1709,34,2,5.6,50,10942.72,0,5,2,0,0.14,0,0,10,Marketing
user_legacy_4111,790,49,1,1.9,19,9326.97,0,3,4,0,0.42,0,11,8,Marketing
user_legacy_4112,1225,38,2,6.0,28,7580.31,0,1,2,0,0.4,0,28,7,E-commerce
user_legacy_4113,815,38,1,0.9,23,7936.95,0,5,1,0,0.4,0,33,6,Marketing
user_legacy_4114,901,19,2,5.1,16,6138.14,0,1,6,0,0.58,0,14,8,Finance
user_legacy_4115,802,58,2,3.7,16,6029.47,0,0,2,0,0.53,0,100,0,SaaS
user_legacy_4116,1166,16,3,6.5,21,2711.02,0,1,2,0,0.29,0,15,8,E-commerce
user_legacy_4117,846,21,4,7.3,15,5192.97,0,0,2,0,0.28,0,29,7,E-commerce
user_legacy_4118,1595,56,2,2.4,46,10907.14,0,1,1,0,0.45,0,9,9,E-commerce
user_legacy_4119,708,35,1,1.8,21,8104.9,0,2,2,0,0.32,0,49,5,Marketing
user_legacy_4120,719,41,3,3.0,18,4374.52,0,2,5,0,0.31,0,28,7,E-commerce
user_legacy_4121,881,10,12,17.8,26,10054.37,0,1,6,0,0.31,0,85,1,SaaS
user_legacy_4122,1160,49,4,5.6,33,8003.49,0,1,2,0,0.18,0,58,4,Education
user_legacy_4123,774,2,11,12.4,22,1281.03,0,1,1,0,0.69,0,4,9,E-commerce
user_legacy_4124,815,57,0,0.0,25,2804.59,0,0,2,0,0.22,0,0,10,Marketing
user_legacy_4125,1336,22,0,0.0,34,8193.37,0,3,0,0,0.17,0,6,9,Marketing
user_legacy_4126,1132,11,26,23.6,20,4377.28,0,5,1,0,0.48,0,28,7,SaaS
user_legacy_4127,666,40,2,4.1,17,3294.97,0,1,1,0,0.47,0,90,1,Marketing
user_legacy_4128,1120,38,3,1.7,31,12836.37,1,4,4,0,0.06,0,0,10,E-commerce
user_legacy_4129,404,4,22,64.3,10,3446.93,0,2,4,0,0.64,0,46,5,E-commerce
user_legacy_4130,1285,15,0,0.0,30,9421.08,0,6,2,0,0.37,0,24,7,Finance
user_legacy_4131,1159,48,4,5.0,37,18279.79,0,3,8,0,0.81,0,88,1,Finance
user_legacy_4132,1104,37,3,8.2,27,5177.35,2,2,3,2,0.44,0,21,7,SaaS
user_legacy_4133,966,49,4,7.1,17,1419.12,2,2,0,0,0.25,0,80,2,SaaS
user_legacy_4134,923,6,7,9.7,26,12274.91,1,0,5,1,0.45,0,32,6,Finance
user_legacy_4135,1197,31,2,5.0,27,1546.11,0,0,0,0,0.0,0,71,2,Finance
user_legacy_4136,1161,58,1,1.6,22,9969.62,0,5,3,2,0.26,0,51,4,E-commerce
user_legacy_4137,1371,52,1,2.5,25,3991.4,1,3,1,0,0.18,0,18,8,SaaS
user_legacy_4138,919,59,0,0.0,18,6328.58,0,1,8,0,0.41,0,86,1,SaaS
user_legacy_4139,1088,33,3,5.6,22,9446.8,1,3,1,0,0.26,0,50,5,Education
user_legacy_4140,963,50,1,2.2,27,12369.39,1,1,2,0,0.3,0,24,7,Finance
user_legacy_4141,1110,52,3,6.4,33,6318.07,0,0,4,3,0.19,0,34,6,Education
user_legacy_4142,511,23,2,1.5,16,3150.73,1,1,0,0,0.6,0,8,9,Finance
user_legacy_4143,1515,58,4,4.4,44,5573.58,2,0,0,0,0.29,0,59,4,Finance
user_legacy_4144,939,55,3,4.8,22,5270.54,0,4,2,0,0.21,0,90,1,SaaS
user_legacy_4145,973,15,1,2.4,25,4990.2,0,2,2,0,0.46,0,20,8,Marketing
user_legacy_4146,1514,48,3,3.5,42,14782.86,0,1,2,0,0.0,0,39,6,Marketing
user_legacy_4147,756,20,3,2.6,14,4221.88,0,1,3,1,0.11,0,71,2,Marketing
user_legacy_4148,723,36,2,3.7,17,7403.05,0,0,3,1,0.48,0,11,8,SaaS
user_legacy_4149,1130,3,29,26.5,23,10201.58,0,0,4,2,0.17,0,25,7,SaaS
user_legacy_4150,757,18,1,2.8,15,4363.86,1,1,0,0,0.39,0,31,6,Finance
user_legacy_4151,793,1,23,68.4,22,3189.24,0,3,0,0,0.41,0,11,8,Marketing
user_legacy_4152,937,16,2,3.8,29,12393.56,0,0,4,1,0.02,0,81,1,Marketing
user_legacy_4153,611,50,1,1.6,16,1560.71,1,1,0,0,0.46,0,57,4,E-commerce
user_legacy_4154,589,8,27,50.6,11,1687.3,0,1,5,0,0.0,0,69,3,Marketing
user_legacy_4155,653,43,2,2.0,14,1155.78,0,2,0,0,0.0,0,60,4,E-commerce
user_legacy_4156,708,42,1,2.4,13,4154.28,0,0,4,1,0.02,0,68,3,E-commerce
user_legacy_4157,1479,31,3,6.6,35,2383.7,1,1,2,0,0.32,0,66,3,SaaS
user_legacy_4158,806,55,1,2.4,23,10503.59,0,3,5,1,0.82,0,54,4,SaaS
user_legacy_4159,1321,56,0,0.0,37,11547.32,0,1,4,1,0.48,0,47,5,Finance
user_legacy_4160,1221,49,2,3.5,33,10004.25,1,4,4,2,0.33,0,60,4,Finance
user_legacy_4161,1212,37,1,1.4,33,7843.5,0,2,2,0,0.22,0,100,0,Education
user_legacy_4162,1253,56,4,8.3,40,18135.42,0,1,0,0,0.48,0,7,9,Education
user_legacy_4163,607,24,0,0.0,19,4328.48,0,1,1,0,0.4,0,52,4,Marketing
user_legacy_4164,1087,27,1,1.4,18,7233.06,0,1,4,0,0.04,0,39,6,E-commerce
user_legacy_4165,969,22,3,5.0,30,4936.06,1,1,3,1,0.0,0,46,5,E-commerce
user_legacy_4166,867,5,23,64.4,24,7494.6,0,1,1,0,0.21,0,52,4,Education
user_legacy_4167,543,36,0,0.0,14,6821.7,0,2,3,0,0.28,0,71,2,Marketing
user_legacy_4168,596,10,23,32.5,16,7953.52,0,4,4,0,0.35,0,17,8,Finance
user_legacy_4169,633,24,1,1.9,16,4153.37,2,0,6,1,0.13,0,19,8,Finance
user_legacy_4170,805,0,28,34.3,19,7613.37,0,2,2,0,0.0,0,16,8,Finance
user_legacy_4171,1000,3,12,13.9,27,12673.45,1,4,4,0,0.08,0,26,7,Marketing
user_legacy_4172,1257,25,4,7.7,32,9082.56,1,3,4,1,0.28,0,8,9,SaaS
user_legacy_4173,786,48,0,0.0,23,7777.53,3,2,2,0,0.48,0,16,8,Education
user_legacy_4174,1110,9,29,80.5,18,8237.72,1,8,2,0,0.47,0,39,6,Marketing
user_legacy_4175,701,47,1,1.8,18,4266.51,0,4,0,0,0.24,0,27,7,Education
user_legacy_4176,891,7,14,34.8,25,2274.84,0,0,2,0,0.34,0,0,10,Marketing
user_legacy_4177,693,15,0,0.0,14,4944.33,0,4,1,0,0.17,0,62,3,Marketing
user_legacy_4178,1034,9,9,17.7,30,10373.04,0,6,3,1,0.34,0,27,7,Marketing
user_legacy_4179,1138,2,13,14.5,25,5906.8,0,2,2,0,0.17,0,57,4,Education
user_legacy_4180,1307,57,3,8.7,40,18476.7,1,0,0,0,0.46,0,0,10,SaaS
user_legacy_4181,1179,18,1,2.5,21,3408.79,0,2,3,3,0.03,0,34,6,SaaS
user_legacy_4182,611,37,3,7.6,12,3125.1,1,1,2,0,0.11,0,42,5,Education
user_legacy_4183,1721,10,25,37.4,45,14562.08,1,3,3,0,0.45,0,44,5,E-commerce
user_legacy_4184,727,40,4,10.5,18,8167.07,0,1,2,0,0.47,0,48,5,Education
user_legacy_4185,636,15,0,0.0,20,5371.18,0,0,1,0,0.61,0,13,8,SaaS
user_legacy_4186,1060,22,0,0.0,29,8324.0,0,3,3,2,0.84,0,0,10,SaaS
user_legacy_4187,1184,40,2,5.8,24,8780.43,0,4,0,0,0.3,0,25,7,Education
user_legacy_4188,945,32,4,6.6,28,1886.01,0,1,1,0,0.44,0,50,5,Education
user_legacy_4189,1006,23,0,0.0,23,2602.39,0,0,2,0,0.02,0,64,3,Marketing
user_legacy_4190,915,1,5,14.5,19,7576.44,0,1,1,0,0.69,0,60,4,Finance
user_legacy_4191,1146,33,2,5.3,31,3095.31,0,3,0,0,0.25,0,25,7,SaaS
user_legacy_4192,959,32,1,2.1,26,10893.85,0,1,1,0,0.48,0,50,5,Education
user_legacy_4193,773,35,4,2.4,15,4721.65,0,2,3,0,0.15,0,68,3,E-commerce
user_legacy_4194,313,49,3,3.9,8,3671.0,0,2,6,1,0.21,0,64,3,SaaS
user_legacy_4195,1187,33,1,1.5,33,9241.68,0,3,3,1,0.07,0,48,5,Marketing
user_legacy_4196,839,6,21,62.9,19,8880.84,0,2,6,2,0.72,0,16,8,E-commerce
user_legacy_4197,1174,59,2,1.9,28,5768.51,0,1,4,3,0.19,0,23,7,Marketing
user_legacy_4198,1064,9,14,19.6,28,7327.81,0,3,3,0,0.22,0,81,1,E-commerce
user_legacy_4199,810,55,4,6.9,26,2119.01,0,4,4,0,0.16,0,33,6,E-commerce
user_legacy_4200,1178,45,2,3.0,38,16740.74,0,2,4,2,0.61,0,49,5,Marketing
user_legacy_4201,1207,2,25,21.3,25,2498.82,0,3,2,0,0.4,0,33,6,E-commerce
user_legacy_4202,791,32,0,0.0,14,5081.25,0,1,1,0,0.21,0,55,4,E-commerce
user_legacy_4203,1197,20,2,5.7,20,9103.05,0,0,1,0,0.36,0,100,0,SaaS
user_legacy_4204,656,39,2,4.2,20,1844.07,0,3,1,0,0.24,0,48,5,Education
user_legacy_4205,697,15,2,1.5,21,3001.61,0,2,1,0,0.32,0,34,6,SaaS
user_legacy_4206,1118,33,0,0.0,34,12201.92,0,0,3,1,0.0,0,20,8,Marketing
user_legacy_4207,390,56,2,5.5,10,3829.87,0,2,1,0,0.08,0,57,4,Marketing
user_legacy_4208,965,13,9,13.9,26,8788.94,1,2,4,0,0.19,0,0,10,E-commerce
user_legacy_4209,1017,30,3,5.5,26,2002.85,0,1,0,0,0.29,0,92,0,Education
user_legacy_4210,771,25,3,8.7,16,7059.9,0,2,1,0,0.47,0,0,10,Finance
user_legacy_4211,1014,51,3,7.3,20,7856.69,0,5,3,2,0.2,0,25,7,SaaS
user_legacy_4212,1309,18,3,2.9,28,3894.54,0,1,4,0,0.09,0,10,9,E-commerce
user_legacy_4213,990,37,0,0.0,23,4914.91,0,2,7,0,0.57,0,90,1,SaaS
user_legacy_4214,1041,10,18,24.9,22,5693.37,0,1,2,0,0.45,0,69,3,Finance
user_legacy_4215,854,44,2,4.1,15,4920.97,0,0,8,0,0.37,0,51,4,Marketing
user_legacy_4216,1290,29,1,1.6,37,13558.0,0,1,4,0,0.32,0,16,8,Finance
user_legacy_4217,497,19,2,3.6,15,5088.69,0,2,1,0,0.51,0,16,8,Marketing
user_legacy_4218,904,36,0,0.0,23,5439.07,0,0,0,0,0.37,0,55,4,Finance
user_legacy_4219,137,40,0,0.0,3,619.83,0,2,3,1,0.0,0,49,5,Finance
user_legacy_4220,1249,38,2,2.6,33,12898.6,0,5,4,0,0.3,0,63,3,Marketing
user_legacy_4221,647,18,1,1.6,12,1111.61,0,0,0,0,0.0,0,21,7,Finance
user_legacy_4222,1066,37,4,2.4,22,1207.3,1,8,0,0,0.32,0,0,10,E-commerce
user_legacy_4223,1008,24,1,2.5,19,5368.86,1,1,3,3,0.35,0,0,10,Finance
user_legacy_4224,1045,38,4,11.4,31,5399.27,0,1,3,0,0.41,0,16,8,Marketing
user_legacy_4225,1035,3,17,29.2,29,5304.79,0,3,5,0,0.61,0,0,10,SaaS
user_legacy_4226,1219,54,3,5.8,24,9453.05,1,3,4,0,0.26,0,49,5,Finance
user_legacy_4227,1155,44,0,0.0,29,12112.17,1,3,3,1,0.26,0,66,3,Finance
user_legacy_4228,1018,36,0,0.0,31,6200.52,0,4,1,0,0.24,0,39,6,E-commerce
user_legacy_4229,648,21,3,2.7,19,2785.6,0,4,2,0,0.27,0,74,2,Education
user_legacy_4230,1087,3,5,6.2,26,10328.95,0,0,3,1,0.0,0,13,8,Finance
user_legacy_4231,1064,24,1,2.4,27,1820.37,0,0,1,0,0.3,0,59,4,Finance
user_legacy_4232,1068,17,2,5.6,27,11121.28,0,1,0,0,0.22,0,33,6,Finance
user_legacy_4233,1205,59,1,2.1,20,2102.14,2,0,1,0,0.12,0,50,5,Marketing
user_legacy_4234,1492,47,4,9.1,46,21868.43,0,1,2,0,0.34,0,29,7,Education
user_legacy_4235,849,34,0,0.0,14,3914.35,1,0,3,1,0.25,0,0,10,E-commerce
user_legacy_4236,865,48,4,6.6,25,7522.54,0,2,1,0,0.43,0,0,10,Education
user_legacy_4237,1522,16,0,0.0,41,13242.59,0,2,1,0,0.36,0,27,7,SaaS
user_legacy_4238,892,36,4,4.2,27,10892.38,2,1,3,2,0.29,0,31,6,Education
user_legacy_4239,970,23,0,0.0,18,8433.72,1,4,6,3,0.12,0,66,3,SaaS
user_legacy_4240,1064,29,0,0.0,21,2956.88,0,0,7,0,0.54,0,20,8,Marketing
user_legacy_4241,1261,33,1,2.9,22,3970.41,0,0,6,0,0.16,0,22,7,Marketing
user_legacy_4242,964,4,7,20.8,29,11683.16,0,1,3,0,0.01,0,100,0,Finance
user_legacy_4243,899,43,3,2.9,16,5739.83,0,0,7,1,0.25,0,41,5,SaaS
user_legacy_4244,1108,56,3,4.8,23,2606.99,0,0,2,0,0.41,0,49,5,Education
user_legacy_4245,874,13,14,19.2,21,3746.64,0,0,2,0,0.08,0,24,7,Marketing
user_legacy_4246,545,49,3,8.5,10,812.82,0,2,2,0,0.22,0,71,2,SaaS
user_legacy_4247,821,47,2,4.8,24,2736.66,1,2,2,0,0.51,0,61,3,Marketing
user_legacy_4248,617,36,3,4.6,16,5731.27,0,1,1,0,0.57,0,88,1,SaaS
user_legacy_4249,619,35,0,0.0,16,3725.47,2,0,3,1,0.3,0,41,5,Marketing
user_legacy_4250,1169,47,3,2.9,20,3175.55,0,2,2,0,0.2,0,72,2,Marketing
user_legacy_4251,674,19,4,8.8,21,9831.86,0,1,3,1,0.0,0,0,10,Marketing
user_legacy_4252,880,2,29,55.4,23,8639.91,1,1,4,1,0.17,0,36,6,Finance
user_legacy_4253,1103,23,1,0.8,28,12949.32,0,5,3,2,0.28,0,41,5,Finance
user_legacy_4254,1129,23,2,1.3,30,13407.13,0,1,2,0,0.35,0,0,10,E-commerce
user_legacy_4255,825,2,12,19.0,24,7155.44,1,2,4,2,0.22,0,100,0,SaaS
user_legacy_4256,723,21,3,5.1,13,2103.65,0,2,0,0,0.12,0,62,3,Education
user_legacy_4257,1255,19,3,4.2,38,13332.92,0,1,1,0,0.22,0,28,7,Education
user_legacy_4258,1384,29,3,6.9,45,17284.99,0,0,0,0,0.0,0,19,8,E-commerce
user_legacy_4259,1049,28,4,4.6,29,7430.28,0,0,5,3,0.25,0,24,7,E-commerce
user_legacy_4260,588,30,1,1.6,12,5393.43,1,0,0,0,0.17,0,0,10,SaaS
user_legacy_4261,685,56,2,1.3,20,4863.97,1,0,5,0,0.36,0,60,4,SaaS
user_legacy_4262,1237,10,26,67.7,40,10001.92,1,2,0,0,0.31,0,68,3,SaaS
user_legacy_4263,776,10,25,41.8,12,1347.52,1,2,3,2,0.52,0,50,5,E-commerce
user_legacy_4264,1529,55,3,3.7,31,2413.44,1,0,0,0,0.39,0,5,9,SaaS
user_legacy_4265,1231,46,3,2.0,25,4654.31,0,2,2,0,0.11,0,1,9,Education
user_legacy_4266,598,51,4,9.7,14,6565.72,0,0,4,1,0.1,0,26,7,E-commerce
user_legacy_4267,824,5,21,45.3,26,7644.29,1,3,1,0,0.2,0,0,10,Education
user_legacy_4268,523,58,4,9.5,10,3727.38,2,3,2,0,0.19,0,53,4,Marketing
user_legacy_4269,1276,20,1,2.4,27,13482.02,0,1,3,4,0.0,0,56,4,Finance
user_legacy_4270,1014,49,3,4.9,17,1287.26,0,0,1,0,0.27,0,0,10,SaaS
user_legacy_4271,938,42,1,0.8,15,5181.64,0,3,5,2,0.0,0,64,3,Marketing
user_legacy_4272,886,42,1,1.6,17,3936.84,0,2,2,0,0.36,0,12,8,E-commerce
user_legacy_4273,1243,11,7,18.2,31,8086.79,1,2,2,0,0.42,0,39,6,Finance
user_legacy_4274,904,26,0,0.0,20,4079.3,1,3,3,2,0.25,0,15,8,SaaS
user_legacy_4275,989,41,1,1.5,26,4458.21,0,2,4,0,0.0,0,40,6,SaaS
user_legacy_4276,642,48,3,2.0,18,1901.02,0,4,1,0,0.27,0,32,6,E-commerce
user_legacy_4277,481,36,3,8.4,8,2023.68,0,2,5,1,0.48,0,51,4,Marketing
user_legacy_4278,612,20,0,0.0,18,5510.73,0,0,2,0,0.0,0,74,2,Marketing
user_legacy_4279,1028,37,4,6.3,21,9185.92,2,2,4,3,0.2,0,53,4,Finance
user_legacy_4280,1333,3,19,46.6,40,19437.76,0,3,3,1,0.1,0,61,3,E-commerce
user_legacy_4281,1694,49,3,1.7,39,15526.05,0,4,2,0,0.34,0,50,5,E-commerce
user_legacy_4282,530,17,0,0.0,11,3655.41,0,0,0,0,0.14,0,91,0,Finance
user_legacy_4283,1318,52,1,0.5,28,11758.84,2,0,4,0,0.36,0,26,7,E-commerce
user_legacy_4284,1018,30,3,7.2,25,6098.64,0,3,4,3,0.21,0,48,5,SaaS
user_legacy_4285,830,37,4,8.2,26,4113.71,0,3,2,0,0.25,0,59,4,Marketing
user_legacy_4286,1322,24,0,0.0,36,4648.23,0,1,2,0,0.21,0,0,10,E-commerce
user_legacy_4287,364,16,0,0.0,8,1586.56,1,0,2,0,0.33,0,37,6,Marketing
user_legacy_4288,1106,56,4,7.1,24,11220.98,0,1,2,0,0.38,0,45,5,E-commerce
user_legacy_4289,1341,27,4,4.7,34,15909.92,1,2,5,0,0.4,0,6,9,Finance
user_legacy_4290,869,36,0,0.0,19,8654.02,0,2,3,0,0.05,0,51,4,Finance
user_legacy_4291,986,35,1,2.2,30,14104.62,0,2,0,0,0.48,0,63,3,Finance
user_legacy_4292,967,53,4,4.4,18,990.46,0,2,3,2,0.53,0,47,5,SaaS
user_legacy_4293,798,21,0,0.0,13,3267.94,0,4,0,0,0.08,0,65,3,Education
user_legacy_4294,920,47,0,0.0,26,7932.39,0,2,5,2,0.18,0,0,10,E-commerce
user_legacy_4295,1198,51,3,6.5,37,7510.76,0,2,1,0,0.28,0,35,6,E-commerce
user_legacy_4296,1015,46,2,1.4,19,6850.23,0,0,3,0,0.56,0,16,8,Marketing
user_legacy_4297,911,25,1,2.9,26,4881.77,0,5,1,0,0.38,0,39,6,Education
user_legacy_4298,1643,2,13,26.6,53,3028.75,0,3,3,1,0.13,0,31,6,Finance
user_legacy_4299,940,36,1,0.6,16,3359.78,0,3,3,4,0.0,0,25,7,SaaS
user_legacy_4300,1651,26,2,5.3,35,8725.66,0,2,3,5,0.18,0,14,8,Education
user_legacy_4301,1342,24,1,2.0,32,14298.49,0,0,0,0,0.7,0,9,9,E-commerce
user_legacy_4302,1007,18,0,0.0,30,4148.37,2,0,3,2,0.51,0,59,4,Finance
user_legacy_4303,785,26,3,6.5,16,964.96,0,0,1,0,0.08,0,36,6,Finance
user_legacy_4304,856,26,3,1.9,26,12692.07,1,2,3,0,0.0,0,9,9,SaaS
user_legacy_4305,1005,32,4,3.7,23,10210.09,0,0,1,0,0.19,0,21,7,E-commerce
user_legacy_4306,1195,55,1,1.6,27,9334.24,0,0,0,0,0.27,0,0,10,SaaS
user_legacy_4307,838,58,1,2.7,22,2742.82,0,0,2,0,0.0,0,14,8,Finance
user_legacy_4308,1438,33,1,2.2,24,10891.01,0,5,1,0,0.23,0,43,5,Marketing
user_legacy_4309,1043,49,0,0.0,18,3941.31,0,0,2,0,0.22,0,49,5,Education
user_legacy_4310,1287,19,1,2.2,35,11461.4,0,0,5,0,0.59,0,40,6,Finance
user_legacy_4311,61,6,24,14.8,1,140.38,1,3,4,1,0.0,0,20,8,SaaS
user_legacy_4312,828,42,2,1.2,16,7380.31,0,1,3,1,0.26,0,43,5,E-commerce
user_legacy_4313,301,58,2,1.3,7,752.96,0,0,2,0,0.4,0,32,6,E-commerce
user_legacy_4314,686,11,9,5.3,13,1813.46,0,2,4,0,0.34,0,95,0,SaaS
user_legacy_4315,851,48,0,0.0,15,3951.12,0,1,0,0,0.48,0,22,7,Education
user_legacy_4316,1197,15,1,1.9,25,11685.71,1,1,3,2,0.1,0,41,5,Finance
user_legacy_4317,907,53,2,2.5,27,2018.27,1,3,3,0,0.26,0,27,7,Finance
user_legacy_4318,655,58,0,0.0,19,3410.35,0,3,2,0,0.0,0,64,3,Marketing
user_legacy_4319,534,36,4,5.9,11,2184.78,0,3,2,0,0.22,0,30,7,Finance
user_legacy_4320,1383,53,0,0.0,35,13364.96,0,1,1,0,0.22,0,0,10,E-commerce
user_legacy_4321,1124,34,2,5.9,28,13199.65,1,1,4,1,0.0,0,71,2,SaaS
user_legacy_4322,503,29,3,3.9,14,2301.77,0,2,2,0,0.43,0,84,1,Finance
user_legacy_4323,404,26,2,4.9,11,5319.26,0,2,2,0,0.07,0,30,7,Marketing
user_legacy_4324,910,50,1,1.7,17,5889.13,0,1,2,0,0.17,0,9,9,E-commerce
user_legacy_4325,860,44,2,1.8,17,5035.22,0,2,6,1,0.11,0,78,2,Finance
user_legacy_4326,652,28,4,9.4,16,1080.89,0,3,2,0,0.0,0,32,6,Finance
user_legacy_4327,704,36,0,0.0,18,4580.62,1,0,4,1,0.46,0,38,6,Finance
user_legacy_4328,619,39,1,0.9,15,2757.13,1,1,4,0,0.32,0,61,3,Marketing
user_legacy_4329,449,3,11,19.0,9,2238.76,1,1,3,1,0.3,0,75,2,E-commerce
user_legacy_4330,1062,12,18,25.0,27,11584.19,0,1,6,0,0.34,0,17,8,Education
user_legacy_4331,990,58,2,4.1,30,3125.43,1,1,4,3,0.52,0,49,5,Education
user_legacy_4332,1298,4,29,41.6,25,8303.18,3,2,2,0,0.06,0,48,5,E-commerce
user_legacy_4333,1072,8,29,16.3,33,14542.79,1,1,2,0,0.33,0,52,4,Education
user_legacy_4334,1364,35,3,4.5,29,6912.56,0,3,2,0,0.09,0,49,5,SaaS
user_legacy_4335,422,30,0,0.0,8,2113.53,0,5,4,3,0.53,0,31,6,Education
user_legacy_4336,855,24,1,2.3,20,6762.76,0,3,1,0,0.41,0,0,10,E-commerce
user_legacy_4337,1263,6,12,29.3,28,1427.28,0,1,2,0,0.0,0,0,10,Education
user_legacy_4338,872,32,0,0.0,28,1506.93,0,2,0,0,0.58,0,38,6,E-commerce
user_legacy_4339,300,30,3,2.2,8,648.74,2,4,2,0,0.2,0,44,5,SaaS
user_legacy_4340,499,53,1,2.0,11,2790.7,0,3,6,0,0.25,0,0,10,Finance
user_legacy_4341,929,6,11,23.2,25,10741.15,0,0,5,0,0.16,0,58,4,Finance
user_legacy_4342,1094,47,0,0.0,23,1377.2,0,3,2,0,0.19,0,84,1,Education
user_legacy_4343,847,43,1,0.9,17,4146.92,0,0,2,0,0.55,0,0,10,Marketing
user_legacy_4344,1232,34,4,3.6,26,11137.21,1,1,6,0,0.53,0,40,6,Finance
user_legacy_4345,1400,33,3,5.7,43,2210.05,1,3,3,2,0.06,0,19,8,Education
user_legacy_4346,885,45,3,1.6,16,1182.76,1,0,5,1,0.2,0,66,3,SaaS
user_legacy_4347,1010,19,1,1.8,19,3338.19,1,2,4,0,0.18,0,23,7,Marketing
user_legacy_4348,861,36,3,6.8,15,4348.31,0,3,4,3,0.16,0,46,5,E-commerce
user_legacy_4349,978,59,4,7.9,27,2968.6,0,0,3,3,0.29,0,72,2,Education
user_legacy_4350,1018,34,3,2.9,28,13987.81,0,4,1,0,0.04,0,80,2,Marketing
user_legacy_4351,999,38,2,1.7,17,2724.04,0,2,5,3,0.0,0,9,9,Marketing
user_legacy_4352,880,57,0,0.0,19,4524.94,0,0,0,0,0.25,0,27,7,Finance
user_legacy_4353,1097,29,3,2.2,18,4691.57,0,2,1,0,0.62,0,53,4,SaaS
user_legacy_4354,957,8,21,14.3,20,3797.97,1,2,3,1,0.6,0,13,8,Education
user_legacy_4355,78,8,12,8.8,1,204.35,2,4,4,0,0.2,0,63,3,Education
user_legacy_4356,1377,3,23,58.3,38,9105.18,1,2,0,0,0.11,0,48,5,Finance
user_legacy_4357,720,3,19,48.2,23,7878.42,0,0,1,0,0.33,0,8,9,Finance
user_legacy_4358,677,41,4,6.8,19,4847.05,0,2,3,1,0.27,0,83,1,Marketing
user_legacy_4359,1048,54,4,6.0,32,4788.98,1,1,3,1,0.0,0,91,0,E-commerce
user_legacy_4360,1195,53,2,2.0,34,5412.36,0,0,4,2,0.14,0,42,5,Education
user_legacy_4361,957,50,3,3.2,21,10142.1,0,0,1,0,0.33,0,33,6,Finance
user_legacy_4362,946,2,24,26.6,29,14103.6,0,2,1,0,0.22,0,22,7,Marketing
user_legacy_4363,1047,31,4,10.5,17,1102.35,1,4,4,1,0.05,0,58,4,Education
user_legacy_4364,1368,2,13,28.9,37,15846.95,0,0,6,0,0.48,0,51,4,E-commerce
user_legacy_4365,1225,54,2,1.6,31,12965.61,2,3,3,0,0.0,0,69,3,Marketing
user_legacy_4366,1008,32,4,4.7,27,7249.17,0,0,3,1,0.29,0,69,3,Finance
user_legacy_4367,734,33,1,2.8,23,11392.68,1,0,3,1,0.48,0,50,5,Marketing
user_legacy_4368,1139,43,1,1.6,23,6771.65,0,4,3,1,0.36,0,100,0,Education
user_legacy_4369,1155,22,0,0.0,34,2573.55,0,3,4,1,0.34,0,14,8,Education
user_legacy_4370,715,5,23,57.6,19,5085.34,1,2,0,0,0.0,0,38,6,E-commerce
user_legacy_4371,894,44,1,1.2,23,10750.55,0,0,0,0,0.26,0,61,3,Finance
user_legacy_4372,1086,27,2,4.2,20,7272.09,0,4,2,0,0.35,0,58,4,Finance
user_legacy_4373,1104,45,1,2.6,20,6458.04,0,0,3,0,0.04,0,78,2,Education
user_legacy_4374,1133,25,2,4.5,23,3600.88,1,5,1,0,0.22,0,41,5,Marketing
user_legacy_4375,1175,48,4,2.0,34,11663.98,0,3,1,0,0.0,0,24,7,Marketing
user_legacy_4376,1682,4,27,61.6,32,9439.73,0,0,0,0,0.06,0,64,3,Finance
user_legacy_4377,1085,4,8,6.8,23,9709.44,1,1,2,0,0.38,0,54,4,SaaS
user_legacy_4378,752,43,2,4.9,16,3666.21,0,0,2,0,0.28,0,48,5,Education
user_legacy_4379,1266,2,16,38.9,41,13584.22,0,3,5,1,0.11,0,100,0,E-commerce
user_legacy_4380,821,0,10,23.3,18,981.83,0,4,2,0,0.14,0,52,4,Education
user_legacy_4381,735,39,0,0.0,19,5534.04,1,2,2,0,1.0,0,48,5,Education
user_legacy_4382,717,58,1,2.9,22,10653.17,1,0,0,0,0.15,0,51,4,Education
user_legacy_4383,722,58,1,2.9,23,5645.9,2,1,0,0,0.51,0,29,7,Finance
user_legacy_4384,938,11,18,43.5,26,7290.92,0,3,3,1,0.38,0,42,5,SaaS
user_legacy_4385,1396,12,22,57.1,35,4444.4,0,1,4,4,0.3,0,64,3,SaaS
user_legacy_4386,861,24,4,2.2,22,1331.64,0,0,2,0,0.38,0,58,4,Marketing
user_legacy_4387,1690,28,4,5.1,54,18609.11,1,2,3,0,0.0,0,35,6,Finance
user_legacy_4388,1702,54,1,2.7,44,12074.26,1,0,4,3,0.52,0,19,8,Marketing
user_legacy_4389,469,21,0,0.0,8,2003.1,0,1,4,0,0.42,0,0,10,E-commerce
user_legacy_4390,1289,7,22,35.9,41,14573.11,1,3,7,3,0.45,0,29,7,Education
user_legacy_4391,456,16,3,4.2,7,2429.61,0,1,3,0,0.36,0,23,7,SaaS
user_legacy_4392,1268,57,4,10.9,26,9080.46,2,2,1,0,0.45,0,49,5,E-commerce
user_legacy_4393,1313,0,29,73.4,34,1841.58,0,0,2,0,0.58,0,42,5,SaaS
user_legacy_4394,1346,18,2,5.7,31,2750.0,0,3,2,0,0.13,0,0,10,Marketing
user_legacy_4395,1072,33,2,5.1,17,6146.79,1,1,4,0,0.27,0,56,4,SaaS
user_legacy_4396,1145,56,2,6.0,21,3174.93,0,1,1,0,0.13,0,34,6,Finance
user_legacy_4397,562,55,3,4.5,17,2691.51,0,0,3,2,0.34,0,33,6,Education
user_legacy_4398,1349,39,4,2.6,32,5738.57,0,1,2,0,0.49,0,3,9,Marketing
user_legacy_4399,991,55,0,0.0,21,1171.8,0,1,3,1,0.0,0,53,4,Marketing
user_legacy_4400,865,2,7,4.2,20,4101.34,2,2,2,0,0.17,0,13,8,Education
user_legacy_4401,1153,12,5,9.4,20,9018.35,0,1,1,0,0.28,0,41,5,E-commerce
user_legacy_4402,974,58,4,10.8,27,1496.85,0,0,4,1,0.33,0,71,2,Education
user_legacy_4403,1327,13,26,60.3,35,2912.19,0,4,4,1,0.14,0,45,5,E-commerce
user_legacy_4404,1076,38,4,6.4,18,7971.82,1,1,0,0,0.11,0,35,6,SaaS
user_legacy_4405,616,33,2,3.7,13,3288.9,0,1,1,0,0.38,0,23,7,SaaS
user_legacy_4406,814,10,24,43.8,17,6847.34,0,1,0,0,0.41,0,82,1,Marketing
user_legacy_4407,874,52,1,0.7,18,6889.76,0,4,0,0,0.26,0,78,2,SaaS
user_legacy_4408,445,58,1,1.1,8,1512.29,0,1,3,3,0.19,0,56,4,SaaS
user_legacy_4409,1121,55,3,6.2,31,6788.11,0,2,4,1,0.27,0,31,6,Finance
user_legacy_4410,1605,52,4,6.0,49,4533.21,0,2,1,0,0.27,0,31,6,Education
user_legacy_4411,1312,48,0,0.0,38,3902.72,1,0,6,0,0.0,0,37,6,Finance
user_legacy_4412,288,41,1,1.6,5,1106.38,1,0,4,1,0.14,0,68,3,E-commerce
user_legacy_4413,1201,50,4,10.4,31,12199.2,0,1,2,0,0.42,0,25,7,Finance
user_legacy_4414,465,46,2,4.8,8,3399.19,0,2,0,0,0.37,0,88,1,SaaS
user_legacy_4415,1133,48,3,7.9,34,5145.75,0,0,1,0,0.23,0,64,3,Education
user_legacy_4416,1325,2,11,30.6,35,6618.31,0,0,4,3,0.0,0,39,6,E-commerce
user_legacy_4417,1242,34,4,8.8,40,14186.77,0,0,5,0,0.6,0,57,4,Marketing
user_legacy_4418,864,55,2,1.8,18,8819.32,1,2,1,0,0.3,0,0,10,Education
user_legacy_4419,1384,6,27,19.9,34,5654.13,1,3,0,0,0.06,0,6,9,Finance
user_legacy_4420,744,31,2,5.3,22,8245.94,0,3,6,1,0.41,0,61,3,SaaS
user_legacy_4421,1155,37,1,1.2,29,3244.99,0,0,2,0,0.47,0,45,5,Marketing
user_legacy_4422,1012,47,1,1.0,27,4992.63,2,3,0,0,0.1,0,60,4,Marketing
user_legacy_4423,907,37,4,3.2,18,3321.52,0,6,1,0,0.58,0,12,8,E-commerce
user_legacy_4424,645,20,3,4.8,17,6898.56,3,5,2,0,0.21,0,23,7,E-commerce
user_legacy_4425,1069,57,2,5.8,34,6111.22,1,1,3,1,0.17,0,68,3,SaaS
user_legacy_4426,943,53,1,2.0,26,11303.9,0,1,3,0,0.51,0,29,7,E-commerce
user_legacy_4427,840,51,2,2.6,21,8992.34,0,1,3,0,0.22,0,95,0,Education
user_legacy_4428,1239,19,1,2.3,21,7723.88,0,6,5,0,0.31,0,29,7,SaaS
user_legacy_4429,974,45,1,1.7,22,5891.76,1,4,2,0,0.0,0,84,1,Finance
user_legacy_4430,861,41,1,2.4,25,6101.26,1,2,7,2,0.64,0,31,6,Education
user_legacy_4431,661,8,19,33.4,19,5550.23,0,1,4,0,0.54,0,63,3,Marketing
user_legacy_4432,1166,13,8,10.2,36,13169.35,0,4,6,4,0.43,0,15,8,Finance
user_legacy_4433,740,44,4,4.4,13,1528.54,0,1,1,0,0.16,0,72,2,SaaS
user_legacy_4434,748,24,1,2.9,20,8559.92,1,4,2,0,0.51,0,75,2,Finance
user_legacy_4435,978,23,4,11.8,26,11598.34,2,0,2,0,0.37,0,37,6,Education
user_legacy_4436,932,21,0,0.0,30,2134.76,0,0,1,0,0.26,0,38,6,SaaS
user_legacy_4437,764,28,1,2.6,15,3041.47,0,0,7,2,0.0,0,30,7,E-commerce
user_legacy_4438,1473,18,3,7.3,24,4270.89,0,1,3,1,0.41,0,22,7,SaaS
user_legacy_4439,974,44,1,2.4,19,1946.21,0,2,0,0,0.29,0,45,5,SaaS
user_legacy_4440,927,5,11,30.5,16,7735.33,2,4,3,1,0.74,0,27,7,Marketing
user_legacy_4441,796,28,4,8.5,21,10205.64,0,2,0,0,0.39,0,56,4,Education
user_legacy_4442,906,13,7,18.2,18,8688.53,0,2,0,0,0.0,0,100,0,Finance
user_legacy_4443,1777,21,1,1.2,36,14980.85,0,2,1,0,0.45,0,84,1,E-commerce
user_legacy_4444,768,5,7,9.8,21,4933.12,0,2,2,0,0.05,0,66,3,Education
user_legacy_4445,603,22,3,5.7,17,6679.15,0,1,1,0,0.35,0,42,5,SaaS
user_legacy_4446,1519,15,1,2.0,45,19454.2,2,3,2,0,0.32,0,58,4,Education
user_legacy_4447,850,55,4,5.4,14,976.03,0,0,2,0,0.38,0,59,4,SaaS
user_legacy_4448,1133,32,0,0.0,29,5647.3,1,1,1,0,0.26,0,37,6,E-commerce
user_legacy_4449,579,9,7,9.1,13,4495.38,0,1,4,0,0.0,0,16,8,SaaS
user_legacy_4450,1206,6,18,53.6,37,14630.12,1,2,1,0,0.48,0,38,6,Education
user_legacy_4451,1317,39,0,0.0,33,3324.52,0,0,3,1,0.31,0,58,4,Education
user_legacy_4452,1217,52,1,2.5,26,2025.0,1,1,1,0,0.25,0,28,7,SaaS
user_legacy_4453,1230,51,1,2.3,34,16286.48,1,0,5,0,0.61,0,13,8,SaaS
user_legacy_4454,994,41,3,6.1,26,11972.27,0,0,2,0,0.22,0,10,9,SaaS
user_legacy_4455,1426,31,0,0.0,35,13543.87,1,0,10,1,0.6,0,58,4,Finance
user_legacy_4456,828,49,2,5.7,14,1660.42,0,2,1,0,0.01,0,13,8,Education
user_legacy_4457,1323,6,13,15.6,23,7975.69,1,2,1,0,0.36,0,0,10,Education
user_legacy_4458,797,40,0,0.0,25,12484.74,0,1,2,0,0.37,0,42,5,Finance
user_legacy_4459,1088,23,3,5.5,24,3299.74,0,2,6,1,0.41,0,73,2,SaaS
user_legacy_4460,956,6,15,28.4,27,8032.15,0,3,2,0,0.2,0,43,5,SaaS
user_legacy_4461,765,25,2,1.2,15,4129.74,0,0,1,0,0.22,0,34,6,Education
user_legacy_4462,962,5,17,41.3,25,9408.33,0,3,0,0,0.13,0,60,4,E-commerce
user_legacy_4463,1098,26,2,3.9,35,14501.22,0,1,1,0,0.3,0,65,3,E-commerce
user_legacy_4464,1081,38,2,4.9,26,11507.85,0,0,2,0,0.28,0,0,10,Marketing
user_legacy_4465,998,43,2,5.5,19,8267.88,0,0,0,0,0.37,0,51,4,SaaS
user_legacy_4466,1334,32,3,4.2,28,13933.91,1,0,0,0,0.46,0,0,10,E-commerce
user_legacy_4467,1350,16,3,7.0,29,14029.41,2,5,0,0,0.26,0,13,8,Education
user_legacy_4468,1034,42,4,8.3,21,4230.66,1,0,4,0,0.71,0,53,4,SaaS
user_legacy_4469,923,16,3,7.2,23,3854.79,0,2,1,0,0.41,0,62,3,Marketing
user_legacy_4470,936,52,3,4.8,24,4496.79,0,1,5,1,0.12,0,30,7,SaaS
user_legacy_4471,593,12,24,18.7,12,3283.09,0,1,6,3,0.28,0,26,7,Finance
user_legacy_4472,985,21,3,7.9,20,1305.48,1,3,4,2,0.39,0,77,2,SaaS
user_legacy_4473,1314,13,18,28.3,41,15082.76,0,3,3,1,0.13,0,20,8,Marketing
user_legacy_4474,694,30,2,2.8,13,6007.99,0,4,1,0,0.0,0,84,1,E-commerce
user_legacy_4475,1044,10,23,66.3,29,9758.45,0,2,0,0,0.0,0,92,0,Education
user_legacy_4476,1097,28,3,6.5,18,8320.0,2,3,3,0,0.39,0,77,2,E-commerce
user_legacy_4477,1076,48,2,4.8,25,7945.26,0,0,2,0,0.49,0,46,5,Education
user_legacy_4478,681,17,4,11.2,18,7767.19,0,1,3,1,0.35,0,100,0,Education
user_legacy_4479,680,12,15,15.8,15,3917.01,0,0,4,1,0.07,0,70,3,E-commerce
user_legacy_4480,790,3,24,24.4,16,5798.05,1,0,2,0,0.27,0,62,3,Marketing
user_legacy_4481,1293,51,1,2.1,38,5267.56,0,4,1,0,0.33,0,0,10,Finance
user_legacy_4482,965,34,1,1.4,18,4563.28,0,2,0,0,0.27,0,34,6,Finance
user_legacy_4483,1239,20,4,2.5,34,5467.37,1,3,2,0,0.27,0,14,8,Finance
user_legacy_4484,1526,7,19,24.0,46,10145.17,0,0,6,2,0.32,0,83,1,SaaS
user_legacy_4485,301,29,3,6.3,8,2140.73,0,2,0,0,0.18,0,41,5,SaaS
user_legacy_4486,1189,22,3,2.3,35,11005.24,2,2,0,0,0.54,0,26,7,Marketing
user_legacy_4487,1253,44,4,7.5,24,1479.44,0,3,4,0,0.2,0,0,10,E-commerce
user_legacy_4488,1343,10,11,25.8,29,2194.58,0,4,4,1,0.29,0,53,4,Education
user_legacy_4489,495,16,3,5.8,11,2964.08,1,0,5,2,0.0,0,6,9,Education
user_legacy_4490,983,43,2,4.9,23,6532.67,0,2,0,0,0.18,0,47,5,Finance
user_legacy_4491,948,28,2,3.0,19,8585.17,0,0,2,0,0.0,0,13,8,Finance
user_legacy_4492,617,34,2,3.3,10,4146.39,5,0,3,0,0.0,0,71,2,E-commerce
user_legacy_4493,1357,32,1,1.3,39,14049.59,0,1,1,0,0.55,0,32,6,SaaS
user_legacy_4494,1387,25,0,0.0,36,9580.53,0,2,1,0,0.31,0,80,2,E-commerce
user_legacy_4495,860,22,0,0.0,25,11600.99,0,0,2,0,0.39,0,80,2,Education
user_legacy_4496,658,23,2,2.6,13,3882.18,0,0,4,1,0.24,0,78,2,SaaS
user_legacy_4497,851,33,0,0.0,15,7495.04,0,1,2,0,0.3,0,41,5,Education
user_legacy_4498,837,1,16,29.9,14,5850.21,0,1,4,0,0.33,0,0,10,Marketing
user_legacy_4499,1118,31,2,4.3,25,5295.84,0,3,0,0,0.2,0,15,8,Marketing
user_legacy_4500,477,19,2,4.4,13,1144.22,1,3,3,2,0.19,0,91,0,Marketing
