user_id,days_since_signup,days_since_last_activity,logins_last_30_days,total_active_hours,payments_made,lifetime_value_dollars,payment_failures_count,pricing_page_visits,support_tickets,open_complaint_tickets,sentiment_score,failed_onboarding_steps,plan_utilization_percent,core_features_untouched,primary_use_case
user_enterprise_1,87,27,3,6.4,1,309.39,0,0,0,0,0.81,0,80,2,E-commerce
user_enterprise_2,907,2,24,44.1,17,1762.66,0,0,2,0,0.86,0,66,3,Marketing
user_enterprise_3,780,57,3,6.9,15,6627.07,0,0,0,0,1.0,0,99,0,Education
user_enterprise_4,448,10,20,13.8,7,2423.14,0,2,1,0,0.9,0,71,2,E-commerce
user_enterprise_5,761,2,18,23.7,23,11318.84,0,4,1,0,0.82,0,98,0,Education
user_enterprise_6,683,4,25,46.8,16,1402.89,0,1,1,0,0.79,0,58,4,Marketing
user_enterprise_7,503,3,7,7.3,15,6353.11,0,0,2,0,0.87,0,99,0,Finance
user_enterprise_8,673,11,6,12.2,13,4837.75,0,1,1,0,0.88,0,77,2,E-commerce
user_enterprise_9,860,4,22,35.0,18,7695.91,0,0,0,0,0.71,0,85,1,E-commerce
user_enterprise_10,264,2,22,15.3,5,888.26,0,0,0,0,0.9,0,82,1,Education
user_enterprise_11,439,33,4,4.9,9,1316.03,0,0,2,0,0.78,0,67,3,Finance
user_enterprise_12,634,33,0,0.0,15,1164.89,0,0,3,1,0.8,0,90,1,Education
user_enterprise_13,706,8,19,32.3,21,7233.27,0,0,0,0,0.75,0,69,3,Finance
user_enterprise_14,605,41,1,2.2,14,6584.65,0,0,0,0,0.7,0,100,0,SaaS
user_enterprise_15,457,6,29,31.0,9,889.54,2,0,0,0,0.77,0,88,1,E-commerce
user_enterprise_16,848,50,1,1.9,22,7816.24,0,0,0,0,0.79,0,92,0,Marketing
user_enterprise_17,907,10,18,48.6,21,1064.96,0,4,0,0,0.83,0,81,1,Marketing
user_enterprise_18,439,46,0,0.0,10,2242.0,0,2,1,0,0.88,0,93,0,Education
user_enterprise_19,804,8,5,12.8,17,7582.74,0,4,1,0,0.72,0,76,2,Marketing
user_enterprise_20,555,9,17,50.2,9,3337.33,0,2,6,1,0.79,0,83,1,Education
user_enterprise_21,956,20,2,5.7,23,2127.26,0,0,0,0,0.58,0,85,1,Marketing
user_enterprise_22,796,30,2,1.0,14,3104.53,0,0,0,0,0.77,0,71,2,Marketing
user_enterprise_23,726,51,0,0.0,19,4491.55,0,1,1,0,0.74,0,82,1,SaaS
user_enterprise_24,637,6,15,36.2,19,2491.3,0,0,0,0,0.84,0,78,2,Marketing
user_enterprise_25,943,44,2,4.5,23,5201.34,0,0,2,0,0.77,0,91,0,Finance
user_enterprise_26,235,12,26,17.3,3,1494.46,0,2,0,0,0.87,0,100,0,Education
user_enterprise_27,305,59,4,8.9,5,2093.39,0,0,0,0,0.73,0,82,1,SaaS
user_enterprise_28,649,0,25,47.5,18,6261.7,0,1,0,0,0.78,0,67,3,Finance
user_enterprise_29,745,0,6,16.4,14,1895.41,0,0,0,0,0.73,0,87,1,E-commerce
user_enterprise_30,442,44,4,9.2,7,2337.99,0,0,2,0,0.91,0,88,1,Finance
user_enterprise_31,581,38,3,1.7,10,3565.17,0,0,1,0,0.94,0,81,1,E-commerce
user_enterprise_32,578,2,28,25.0,12,4503.37,0,0,1,0,0.79,0,63,3,Education
user_enterprise_33,979,6,26,72.5,25,1622.82,0,0,3,1,0.78,0,82,1,SaaS
user_enterprise_34,840,13,21,17.4,22,2794.08,0,0,7,0,0.9,0,89,1,Finance
user_enterprise_35,633,5,29,22.6,15,4321.33,0,3,0,0,0.84,0,59,4,Marketing
user_enterprise_36,932,6,20,31.0,15,3308.14,0,0,1,0,0.84,0,98,0,Education
user_enterprise_37,817,0,13,29.1,17,7526.61,0,0,4,0,0.65,0,93,0,E-commerce
user_enterprise_38,663,7,12,32.9,20,1891.89,0,0,1,0,0.94,0,87,1,SaaS
user_enterprise_39,554,54,0,0.0,10,2284.42,0,0,0,0,0.8,0,61,3,Finance
user_enterprise_40,832,35,3,5.9,25,5737.44,0,4,3,0,0.86,0,67,3,SaaS
user_enterprise_41,1166,1,6,5.0,29,14081.69,0,2,0,0,0.6,0,66,3,SaaS
user_enterprise_42,1061,10,25,25.3,34,14234.63,0,2,3,2,0.97,0,69,3,Marketing
user_enterprise_43,771,54,2,1.5,21,2264.2,0,1,0,0,0.58,0,86,1,Marketing
user_enterprise_44,753,7,26,42.7,21,9844.98,0,0,0,0,0.83,0,77,2,Marketing
user_enterprise_45,737,12,29,14.9,18,4252.58,0,0,3,5,0.88,0,97,0,Education
user_enterprise_46,524,12,16,23.5,10,2085.51,0,0,1,0,0.76,0,71,2,Marketing
user_enterprise_47,803,6,25,21.0,23,6349.18,0,0,0,0,1.0,0,68,3,Marketing
user_enterprise_48,644,5,15,13.5,17,3371.81,0,0,0,0,0.64,0,69,3,Finance
user_enterprise_49,1016,7,23,64.6,32,11554.57,0,1,2,0,0.58,0,50,5,Marketing
user_enterprise_50,976,54,2,5.4,21,4351.44,0,0,1,0,0.87,0,94,0,Finance
user_enterprise_51,671,0,13,27.2,20,4721.06,0,0,0,0,0.68,0,58,4,Finance
user_enterprise_52,508,6,29,42.3,10,2059.72,0,0,1,0,0.83,0,75,2,Education
user_enterprise_53,614,13,11,7.1,18,6147.68,2,1,0,0,0.9,0,75,2,Finance
user_enterprise_54,663,0,13,29.9,19,3763.01,1,0,2,0,0.82,0,85,1,Marketing
user_enterprise_55,545,5,13,21.8,13,2894.98,0,1,0,0,0.81,0,99,0,Marketing
user_enterprise_56,669,6,13,31.1,16,7201.05,0,0,1,0,0.86,0,82,1,Marketing
user_enterprise_57,941,9,29,84.5,29,11303.45,1,0,1,0,0.74,0,88,1,SaaS
user_enterprise_58,711,0,12,34.3,18,8564.76,0,0,0,0,1.0,0,70,3,E-commerce
user_enterprise_59,864,4,14,27.9,15,1671.05,0,0,1,0,0.75,0,77,2,Education
user_enterprise_60,414,4,5,12.1,7,3167.64,0,0,1,0,0.65,0,88,1,SaaS
user_enterprise_61,1288,10,14,15.7,25,2107.19,0,1,1,0,0.87,0,97,0,Education
user_enterprise_62,875,8,13,37.1,23,4005.59,0,1,1,0,0.84,0,100,0,Finance
user_enterprise_63,719,6,14,21.6,21,9701.85,0,1,1,0,0.65,0,76,2,Marketing
user_enterprise_64,824,3,13,9.1,19,2537.35,0,0,0,0,0.86,0,80,2,Education
user_enterprise_65,545,0,13,33.1,9,1576.56,0,0,2,0,0.79,0,71,2,Education
user_enterprise_66,744,2,13,32.2,20,9400.43,0,0,1,0,0.65,0,83,1,Marketing
user_enterprise_67,427,44,0,0.0,8,2038.74,0,0,0,0,0.7,0,93,0,Education
user_enterprise_68,815,7,26,14.4,25,12286.84,0,1,0,0,0.82,0,79,2,SaaS
user_enterprise_69,645,26,0,0.0,12,5080.2,0,0,1,0,0.72,0,96,0,Marketing
user_enterprise_70,563,5,19,30.2,9,1003.54,0,1,0,0,0.83,0,80,2,Finance
user_enterprise_71,559,13,10,26.7,14,2680.88,0,0,0,0,0.81,0,56,4,E-commerce
user_enterprise_72,502,13,15,38.1,10,4043.59,0,0,1,0,0.84,0,74,2,E-commerce
user_enterprise_73,597,3,21,57.0,9,1686.03,0,0,1,0,0.73,0,87,1,Marketing
user_enterprise_74,998,54,2,5.3,25,8246.27,0,0,0,0,0.75,0,100,0,SaaS
user_enterprise_75,800,1,21,51.3,16,7867.08,0,0,2,0,0.93,0,77,2,E-commerce
user_enterprise_76,483,18,2,4.0,9,4245.6,0,0,0,0,0.75,0,66,3,SaaS
user_enterprise_77,867,6,9,12.6,25,6828.07,0,0,0,0,0.87,0,61,3,Finance
user_enterprise_78,935,34,2,5.2,26,3720.58,0,0,1,0,0.73,0,79,2,Finance
user_enterprise_79,724,38,4,11.8,15,1831.49,0,0,0,0,0.88,0,72,2,Finance
user_enterprise_80,738,33,4,10.0,13,5436.63,0,0,0,0,0.74,0,64,3,E-commerce
user_enterprise_81,898,5,29,19.1,28,2168.88,0,0,1,0,0.64,0,100,0,SaaS
user_enterprise_82,729,10,10,27.0,14,3941.34,0,1,5,1,0.66,0,82,1,SaaS
user_enterprise_83,768,4,27,18.3,17,4397.64,0,2,1,0,0.76,0,68,3,Finance
user_enterprise_84,769,25,2,4.1,19,2694.38,0,1,0,0,0.84,0,82,1,SaaS
user_enterprise_85,659,13,5,3.9,12,5038.12,0,0,4,0,0.62,0,67,3,Marketing
user_enterprise_86,665,16,1,0.7,21,7427.19,0,0,0,0,0.65,0,100,0,Finance
user_enterprise_87,522,12,6,11.7,12,5887.0,0,0,1,0,0.79,0,85,1,Finance
user_enterprise_88,986,7,11,19.9,20,3623.83,0,0,0,0,0.76,0,84,1,E-commerce
user_enterprise_89,915,13,10,26.1,29,13674.8,0,0,0,0,0.88,0,41,5,Finance
user_enterprise_90,665,1,27,72.2,17,4313.85,0,0,0,0,0.75,0,78,2,Education
user_enterprise_91,832,1,19,42.7,17,5227.12,0,0,0,0,0.74,0,66,3,E-commerce
user_enterprise_92,463,1,27,64.7,11,5273.66,0,0,0,0,0.82,0,51,4,E-commerce
user_enterprise_93,548,6,9,14.2,15,3901.42,0,0,0,0,0.95,0,82,1,Marketing
user_enterprise_94,631,9,16,17.1,14,4453.58,0,0,0,0,0.89,0,93,0,Education
user_enterprise_95,419,6,15,22.2,11,3251.35,0,0,0,0,0.78,0,68,3,Education
user_enterprise_96,475,1,22,30.7,10,1252.19,0,0,6,0,0.63,0,90,1,Marketing
user_enterprise_97,932,40,2,3.2,17,3460.47,0,0,0,0,0.67,0,67,3,Education
user_enterprise_98,518,50,4,5.8,14,1798.19,0,1,0,0,0.86,0,73,2,Marketing
user_enterprise_99,842,12,10,18.8,21,7969.46,0,0,4,0,0.89,0,68,3,E-commerce
user_enterprise_100,520,4,16,22.6,15,4482.52,0,0,6,1,0.77,0,85,1,Finance
user_enterprise_101,695,10,17,15.1,12,4843.91,0,0,1,0,0.86,0,75,2,Education
user_enterprise_102,714,37,3,5.8,15,6132.45,0,0,0,0,0.96,0,90,1,E-commerce
user_enterprise_103,663,4,7,9.5,18,2812.45,0,0,0,0,0.68,0,99,0,Finance
user_enterprise_104,524,9,23,37.0,15,7003.63,0,0,0,0,0.81,0,87,1,Education
user_enterprise_105,625,6,9,19.2,16,7366.45,0,1,0,0,0.7,0,96,0,Education
user_enterprise_106,964,7,14,24.3,25,8091.57,0,0,1,0,0.82,0,83,1,Finance
user_enterprise_107,895,9,8,7.8,23,9763.07,0,0,0,0,0.86,0,78,2,Finance
user_enterprise_108,588,13,20,10.3,13,2856.56,0,1,0,0,0.68,0,100,0,Finance
user_enterprise_109,746,5,7,19.6,22,5813.44,0,0,0,0,0.78,0,85,1,Marketing
user_enterprise_110,749,23,1,1.2,22,1610.1,0,2,1,0,0.63,0,43,5,Marketing
user_enterprise_111,672,11,14,40.7,20,6703.98,0,0,0,0,0.8,0,58,4,SaaS
user_enterprise_112,643,53,2,3.3,12,3886.49,0,0,0,0,0.77,0,71,2,Education
user_enterprise_113,610,7,5,3.4,18,4431.23,0,0,1,0,0.8,0,71,2,Marketing
user_enterprise_114,756,26,4,2.2,20,7200.1,0,4,4,2,0.89,0,100,0,SaaS
user_enterprise_115,1017,8,15,16.9,18,981.13,0,0,1,0,0.78,0,76,2,Marketing
user_enterprise_116,547,3,26,73.8,9,4479.63,0,0,0,0,0.71,0,84,1,SaaS
user_enterprise_117,680,4,12,29.2,18,3958.21,0,0,0,0,0.82,0,53,4,Finance
user_enterprise_118,272,49,1,2.9,8,2627.09,0,0,0,0,0.77,0,91,0,E-commerce
user_enterprise_119,1122,13,9,25.9,33,11144.16,0,0,1,0,0.76,0,75,2,Education
user_enterprise_120,566,21,2,2.6,17,5664.65,0,0,0,0,0.85,0,71,2,Marketing
user_enterprise_121,757,4,9,19.7,23,1629.82,0,0,1,0,0.8,0,87,1,Marketing
user_enterprise_122,574,4,20,13.1,11,4857.86,1,0,1,0,0.81,0,80,2,Education
user_enterprise_123,455,10,12,22.3,8,588.64,0,0,2,0,0.69,0,89,1,Marketing
user_enterprise_124,803,9,11,30.2,22,2734.22,0,2,0,0,0.7,0,90,1,SaaS
user_enterprise_125,378,24,4,10.5,10,689.47,0,1,0,0,0.74,0,100,0,Finance
user_enterprise_126,619,12,9,13.0,13,2261.4,0,1,2,0,0.8,0,69,3,Finance
user_enterprise_127,794,4,5,14.4,14,1326.47,0,0,0,0,0.79,0,97,0,Marketing
user_enterprise_128,521,13,7,9.3,16,7378.9,0,1,2,0,0.78,0,66,3,Marketing
user_enterprise_129,433,5,5,12.3,7,3191.89,0,1,0,0,0.87,0,69,3,Marketing
user_enterprise_130,577,6,23,54.9,10,1189.26,0,0,2,0,0.71,0,63,3,Finance
user_enterprise_131,701,5,29,49.1,16,4575.25,0,0,0,0,0.81,0,81,1,Marketing
user_enterprise_132,900,24,3,2.5,16,3347.98,0,1,0,0,0.86,0,93,0,Education
user_enterprise_133,374,5,12,31.7,10,2820.44,0,0,1,0,0.71,0,87,1,E-commerce
user_enterprise_134,671,2,7,7.4,12,4009.93,0,0,2,0,0.83,0,75,2,Marketing
user_enterprise_135,422,3,15,28.7,11,908.32,0,2,0,0,0.65,0,63,3,SaaS
user_enterprise_136,768,5,14,7.8,20,3508.3,0,0,0,0,0.88,0,81,1,E-commerce
user_enterprise_137,815,9,9,5.8,23,9980.73,0,1,4,2,0.87,0,59,4,SaaS
user_enterprise_138,621,12,22,17.1,11,3653.34,0,2,0,0,0.63,0,88,1,SaaS
user_enterprise_139,651,3,20,40.1,18,4700.88,0,0,0,0,0.9,0,77,2,Finance
user_enterprise_140,688,13,14,11.4,11,4304.03,0,1,0,0,0.91,0,69,3,SaaS
user_enterprise_141,828,7,26,61.8,22,2439.35,0,0,0,0,0.89,0,80,2,Finance
user_enterprise_142,714,12,25,71.4,16,6996.6,0,2,1,0,0.86,0,85,1,SaaS
user_enterprise_143,795,9,24,14.5,18,2471.29,1,0,0,0,0.78,0,73,2,Education
user_enterprise_144,827,12,23,40.6,13,4084.46,0,0,3,1,0.76,0,94,0,SaaS
user_enterprise_145,610,7,7,18.5,15,5135.75,0,0,3,1,0.69,0,78,2,Marketing
user_enterprise_146,555,6,29,32.4,13,5154.03,0,0,0,0,0.99,0,81,1,E-commerce
user_enterprise_147,531,11,18,21.0,10,4536.07,0,0,1,0,0.96,0,55,4,SaaS
user_enterprise_148,476,6,8,12.8,12,1064.93,0,0,0,0,0.6,0,67,3,Education
user_enterprise_149,591,11,13,10.2,12,1188.31,0,2,5,0,0.9,0,87,1,SaaS
user_enterprise_150,934,13,12,10.9,29,7648.77,0,0,2,0,0.76,0,84,1,E-commerce
user_enterprise_151,681,4,11,31.0,21,4614.26,0,0,0,0,0.87,0,72,2,Education
user_enterprise_152,689,5,9,16.4,13,4278.2,0,0,0,0,0.87,0,100,0,Marketing
user_enterprise_153,581,8,8,15.5,12,3187.21,0,0,0,0,0.67,0,95,0,SaaS
user_enterprise_154,832,13,16,30.2,25,12412.3,1,0,1,0,0.91,0,78,2,Education
user_enterprise_155,608,3,28,42.1,17,5501.56,0,1,0,0,0.52,0,87,1,E-commerce
user_enterprise_156,424,3,29,76.7,13,1910.16,2,0,1,0,0.75,0,88,1,Finance
user_enterprise_157,721,6,22,34.6,23,7016.2,2,1,1,0,0.72,0,89,1,E-commerce
user_enterprise_158,387,2,11,27.1,10,3436.66,0,0,1,0,0.78,0,80,2,Finance
user_enterprise_159,762,5,24,20.3,14,1499.56,0,2,1,0,0.87,0,92,0,E-commerce
user_enterprise_160,626,4,6,8.7,18,1014.91,0,1,2,0,0.65,0,100,0,SaaS
user_enterprise_161,646,12,11,29.2,11,1480.26,0,0,0,0,1.0,0,74,2,Education
user_enterprise_162,617,6,23,60.1,11,4778.33,0,0,0,0,0.81,0,86,1,Education
user_enterprise_163,397,1,21,33.1,7,3151.96,0,2,1,0,0.78,0,87,1,E-commerce
user_enterprise_164,839,7,21,13.6,23,8576.15,0,1,0,0,0.78,0,93,0,Education
user_enterprise_165,709,7,24,42.0,13,3034.03,2,0,0,0,0.76,0,76,2,Marketing
user_enterprise_166,770,1,7,7.5,13,791.3,0,0,0,0,0.79,0,87,1,Finance
user_enterprise_167,744,27,0,0.0,12,4124.22,0,0,1,0,0.73,0,77,2,SaaS
user_enterprise_168,699,7,13,16.2,22,7518.41,0,0,0,0,0.68,0,94,0,SaaS
user_enterprise_169,314,3,18,15.6,9,2415.46,0,0,1,0,0.67,0,91,0,Education
user_enterprise_170,1174,44,1,1.0,32,15143.1,0,0,1,0,0.67,0,69,3,E-commerce
user_enterprise_171,800,12,20,50.2,21,6867.88,0,1,3,0,0.74,0,84,1,SaaS
user_enterprise_172,981,6,21,14.3,28,4611.43,0,1,4,0,0.85,0,100,0,SaaS
user_enterprise_173,477,32,2,2.7,7,605.18,0,0,1,0,0.86,0,100,0,Education
user_enterprise_174,505,6,18,37.4,12,1752.97,0,0,0,0,0.69,0,76,2,SaaS
user_enterprise_175,557,0,11,13.4,13,5275.73,0,3,1,0,0.76,0,64,3,Finance
user_enterprise_176,443,4,9,15.3,9,3437.91,0,0,0,0,0.74,0,83,1,Marketing
user_enterprise_177,672,49,0,0.0,19,3443.13,2,0,2,0,0.76,0,76,2,Marketing
user_enterprise_178,562,18,3,5.6,16,5201.8,0,0,2,0,1.0,0,75,2,Marketing
user_enterprise_179,623,6,9,15.4,14,754.11,0,1,0,0,0.71,0,92,0,SaaS
user_enterprise_180,1216,9,27,33.5,39,17082.02,1,0,0,0,0.82,0,80,2,SaaS
user_enterprise_181,807,31,0,0.0,13,4766.38,0,2,0,0,0.84,0,99,0,SaaS
user_enterprise_182,1026,13,24,59.3,32,9719.87,0,0,3,0,0.8,0,64,3,SaaS
user_enterprise_183,819,15,1,2.6,21,8596.14,0,0,0,0,0.72,0,92,0,Marketing
user_enterprise_184,498,7,13,7.7,13,2480.5,0,0,0,0,0.83,0,73,2,Education
user_enterprise_185,710,1,21,54.8,13,4360.13,0,1,0,0,0.74,0,93,0,E-commerce
user_enterprise_186,1033,8,12,23.9,27,2412.33,0,0,1,0,0.92,0,53,4,SaaS
user_enterprise_187,685,58,4,11.2,19,8423.96,0,0,0,0,0.91,0,86,1,E-commerce
user_enterprise_188,821,12,5,10.6,17,3226.54,0,0,1,0,0.8,0,75,2,E-commerce
user_enterprise_189,814,11,14,28.8,26,4972.66,0,0,1,0,0.93,0,68,3,Marketing
user_enterprise_190,540,3,6,10.5,15,6324.83,0,0,0,0,0.83,0,62,3,Marketing
user_enterprise_191,822,1,22,13.4,23,9860.08,0,0,1,0,0.8,0,67,3,Education
user_enterprise_192,912,21,3,2.0,24,3728.61,0,1,0,0,0.76,0,62,3,Education
user_enterprise_193,689,13,26,66.5,17,2767.71,0,0,1,0,0.68,0,60,4,Finance
user_enterprise_194,943,8,27,23.8,27,4143.04,0,0,0,0,0.7,0,100,0,Education
user_enterprise_195,399,8,10,27.1,12,5665.63,0,0,2,0,0.67,0,65,3,SaaS
user_enterprise_196,609,13,27,71.6,10,4586.45,0,2,4,1,0.76,0,71,2,Education
user_enterprise_197,736,13,9,9.4,19,2954.52,0,0,0,0,0.76,0,100,0,Education
user_enterprise_198,821,41,1,0.7,24,1208.88,0,0,1,0,0.69,0,85,1,E-commerce
user_enterprise_199,745,0,6,4.7,17,1303.54,0,1,4,3,0.8,0,84,1,Finance
user_enterprise_200,807,6,26,16.8,25,6203.87,0,0,0,0,0.82,0,78,2,Finance
user_enterprise_201,871,13,25,46.1,25,6784.8,0,0,0,0,0.8,0,76,2,Finance
user_enterprise_202,560,7,14,18.7,11,1271.08,0,0,0,0,0.83,0,80,2,Finance
user_enterprise_203,936,40,2,5.7,26,10263.72,0,2,0,0,0.78,0,87,1,Education
user_enterprise_204,599,1,18,40.0,15,4748.97,0,0,1,0,1.0,0,57,4,E-commerce
user_enterprise_205,657,5,11,18.2,12,4509.41,0,0,0,0,0.81,0,91,0,Marketing
user_enterprise_206,758,4,14,22.6,14,1209.68,0,1,0,0,0.97,0,72,2,SaaS
user_enterprise_207,851,13,8,18.8,22,8284.5,0,0,0,0,0.82,0,70,3,E-commerce
user_enterprise_208,686,8,11,11.8,19,5622.49,0,0,0,0,0.72,0,95,0,Finance
user_enterprise_209,900,3,12,14.5,28,4695.25,0,0,7,1,0.74,0,65,3,SaaS
user_enterprise_210,717,25,0,0.0,22,10692.68,0,0,0,0,0.68,0,62,3,SaaS
user_enterprise_211,217,13,18,42.0,5,1889.79,0,0,0,0,0.78,0,76,2,SaaS
user_enterprise_212,1024,12,15,21.8,31,9199.51,0,0,1,0,0.77,0,46,5,SaaS
user_enterprise_213,622,12,26,68.5,15,3928.39,0,0,0,0,0.81,0,98,0,SaaS
user_enterprise_214,486,13,27,80.1,9,884.66,0,0,0,0,0.7,0,90,1,Education
user_enterprise_215,440,19,4,6.9,11,5449.22,0,0,1,0,0.77,0,77,2,Education
user_enterprise_216,563,0,16,25.7,10,2526.84,0,0,1,0,0.79,0,68,3,Finance
user_enterprise_217,822,57,4,5.7,22,7012.32,0,1,0,0,0.96,0,90,1,Finance
user_enterprise_218,502,12,9,21.8,15,5145.45,0,1,0,0,0.81,0,59,4,Marketing
user_enterprise_219,631,0,15,43.9,16,1743.51,0,0,0,0,0.87,0,96,0,Education
user_enterprise_220,712,13,29,54.6,19,9360.26,0,0,0,0,0.88,0,75,2,SaaS
user_enterprise_221,945,2,18,31.3,28,8737.92,0,0,0,0,0.88,0,93,0,Finance
user_enterprise_222,338,5,25,67.2,10,4269.09,0,0,0,0,0.63,0,100,0,SaaS
user_enterprise_223,791,2,27,74.1,21,3846.58,0,0,0,0,0.73,0,78,2,Education
user_enterprise_224,519,6,29,67.8,16,7990.77,0,0,1,0,0.84,0,98,0,SaaS
user_enterprise_225,650,1,23,19.2,13,5991.52,0,3,0,0,0.71,0,83,1,Finance
user_enterprise_226,774,1,20,52.8,16,6090.76,1,0,1,0,0.81,0,73,2,Finance
user_enterprise_227,579,11,17,22.4,18,2527.26,0,0,0,0,0.84,0,88,1,E-commerce
user_enterprise_228,713,11,17,29.9,20,4877.79,0,0,0,0,0.84,0,79,2,E-commerce
user_enterprise_229,503,12,15,30.5,13,1402.13,0,0,1,0,0.68,0,76,2,E-commerce
user_enterprise_230,586,11,28,57.4,17,6643.85,0,0,0,0,0.8,0,71,2,Marketing
user_enterprise_231,722,4,5,6.2,13,5989.1,0,0,0,0,0.91,0,85,1,SaaS
user_enterprise_232,878,10,13,29.5,23,10558.93,0,0,2,0,0.96,0,100,0,E-commerce
user_enterprise_233,798,4,15,14.8,15,4819.83,0,0,3,2,0.92,0,84,1,E-commerce
user_enterprise_234,349,55,1,1.6,10,1963.23,0,1,4,0,0.71,0,85,1,Education
user_enterprise_235,980,10,14,8.7,29,10615.03,0,0,2,0,0.75,0,70,3,Finance
user_enterprise_236,937,51,4,10.5,29,14490.37,0,1,3,2,0.86,0,87,1,Education
user_enterprise_237,330,5,7,20.8,6,2974.38,1,0,1,0,0.84,0,99,0,Marketing
user_enterprise_238,750,52,3,1.5,20,9319.16,0,0,0,0,0.71,0,32,6,E-commerce
user_enterprise_239,373,8,29,60.5,10,1158.89,0,4,1,0,0.81,0,82,1,Marketing
user_enterprise_240,817,13,23,22.7,22,9181.12,0,0,0,0,0.77,0,57,4,E-commerce
user_enterprise_241,787,11,24,51.8,18,2718.22,0,0,2,0,0.71,0,65,3,E-commerce
user_enterprise_242,652,56,3,2.6,11,2365.86,0,0,1,0,0.75,0,62,3,Education
user_enterprise_243,764,29,1,2.1,20,2494.37,0,0,0,0,0.65,0,79,2,Education
user_enterprise_244,952,50,3,8.4,16,2920.41,0,1,0,0,0.74,0,59,4,Education
user_enterprise_245,696,12,18,11.2,15,4174.54,0,0,2,0,0.75,0,72,2,Finance
user_enterprise_246,418,8,16,16.6,9,3346.39,0,0,1,0,0.84,0,84,1,Education
user_enterprise_247,1031,0,19,39.0,17,906.54,0,0,0,0,0.75,0,55,4,E-commerce
user_enterprise_248,651,56,0,0.0,10,4021.76,0,7,1,0,0.73,0,75,2,Marketing
user_enterprise_249,210,5,24,70.9,6,449.49,0,0,1,0,0.66,0,91,0,E-commerce
user_enterprise_250,933,10,13,34.9,20,3130.71,0,1,0,0,0.83,0,74,2,E-commerce
user_enterprise_251,541,9,29,58.5,17,3378.0,0,1,0,0,0.73,0,79,2,SaaS
user_enterprise_252,530,5,27,58.5,8,2303.7,0,0,1,0,0.96,0,100,0,Finance
user_enterprise_253,1038,38,4,5.5,31,12093.85,0,0,0,0,0.86,0,68,3,Finance
user_enterprise_254,530,10,21,35.7,16,5318.74,0,0,0,0,0.77,0,100,0,Education
user_enterprise_255,762,1,19,42.2,16,1272.42,0,0,0,0,0.95,0,66,3,E-commerce
user_enterprise_256,576,1,6,3.2,9,4381.49,1,0,0,0,1.0,0,70,3,E-commerce
user_enterprise_257,708,3,21,62.5,22,4754.4,1,0,0,0,0.69,0,54,4,Finance
user_enterprise_258,599,4,6,4.8,10,2169.59,0,0,1,0,0.71,0,84,1,Marketing
user_enterprise_259,515,0,18,10.8,16,3802.98,0,0,1,0,0.79,0,74,2,Marketing
user_enterprise_260,1010,4,6,5.7,28,5340.35,0,0,1,0,0.82,0,82,1,Marketing
user_enterprise_261,456,11,24,14.4,10,2156.67,0,1,4,0,0.95,0,88,1,E-commerce
user_enterprise_262,612,12,8,19.7,17,5909.9,0,0,0,0,0.9,0,100,0,SaaS
user_enterprise_263,671,3,15,26.3,13,3158.45,0,0,0,0,0.76,0,57,4,Marketing
user_enterprise_264,1099,9,25,54.8,27,11744.59,0,0,0,0,0.76,0,98,0,E-commerce
user_enterprise_265,937,11,16,47.9,16,5486.72,0,0,0,0,0.88,0,100,0,E-commerce
user_enterprise_266,618,42,2,3.2,16,7529.2,0,2,0,0,0.81,0,92,0,SaaS
user_enterprise_267,735,16,2,4.6,14,3207.64,0,3,0,0,0.98,0,68,3,E-commerce
user_enterprise_268,569,5,12,20.7,10,4444.28,0,1,3,0,0.97,0,73,2,SaaS
user_enterprise_269,453,8,25,65.7,10,3158.46,0,0,0,0,0.88,0,95,0,SaaS
user_enterprise_270,731,9,19,42.6,17,7154.73,0,0,1,0,0.88,0,88,1,Marketing
user_enterprise_271,479,12,5,11.0,9,2147.88,0,0,0,0,0.71,0,78,2,Finance
user_enterprise_272,499,35,1,2.9,14,6911.04,0,0,3,1,0.66,0,72,2,E-commerce
user_enterprise_273,938,4,27,23.8,16,3540.86,0,2,0,0,0.78,0,100,0,E-commerce
user_enterprise_274,751,8,19,46.1,12,2107.87,0,0,1,0,0.86,0,81,1,Finance
user_enterprise_275,1025,46,3,3.9,31,3649.47,0,0,1,0,0.82,0,100,0,SaaS
user_enterprise_276,808,0,11,24.7,18,3759.14,0,0,0,0,0.76,0,89,1,SaaS
user_enterprise_277,973,0,16,44.4,24,4043.79,0,0,0,0,0.72,0,85,1,SaaS
user_enterprise_278,892,3,29,85.0,23,5338.24,0,0,0,0,0.84,0,61,3,SaaS
user_enterprise_279,544,31,0,0.0,14,1743.26,0,0,1,0,0.81,0,93,0,Finance
user_enterprise_280,533,0,9,15.6,15,2980.89,1,0,0,0,0.73,0,63,3,Education
user_enterprise_281,546,49,2,5.9,17,8145.6,0,0,0,0,0.76,0,98,0,Marketing
user_enterprise_282,957,11,15,38.2,21,1657.13,0,0,0,0,0.77,0,82,1,E-commerce
user_enterprise_283,971,13,11,26.0,27,2613.25,0,2,2,0,0.81,0,86,1,Marketing
user_enterprise_284,536,6,25,69.0,10,2837.15,0,0,0,0,0.79,0,78,2,Marketing
user_enterprise_285,704,11,19,51.0,13,820.92,0,0,0,0,0.77,0,86,1,Education
user_enterprise_286,482,5,17,20.8,12,2981.39,0,0,5,0,0.69,0,87,1,E-commerce
user_enterprise_287,867,4,21,54.0,22,6821.62,0,0,0,0,0.82,0,82,1,Marketing
user_enterprise_288,397,11,12,10.3,12,1229.12,0,0,1,0,0.8,0,86,1,Finance
user_enterprise_289,810,9,24,54.7,26,6742.61,0,0,0,0,0.85,0,67,3,SaaS
user_enterprise_290,595,8,11,10.6,12,1511.83,0,0,3,0,0.91,0,71,2,Education
user_enterprise_291,569,55,3,8.5,16,2926.45,0,0,0,0,0.65,0,72,2,Education
user_enterprise_292,958,12,7,20.2,26,9841.63,0,0,0,0,0.9,0,69,3,Marketing
user_enterprise_293,686,33,0,0.0,11,3103.24,0,0,2,0,0.69,0,87,1,E-commerce
user_enterprise_294,694,5,28,72.0,13,3178.29,0,1,0,0,0.81,0,90,1,Marketing
user_enterprise_295,827,8,15,12.2,14,6184.67,0,0,0,0,0.54,0,97,0,Marketing
user_enterprise_296,578,21,2,2.7,17,3370.04,0,0,0,0,0.77,0,72,2,Marketing
user_enterprise_297,916,9,22,48.3,23,8671.6,0,0,1,0,0.78,0,85,1,Education
user_enterprise_298,842,58,0,0.0,18,6962.43,0,0,1,0,0.81,0,100,0,Marketing
user_enterprise_299,798,33,4,11.2,14,5307.19,0,0,0,0,0.69,0,79,2,Education
user_enterprise_300,779,12,9,21.9,18,4885.06,0,0,0,0,0.82,0,65,3,E-commerce
user_enterprise_301,514,6,9,10.4,13,3667.37,0,1,0,0,0.77,0,78,2,SaaS
user_enterprise_302,607,1,17,50.6,10,2159.95,0,0,0,0,0.82,0,82,1,Finance
user_enterprise_303,655,2,29,44.1,18,4191.53,0,0,1,0,0.88,0,81,1,E-commerce
user_enterprise_304,577,2,28,79.3,10,4682.25,0,0,2,0,0.89,0,93,0,Education
user_enterprise_305,510,9,14,29.1,8,1751.18,0,0,1,0,0.8,0,92,0,SaaS
user_enterprise_306,659,11,20,27.3,12,1624.24,0,0,0,0,0.88,0,49,5,Marketing
user_enterprise_307,729,5,16,8.1,23,10459.52,0,0,1,0,0.95,0,96,0,Finance
user_enterprise_308,286,6,17,9.1,7,3493.18,0,0,0,0,0.88,0,87,1,SaaS
user_enterprise_309,372,56,2,3.8,8,2216.79,0,0,1,0,0.75,0,70,3,E-commerce
user_enterprise_310,767,5,8,21.0,19,5492.66,0,0,1,0,0.82,0,100,0,E-commerce
user_enterprise_311,835,9,25,30.4,26,7202.62,0,0,1,0,0.96,0,63,3,Education
user_enterprise_312,528,5,23,47.1,8,665.01,0,0,0,0,0.93,0,50,5,Education
user_enterprise_313,675,5,27,50.1,13,2319.15,0,0,1,0,0.83,0,67,3,Education
user_enterprise_314,925,29,4,4.0,28,4235.99,0,0,0,0,0.74,0,93,0,E-commerce
user_enterprise_315,654,8,29,80.3,15,6632.92,1,0,2,0,0.78,0,77,2,E-commerce
user_enterprise_316,244,8,19,43.4,5,294.94,0,0,3,1,0.86,0,92,0,Education
user_enterprise_317,645,5,29,22.6,16,3492.25,0,0,2,0,0.79,0,82,1,E-commerce
user_enterprise_318,1008,50,1,1.7,17,5103.14,0,0,0,0,0.83,0,73,2,E-commerce
user_enterprise_319,491,12,26,24.7,8,1910.35,0,1,1,0,0.76,0,82,1,SaaS
user_enterprise_320,751,2,15,28.3,20,2576.79,0,0,1,0,0.87,0,100,0,E-commerce
user_enterprise_321,876,6,17,39.3,24,3883.47,0,3,0,0,0.79,0,81,1,E-commerce
user_enterprise_322,592,13,17,9.3,12,727.38,1,0,2,0,0.83,0,74,2,Marketing
user_enterprise_323,409,4,17,39.8,11,3977.74,0,3,0,0,0.68,0,69,3,Marketing
user_enterprise_324,541,9,26,72.6,11,1098.9,0,0,1,0,0.66,0,80,2,Marketing
user_enterprise_325,306,12,25,29.4,7,1768.08,0,4,1,0,0.84,0,76,2,SaaS
user_enterprise_326,457,5,24,66.1,11,4891.97,0,0,0,0,0.8,0,70,3,Marketing
user_enterprise_327,676,12,23,23.2,20,4443.13,0,0,2,0,0.74,0,91,0,Marketing
user_enterprise_328,761,8,22,17.9,23,8548.16,0,0,1,0,0.8,0,76,2,SaaS
user_enterprise_329,629,13,18,20.1,15,5071.89,0,1,0,0,0.66,0,98,0,SaaS
user_enterprise_330,1035,10,17,40.6,25,3655.6,0,0,1,0,0.85,0,66,3,E-commerce
user_enterprise_331,708,6,26,19.4,19,8306.03,0,1,1,0,0.81,0,100,0,SaaS
user_enterprise_332,842,0,18,35.8,24,11204.96,0,0,0,0,0.88,0,86,1,E-commerce
user_enterprise_333,593,2,24,29.0,17,1676.96,0,0,1,0,0.78,0,91,0,SaaS
user_enterprise_334,794,13,19,35.5,15,2993.78,0,0,4,1,0.83,0,78,2,SaaS
user_enterprise_335,850,13,6,10.0,24,5954.74,0,4,0,0,0.79,0,77,2,Education
user_enterprise_336,578,5,11,13.0,15,1764.9,1,0,0,0,0.79,0,71,2,E-commerce
user_enterprise_337,763,12,17,50.5,21,2424.73,0,0,0,0,0.8,0,74,2,SaaS
user_enterprise_338,349,0,10,23.7,9,1307.7,0,2,1,0,0.62,0,73,2,SaaS
user_enterprise_339,760,10,21,16.8,15,3525.81,1,1,1,0,0.69,0,87,1,Education
user_enterprise_340,783,11,22,28.1,16,6105.79,0,0,1,0,0.79,0,100,0,Marketing
user_enterprise_341,737,13,19,31.4,19,2690.59,1,0,1,0,0.65,0,61,3,Marketing
user_enterprise_342,970,58,4,11.2,23,8902.24,0,0,0,0,0.72,0,76,2,Education
user_enterprise_343,737,9,7,16.3,18,7784.9,0,0,0,0,0.69,0,76,2,SaaS
user_enterprise_344,819,13,16,11.0,14,3648.85,0,1,0,0,0.74,0,83,1,E-commerce
user_enterprise_345,646,10,18,24.9,11,5093.25,0,1,0,0,0.79,0,75,2,E-commerce
user_enterprise_346,970,23,3,2.8,28,7330.5,0,1,0,0,0.7,0,54,4,Marketing
user_enterprise_347,676,5,9,15.6,17,6855.85,1,0,5,0,0.71,0,93,0,SaaS
user_enterprise_348,894,9,23,49.8,24,11438.7,1,0,1,0,0.83,0,55,4,SaaS
user_enterprise_349,425,40,1,1.6,9,1349.93,0,0,2,0,0.79,0,67,3,Finance
user_enterprise_350,784,37,1,1.6,13,4345.16,0,0,0,0,0.74,0,96,0,Marketing
user_enterprise_351,857,43,3,3.0,15,4665.77,0,0,1,0,0.74,0,79,2,Education
user_enterprise_352,772,8,7,11.4,21,7580.24,2,0,1,0,0.7,0,65,3,E-commerce
user_enterprise_353,488,1,5,3.0,12,5668.51,0,1,1,0,0.67,0,93,0,Education
user_enterprise_354,974,11,13,38.7,31,10337.39,0,0,0,0,0.88,0,81,1,SaaS
user_enterprise_355,731,5,9,7.9,19,7419.68,0,0,1,0,0.69,0,74,2,Marketing
user_enterprise_356,670,11,25,50.9,19,2290.64,1,0,0,0,0.82,0,74,2,E-commerce
user_enterprise_357,431,7,29,20.7,10,1887.12,0,0,1,0,0.81,0,76,2,E-commerce
user_enterprise_358,572,2,18,48.5,9,2227.54,0,0,1,0,0.82,0,47,5,Finance
user_enterprise_359,539,46,0,0.0,13,5934.23,0,1,1,0,0.72,0,73,2,SaaS
user_enterprise_360,760,15,0,0.0,19,2623.27,0,0,1,0,0.71,0,60,4,SaaS
user_enterprise_361,516,7,19,30.6,9,2366.71,0,0,1,0,0.74,0,83,1,Finance
user_enterprise_362,903,6,18,21.2,25,3371.85,0,0,0,0,0.54,0,86,1,Marketing
user_enterprise_363,932,7,28,42.7,23,9528.98,0,4,0,0,0.81,0,74,2,Education
user_enterprise_364,369,0,20,36.6,7,2799.41,0,1,0,0,0.86,0,71,2,E-commerce
user_enterprise_365,1077,8,28,60.7,21,6192.58,0,0,0,0,0.74,0,60,4,Education
user_enterprise_366,627,9,19,21.9,13,5189.02,0,0,0,0,0.62,0,74,2,SaaS
user_enterprise_367,800,7,11,10.7,20,8656.79,0,0,8,1,0.64,0,90,1,SaaS
user_enterprise_368,709,1,15,20.6,21,9066.11,0,2,1,0,0.93,0,48,5,Marketing
user_enterprise_369,428,12,18,29.4,9,1032.74,0,1,0,0,0.9,0,65,3,Education
user_enterprise_370,658,31,2,3.1,10,4869.31,0,1,1,0,0.65,0,90,1,SaaS
user_enterprise_371,759,2,25,25.1,18,2239.48,0,0,5,2,0.89,0,63,3,Marketing
user_enterprise_372,632,2,24,15.1,15,6002.2,0,0,1,0,0.78,0,59,4,SaaS
user_enterprise_373,464,8,26,25.2,10,3995.77,0,1,3,2,0.82,0,85,1,SaaS
user_enterprise_374,581,7,23,60.2,12,4596.17,0,1,1,0,0.82,0,83,1,Marketing
user_enterprise_375,619,12,24,58.0,14,1058.41,0,2,1,0,1.0,0,88,1,Education
user_enterprise_376,600,10,6,6.9,17,2612.74,1,0,0,0,0.79,0,97,0,Marketing
user_enterprise_377,871,0,10,27.4,17,1691.52,0,1,0,0,1.0,0,93,0,Education
user_enterprise_378,953,8,23,59.4,18,6433.59,0,0,1,0,0.88,0,100,0,Marketing
user_enterprise_379,596,33,3,5.3,13,2443.66,1,0,2,0,0.98,0,67,3,Finance
user_enterprise_380,891,59,3,6.8,24,1762.22,0,0,5,1,1.0,0,100,0,E-commerce
user_enterprise_381,450,5,23,15.1,13,2621.75,0,0,1,0,0.89,0,58,4,E-commerce
user_enterprise_382,879,4,27,60.8,14,4652.55,0,0,0,0,0.74,0,75,2,Finance
user_enterprise_383,820,5,29,23.8,16,4291.08,0,1,1,0,0.79,0,91,0,Marketing
user_enterprise_384,714,41,0,0.0,21,5074.47,0,0,2,0,0.67,0,78,2,Education
user_enterprise_385,725,1,7,7.0,18,6195.21,0,0,1,0,0.85,0,72,2,E-commerce
user_enterprise_386,505,54,0,0.0,13,1632.88,0,0,0,0,0.91,0,74,2,Education
user_enterprise_387,971,8,28,58.7,17,3674.92,0,0,1,0,0.96,0,83,1,Marketing
user_enterprise_388,898,24,2,2.9,24,7123.0,0,0,1,0,0.7,0,88,1,E-commerce
user_enterprise_389,855,5,24,49.8,23,5902.43,0,2,4,1,0.67,0,81,1,Education
user_enterprise_390,494,12,15,36.2,8,3958.67,0,0,0,0,0.8,0,33,6,Finance
user_enterprise_391,929,7,16,44.0,17,4071.48,0,0,0,0,0.75,0,77,2,Finance
user_enterprise_392,1029,4,28,78.6,17,1330.72,0,0,1,0,0.68,0,90,1,E-commerce
user_enterprise_393,793,4,12,28.2,25,9250.12,1,0,0,0,0.92,0,64,3,Finance
user_enterprise_394,600,53,4,8.6,17,5420.12,0,0,2,0,0.82,0,93,0,Finance
user_enterprise_395,733,6,22,48.8,23,8631.98,0,0,1,0,0.81,0,61,3,Finance
user_enterprise_396,774,7,11,31.3,22,8080.53,1,0,3,1,0.88,0,74,2,Finance
user_enterprise_397,296,22,3,1.9,5,1890.93,0,0,1,0,0.72,0,79,2,Marketing
user_enterprise_398,377,13,10,11.0,7,2748.56,0,0,0,0,0.85,0,74,2,Marketing
user_enterprise_399,716,5,23,50.6,22,10714.7,0,0,0,0,0.8,0,81,1,E-commerce
user_enterprise_400,727,7,14,18.3,23,5403.26,0,0,0,0,0.89,0,63,3,Finance
user_enterprise_401,708,28,3,7.6,20,7142.82,1,0,0,0,0.93,0,53,4,Finance
user_enterprise_402,631,9,16,29.2,15,5509.46,0,0,1,0,0.88,0,99,0,SaaS
user_enterprise_403,883,17,4,10.6,25,11377.8,0,0,3,1,0.78,0,83,1,Finance
user_enterprise_404,832,3,12,28.2,19,4117.93,0,0,1,0,0.73,0,80,2,E-commerce
user_enterprise_405,406,13,5,10.1,11,650.8,0,0,1,0,0.88,0,62,3,Marketing
user_enterprise_406,663,12,9,10.3,13,1012.85,0,1,2,0,0.87,0,100,0,Finance
user_enterprise_407,409,12,13,27.0,8,3826.21,0,1,0,0,0.85,0,98,0,E-commerce
user_enterprise_408,408,22,3,2.5,7,451.32,0,0,0,0,0.78,0,86,1,Education
user_enterprise_409,783,9,24,52.8,20,5072.54,0,0,0,0,0.87,0,82,1,Finance
user_enterprise_410,934,4,12,25.6,21,5831.53,0,0,0,0,0.68,0,92,0,SaaS
user_enterprise_411,505,3,21,37.0,12,3088.7,0,0,0,0,0.8,0,88,1,SaaS
user_enterprise_412,497,5,29,62.1,12,5692.22,0,0,0,0,0.82,0,72,2,SaaS
user_enterprise_413,394,43,2,4.1,9,725.14,2,0,4,2,0.69,0,61,3,Marketing
user_enterprise_414,584,1,24,44.7,17,2598.56,0,0,0,0,0.78,0,83,1,SaaS
user_enterprise_415,535,11,27,51.3,10,3139.45,0,0,0,0,0.79,0,63,3,Finance
user_enterprise_416,681,1,17,20.0,21,5814.74,0,0,0,0,0.71,0,49,5,Marketing
user_enterprise_417,458,4,7,13.9,7,2222.84,0,1,3,0,0.74,0,89,1,Marketing
user_enterprise_418,742,17,2,4.1,16,2660.83,0,0,5,0,0.82,0,67,3,E-commerce
user_enterprise_419,803,7,5,10.1,25,6817.06,0,3,0,0,0.86,0,70,3,SaaS
user_enterprise_420,729,3,19,17.7,22,9032.67,0,0,0,0,0.74,0,74,2,Education
user_enterprise_421,1029,6,11,9.2,22,9710.38,0,0,0,0,0.9,0,77,2,Marketing
user_enterprise_422,800,7,14,17.3,19,4237.66,2,0,0,0,0.84,0,60,4,SaaS
user_enterprise_423,424,4,23,53.2,13,3943.1,0,0,0,0,0.8,0,60,4,SaaS
user_enterprise_424,573,8,8,4.4,15,5693.85,0,0,1,0,1.0,0,82,1,SaaS
user_enterprise_425,845,0,29,75.2,25,7818.12,0,0,1,0,0.65,0,50,5,Education
user_enterprise_426,814,3,23,29.9,23,7560.14,0,4,0,0,0.73,0,96,0,E-commerce
user_enterprise_427,481,48,3,8.0,12,5805.49,0,0,5,0,0.86,0,61,3,E-commerce
user_enterprise_428,651,5,22,18.4,18,1916.12,0,1,6,0,0.8,0,64,3,Finance
user_enterprise_429,348,9,27,48.8,10,4545.17,0,1,4,1,0.87,0,79,2,Finance
user_enterprise_430,915,8,20,56.5,23,2496.29,0,0,2,0,0.74,0,63,3,SaaS
user_enterprise_431,493,1,7,16.6,13,4409.74,0,3,1,0,0.87,0,86,1,SaaS
user_enterprise_432,566,13,25,56.3,13,2070.46,0,0,0,0,0.66,0,64,3,E-commerce
user_enterprise_433,963,0,16,10.3,28,8477.62,0,0,1,0,0.61,0,71,2,Finance
user_enterprise_434,985,0,21,23.6,20,2822.15,0,3,0,0,0.57,0,99,0,Marketing
user_enterprise_435,771,2,16,14.6,21,1083.36,0,0,0,0,0.69,0,91,0,SaaS
user_enterprise_436,183,5,11,26.1,4,1087.57,0,0,3,1,0.87,0,69,3,SaaS
user_enterprise_437,452,9,13,8.0,13,1183.61,0,0,3,3,0.82,0,51,4,Education
user_enterprise_438,701,1,29,69.6,21,7239.3,0,0,0,0,0.91,0,82,1,Education
user_enterprise_439,692,7,24,29.7,18,5944.12,0,0,0,0,0.76,0,71,2,SaaS
user_enterprise_440,580,4,25,38.6,14,2529.31,0,0,3,1,0.65,0,71,2,E-commerce
user_enterprise_441,917,5,8,10.0,28,1898.25,0,0,3,1,0.71,0,57,4,SaaS
user_enterprise_442,854,6,13,28.5,21,3157.6,0,0,1,0,0.78,0,97,0,E-commerce
user_enterprise_443,687,6,5,13.8,16,3515.02,0,0,0,0,0.72,0,57,4,Finance
user_enterprise_444,818,43,3,1.7,18,6219.69,0,0,0,0,0.74,0,83,1,E-commerce
user_enterprise_445,678,39,0,0.0,20,7207.12,0,0,1,0,0.73,0,80,2,SaaS
user_enterprise_446,1030,6,19,31.4,28,2637.69,0,1,6,1,0.73,0,81,1,Education
user_enterprise_447,903,40,2,1.5,29,4696.68,0,0,0,0,0.88,0,75,2,Finance
user_enterprise_448,584,12,23,18.7,11,1406.07,0,0,3,1,0.8,0,84,1,Education
user_enterprise_449,742,0,7,18.2,21,10264.45,0,0,1,0,0.83,0,100,0,SaaS
user_enterprise_450,906,15,3,4.8,29,2993.41,0,0,0,0,0.83,0,73,2,Marketing
user_enterprise_451,1060,8,9,12.1,29,4442.76,0,1,0,0,0.66,0,100,0,Finance
user_enterprise_452,1042,10,27,75.5,29,4313.78,0,1,3,0,0.83,0,74,2,Education
user_enterprise_453,1063,11,26,40.8,25,12065.39,0,0,1,0,0.75,0,71,2,E-commerce
user_enterprise_454,1008,48,3,7.8,27,11624.87,1,0,0,0,0.84,0,74,2,Finance
user_enterprise_455,557,31,2,1.0,12,712.01,0,0,1,0,0.92,0,82,1,E-commerce
user_enterprise_456,419,6,29,73.6,12,3970.86,0,0,2,0,0.86,0,100,0,Education
user_enterprise_457,442,19,1,0.9,13,2485.88,0,0,0,0,0.77,0,89,1,E-commerce
user_enterprise_458,865,13,8,9.4,27,3105.74,0,0,1,0,0.94,0,100,0,Marketing
user_enterprise_459,466,17,3,2.2,10,1655.07,0,0,0,0,0.78,0,54,4,Education
user_enterprise_460,513,10,5,5.8,9,2058.94,1,3,1,0,0.86,0,100,0,Education
user_enterprise_461,740,55,2,1.7,16,2919.81,0,0,2,0,0.75,0,75,2,Education
user_enterprise_462,538,5,5,13.6,13,3441.94,0,1,2,0,0.67,0,78,2,Education
user_enterprise_463,241,1,29,84.7,7,1183.05,0,1,0,0,0.76,0,84,1,E-commerce
user_enterprise_464,956,1,5,10.0,20,2695.04,0,2,0,0,0.63,0,74,2,SaaS
user_enterprise_465,661,21,4,7.2,12,1466.93,0,3,2,0,0.86,0,88,1,Education
user_enterprise_466,937,12,25,56.1,23,6684.77,0,1,3,1,0.83,0,99,0,Education
user_enterprise_467,517,4,18,25.4,13,4146.88,0,0,3,2,0.79,0,95,0,Marketing
user_enterprise_468,624,0,22,12.9,11,2987.36,0,0,0,0,0.87,0,79,2,Finance
user_enterprise_469,755,8,24,61.4,13,2980.34,0,0,5,2,0.84,0,66,3,SaaS
user_enterprise_470,744,54,2,2.2,12,3828.85,0,0,0,0,0.88,0,73,2,Education
user_enterprise_471,975,0,18,53.9,20,9545.6,0,0,0,0,0.78,0,82,1,Education
user_enterprise_472,731,1,9,17.1,22,8483.81,0,0,0,0,0.74,0,72,2,SaaS
user_enterprise_473,326,17,4,4.6,9,3055.08,0,0,0,0,1.0,0,64,3,Education
user_enterprise_474,648,5,28,35.0,13,6441.63,0,0,0,0,0.67,0,65,3,Marketing
user_enterprise_475,763,13,14,35.6,16,2583.22,0,0,1,0,0.95,0,92,0,SaaS
user_enterprise_476,711,6,12,23.4,22,6331.46,0,0,0,0,0.58,0,78,2,Finance
user_enterprise_477,510,1,11,22.1,12,2345.78,0,0,1,0,0.92,0,84,1,SaaS
user_enterprise_478,937,1,22,18.7,16,1881.88,0,1,1,0,1.0,0,53,4,E-commerce
user_enterprise_479,483,9,19,45.1,15,2359.35,0,0,0,0,0.9,0,77,2,Education
user_enterprise_480,366,5,27,42.7,8,2712.32,0,1,0,0,0.74,0,100,0,Marketing
user_enterprise_481,541,5,26,18.0,16,4615.47,0,0,2,0,0.76,0,95,0,Marketing
user_enterprise_482,253,3,25,62.8,4,478.27,0,0,6,2,0.75,0,96,0,E-commerce
user_enterprise_483,1075,7,25,56.7,20,3921.68,0,0,0,0,0.78,0,86,1,SaaS
user_enterprise_484,571,35,1,1.0,13,2650.47,0,0,0,0,0.79,0,92,0,Marketing
user_enterprise_485,742,37,4,6.9,19,9002.59,0,0,1,0,0.66,0,67,3,SaaS
user_enterprise_486,673,6,7,4.1,13,3510.16,0,0,1,0,0.82,0,70,3,Finance
user_enterprise_487,642,6,22,23.6,20,4590.94,0,0,3,2,0.85,0,100,0,Education
user_enterprise_488,488,10,20,17.1,12,4379.79,0,0,0,0,0.77,0,98,0,SaaS
user_enterprise_489,685,0,25,41.1,19,5742.11,0,0,0,0,0.87,0,81,1,E-commerce
user_enterprise_490,689,7,19,40.0,15,6603.78,1,0,3,3,0.7,0,61,3,SaaS
user_enterprise_491,406,11,21,52.5,12,2847.89,0,0,1,0,0.98,0,78,2,Marketing
user_enterprise_492,239,12,18,37.3,5,465.67,0,3,5,2,0.84,0,78,2,Marketing
user_enterprise_493,428,0,28,50.6,8,1086.31,0,2,0,0,0.74,0,79,2,SaaS
user_enterprise_494,875,40,1,1.6,23,2804.7,1,0,1,0,0.75,0,100,0,Education
user_enterprise_495,836,12,24,32.0,22,1393.38,0,0,0,0,0.77,0,63,3,Finance
user_enterprise_496,483,1,17,45.8,9,4274.79,0,0,0,0,0.88,0,87,1,SaaS
user_enterprise_497,873,7,15,8.7,25,8459.57,0,3,2,0,0.73,0,90,1,SaaS
user_enterprise_498,846,55,3,4.2,24,7826.68,2,0,0,0,0.67,0,76,2,SaaS
user_enterprise_499,544,10,25,59.4,16,5571.8,0,0,1,0,0.79,0,45,5,SaaS
user_enterprise_500,595,40,0,0.0,15,794.19,0,0,0,0,0.91,0,68,3,Finance
user_enterprise_501,585,9,11,20.2,16,2401.21,0,0,0,0,0.64,0,70,3,Finance
user_enterprise_502,791,5,22,16.6,19,3187.05,0,0,0,0,0.86,0,90,1,Marketing
user_enterprise_503,731,43,0,0.0,16,4593.83,0,0,3,0,0.91,0,70,3,Finance
user_enterprise_504,611,0,29,51.4,15,5334.0,0,0,1,0,0.7,0,86,1,Education
user_enterprise_505,660,3,24,53.7,19,8529.69,0,0,0,0,0.78,0,80,2,SaaS
user_enterprise_506,531,4,14,30.9,8,801.34,0,0,0,0,0.71,0,73,2,Education
user_enterprise_507,565,48,2,3.9,9,3531.12,0,0,1,0,0.84,0,98,0,Finance
user_enterprise_508,787,18,1,1.0,22,6864.97,0,0,2,0,0.65,0,59,4,E-commerce
user_enterprise_509,429,5,16,27.0,11,4648.19,0,0,1,0,1.0,0,67,3,Education
user_enterprise_510,469,22,3,6.3,9,4114.62,0,0,0,0,0.71,0,100,0,Education
user_enterprise_511,871,12,26,72.2,19,2967.48,0,0,6,0,0.8,0,87,1,Marketing
user_enterprise_512,878,10,13,33.2,28,9238.51,0,0,0,0,0.79,0,77,2,Education
user_enterprise_513,815,7,10,9.8,23,6047.54,0,3,3,1,0.68,0,88,1,Education
user_enterprise_514,1001,1,11,19.8,16,5519.42,2,2,0,0,0.97,0,100,0,Marketing
user_enterprise_515,884,9,14,33.0,19,4542.52,1,0,0,0,0.71,0,100,0,E-commerce
user_enterprise_516,736,29,2,3.8,18,6584.98,0,0,3,0,0.79,0,81,1,Education
user_enterprise_517,430,11,5,11.8,7,3069.64,0,2,0,0,0.56,0,91,0,Education
user_enterprise_518,191,17,2,2.8,5,2138.46,0,0,0,0,0.72,0,82,1,SaaS
user_enterprise_519,851,37,3,4.5,19,6963.97,0,0,3,1,0.83,0,72,2,SaaS
user_enterprise_520,688,13,8,4.1,13,1983.01,0,2,1,0,0.78,0,62,3,Marketing
user_enterprise_521,692,8,5,11.8,12,1038.81,0,0,0,0,0.57,0,59,4,Education
user_enterprise_522,732,8,5,8.3,17,3850.03,0,0,1,0,0.79,0,78,2,Education
user_enterprise_523,554,47,2,1.7,12,4928.33,0,0,0,0,0.77,0,84,1,Finance
user_enterprise_524,816,12,27,57.4,16,2017.46,0,1,0,0,0.81,0,100,0,SaaS
user_enterprise_525,948,2,8,10.1,25,11054.12,0,1,2,0,0.85,0,77,2,SaaS
user_enterprise_526,893,1,9,11.1,20,1802.83,0,0,0,0,0.72,0,54,4,SaaS
user_enterprise_527,606,12,18,14.6,18,7069.06,0,0,1,0,0.7,0,57,4,E-commerce
user_enterprise_528,1010,5,13,13.0,22,6347.02,0,0,0,0,0.73,0,78,2,Marketing
user_enterprise_529,268,0,19,50.2,7,796.26,0,0,0,0,0.95,0,74,2,Education
user_enterprise_530,540,53,2,1.6,14,5759.41,0,0,1,0,0.91,0,75,2,Marketing
user_enterprise_531,628,11,20,20.2,19,4090.71,0,5,1,0,0.91,0,81,1,Education
user_enterprise_532,337,6,6,16.7,9,1988.53,0,0,0,0,0.97,0,98,0,Marketing
user_enterprise_533,494,57,1,3.0,15,5646.61,1,0,6,0,0.75,0,57,4,Finance
user_enterprise_534,586,10,11,21.9,12,2729.65,0,1,0,0,0.52,0,100,0,Finance
user_enterprise_535,691,2,23,24.3,18,2770.92,1,2,2,0,0.58,0,100,0,SaaS
user_enterprise_536,932,23,3,4.1,17,1677.54,0,0,0,0,0.76,0,91,0,E-commerce
user_enterprise_537,653,10,29,39.4,16,6856.8,1,1,0,0,1.0,0,78,2,SaaS
user_enterprise_538,575,12,17,30.3,12,3484.48,0,0,0,0,1.0,0,81,1,Education
user_enterprise_539,704,7,5,5.6,20,1812.73,0,0,0,0,0.81,0,57,4,Finance
user_enterprise_540,911,8,23,64.8,29,5243.0,0,1,2,0,0.92,0,74,2,Education
user_enterprise_541,548,32,1,3.0,16,4129.69,0,0,0,0,0.95,0,73,2,Finance
user_enterprise_542,683,4,10,13.3,15,3991.43,0,5,0,0,0.81,0,63,3,Marketing
user_enterprise_543,466,13,15,29.6,13,2688.6,0,0,1,0,1.0,0,72,2,Education
user_enterprise_544,652,13,20,15.3,19,6428.28,0,0,0,0,0.84,0,64,3,Marketing
user_enterprise_545,834,40,1,1.8,26,9673.54,0,1,1,0,0.8,0,86,1,Education
user_enterprise_546,558,45,4,4.0,15,7337.84,0,2,3,0,0.59,0,77,2,Marketing
user_enterprise_547,514,33,2,4.9,13,698.13,0,0,1,0,0.78,0,52,4,SaaS
user_enterprise_548,728,10,12,14.1,19,9060.66,1,0,1,0,0.79,0,91,0,E-commerce
user_enterprise_549,923,8,28,29.8,20,3953.55,0,0,1,0,0.92,0,91,0,Finance
user_enterprise_550,771,0,28,65.8,23,3248.94,0,0,0,0,0.84,0,97,0,SaaS
user_enterprise_551,733,3,19,34.3,12,4583.96,0,0,1,0,0.67,0,79,2,Education
user_enterprise_552,530,9,15,37.6,16,4633.05,0,3,0,0,0.86,0,100,0,E-commerce
user_enterprise_553,489,11,11,9.2,9,3936.78,0,0,2,0,0.88,0,52,4,Finance
user_enterprise_554,898,6,9,11.9,15,7266.92,0,0,4,0,0.69,0,86,1,SaaS
user_enterprise_555,703,1,23,52.6,21,1602.47,0,2,1,0,0.83,0,71,2,Education
user_enterprise_556,846,11,12,32.0,25,9500.83,0,0,1,0,0.71,0,82,1,Marketing
user_enterprise_557,805,2,13,8.3,24,9672.84,0,0,1,0,0.73,0,88,1,SaaS
user_enterprise_558,1026,13,7,4.2,22,8679.6,0,3,0,0,0.6,0,87,1,SaaS
user_enterprise_559,580,5,24,20.0,10,4787.17,0,0,2,0,0.71,0,53,4,E-commerce
user_enterprise_560,912,34,3,2.9,26,8923.05,0,2,3,0,0.88,0,67,3,SaaS
user_enterprise_561,974,6,19,19.8,23,11095.14,0,0,0,0,0.75,0,80,2,Marketing
user_enterprise_562,478,11,11,12.7,7,1092.71,0,0,2,0,0.86,0,99,0,SaaS
user_enterprise_563,763,44,3,5.8,18,6131.42,1,0,3,1,0.79,0,84,1,SaaS
user_enterprise_564,743,5,18,32.7,15,5910.4,0,0,5,1,0.92,0,100,0,SaaS
user_enterprise_565,1180,32,4,9.0,31,7753.65,1,0,0,0,0.93,0,79,2,E-commerce
user_enterprise_566,995,6,7,5.9,26,3323.18,0,0,0,0,0.77,0,72,2,SaaS
user_enterprise_567,550,8,8,18.8,16,1868.08,1,0,1,0,0.79,0,81,1,Education
user_enterprise_568,384,13,5,6.9,11,4557.89,1,0,0,0,0.63,0,70,3,E-commerce
user_enterprise_569,746,2,13,27.5,21,9121.61,0,0,1,0,0.79,0,71,2,Finance
user_enterprise_570,758,2,21,10.9,15,7438.12,0,0,0,0,0.7,0,54,4,Marketing
user_enterprise_571,595,9,19,47.4,11,1746.17,0,0,0,0,0.87,0,88,1,SaaS
user_enterprise_572,966,5,12,15.8,23,1200.18,0,0,0,0,0.91,0,84,1,Finance
user_enterprise_573,862,7,28,71.1,25,5814.91,1,0,1,0,0.8,0,100,0,Finance
user_enterprise_574,632,1,8,20.5,14,2079.29,0,0,1,0,0.63,0,79,2,Marketing
user_enterprise_575,414,10,16,32.6,12,3258.52,0,0,0,0,1.0,0,92,0,Education
user_enterprise_576,532,5,11,10.9,11,3709.01,0,0,0,0,1.0,0,62,3,E-commerce
user_enterprise_577,540,4,26,26.0,10,4714.98,0,0,0,0,0.79,0,76,2,E-commerce
user_enterprise_578,983,36,3,8.0,31,6974.0,0,0,0,0,0.77,0,79,2,Marketing
user_enterprise_579,863,10,11,14.1,19,8874.77,0,0,0,0,0.69,0,54,4,Marketing
user_enterprise_580,741,7,16,25.3,18,8564.02,0,4,1,0,0.98,0,88,1,Finance
user_enterprise_581,591,0,19,52.9,15,3761.96,0,0,1,0,0.95,0,92,0,Finance
user_enterprise_582,788,10,26,63.6,24,1830.03,0,0,1,0,0.71,0,72,2,SaaS
user_enterprise_583,570,24,3,1.6,18,8729.81,2,3,0,0,0.88,0,61,3,Education
user_enterprise_584,422,8,7,10.9,9,814.01,0,0,0,0,0.87,0,95,0,E-commerce
user_enterprise_585,521,2,17,40.4,9,3638.54,0,0,2,0,0.91,0,82,1,Marketing
user_enterprise_586,558,7,22,56.0,14,2687.75,0,3,0,0,0.66,0,77,2,Marketing
user_enterprise_587,637,20,3,3.8,17,5215.42,0,0,1,0,0.8,0,86,1,Marketing
user_enterprise_588,658,7,9,26.5,12,3819.24,0,0,1,0,0.74,0,81,1,SaaS
user_enterprise_589,1068,1,25,23.0,26,5102.58,0,1,0,0,0.74,0,80,2,Marketing
user_enterprise_590,476,2,16,44.3,10,713.96,0,1,1,0,0.75,0,63,3,Finance
user_enterprise_591,751,10,5,4.9,24,9618.77,0,3,1,0,0.66,0,100,0,Finance
user_enterprise_592,514,4,21,58.7,14,6868.57,0,0,0,0,0.74,0,89,1,Marketing
user_enterprise_593,741,3,10,13.2,12,3101.16,0,0,0,0,0.78,0,58,4,E-commerce
user_enterprise_594,643,37,3,2.5,14,1462.11,0,2,2,0,0.76,0,75,2,Marketing
user_enterprise_595,464,1,21,20.6,9,2573.92,0,0,0,0,0.72,0,81,1,E-commerce
user_enterprise_596,927,11,24,46.9,22,8580.86,0,1,2,0,0.8,0,86,1,E-commerce
user_enterprise_597,535,11,8,5.2,8,2569.84,0,1,0,0,0.67,0,83,1,Marketing
user_enterprise_598,961,54,0,0.0,17,3000.12,0,0,0,0,0.66,0,79,2,Finance
user_enterprise_599,893,31,3,6.4,17,7131.96,0,0,1,0,1.0,0,94,0,SaaS
user_enterprise_600,698,25,4,8.2,14,3964.27,0,0,0,0,0.7,0,77,2,Marketing
user_enterprise_601,765,7,18,38.0,24,11291.67,0,0,0,0,0.92,0,100,0,SaaS
user_enterprise_602,599,11,25,69.2,12,2530.62,0,0,3,2,0.88,0,89,1,Finance
user_enterprise_603,517,5,6,8.4,8,834.51,0,0,0,0,0.73,0,91,0,SaaS
user_enterprise_604,942,4,11,16.3,30,2986.02,1,0,0,0,0.64,0,77,2,SaaS
user_enterprise_605,620,27,4,6.8,19,5835.57,0,0,1,0,0.59,0,100,0,Finance
user_enterprise_606,418,11,24,71.7,7,2193.47,4,3,0,0,1.0,0,69,3,Education
user_enterprise_607,516,5,15,18.4,14,2474.76,0,4,0,0,0.69,0,92,0,Finance
user_enterprise_608,710,12,8,8.2,16,6216.5,1,0,2,0,0.84,0,68,3,SaaS
user_enterprise_609,901,26,3,5.2,22,7571.41,0,0,3,0,0.65,0,96,0,SaaS
user_enterprise_610,1009,12,7,11.5,20,2180.04,1,0,0,0,0.71,0,100,0,Marketing
user_enterprise_611,645,5,11,15.4,19,8509.44,0,1,3,2,0.99,0,83,1,Marketing
user_enterprise_612,853,6,24,13.8,16,4019.74,0,2,1,0,0.93,0,71,2,Marketing
user_enterprise_613,323,10,24,27.6,7,2012.86,0,0,1,0,0.7,0,56,4,SaaS
user_enterprise_614,793,9,8,8.7,14,900.69,0,0,1,0,0.89,0,80,2,Finance
user_enterprise_615,999,1,13,21.8,16,7464.97,0,0,3,0,1.0,0,52,4,Marketing
user_enterprise_616,849,1,18,50.0,21,3033.12,0,0,5,1,0.75,0,78,2,Marketing
user_enterprise_617,540,3,13,10.3,9,2008.03,0,0,0,0,0.92,0,60,4,Marketing
user_enterprise_618,580,11,14,12.6,10,3908.8,0,0,2,0,0.78,0,96,0,SaaS
user_enterprise_619,360,0,8,23.7,6,412.35,0,0,0,0,0.65,0,68,3,Education
user_enterprise_620,429,13,27,44.7,10,4622.37,0,0,0,0,0.6,0,100,0,Marketing
user_enterprise_621,785,3,12,9.1,18,4905.46,0,0,2,0,0.94,0,93,0,Finance
user_enterprise_622,903,4,21,39.9,16,4093.69,0,0,0,0,0.79,0,87,1,Finance
user_enterprise_623,536,35,4,7.9,15,2643.82,0,3,3,1,0.7,0,49,5,Finance
user_enterprise_624,399,9,24,51.1,7,977.13,0,0,0,0,0.92,0,53,4,E-commerce
user_enterprise_625,795,1,19,10.4,21,1178.35,0,0,1,0,0.59,0,87,1,Marketing
user_enterprise_626,494,6,25,26.4,15,5765.71,0,0,1,0,0.88,0,90,1,Marketing
user_enterprise_627,861,2,8,19.0,17,4846.47,0,4,0,0,0.79,0,79,2,E-commerce
user_enterprise_628,935,36,2,1.9,16,3179.45,0,0,0,0,0.67,0,44,5,SaaS
user_enterprise_629,538,10,25,36.9,10,2461.8,0,0,1,0,0.97,0,84,1,SaaS
user_enterprise_630,664,3,17,19.2,18,3279.59,0,3,0,0,0.73,0,100,0,Marketing
user_enterprise_631,455,2,8,19.6,14,1059.81,1,0,3,3,0.75,0,98,0,Education
user_enterprise_632,670,13,24,15.1,13,2731.7,0,0,2,0,0.74,0,63,3,Education
user_enterprise_633,577,1,25,34.3,11,4371.7,0,0,0,0,0.73,0,63,3,Education
user_enterprise_634,565,6,20,19.3,15,5606.51,0,3,0,0,0.69,0,77,2,SaaS
user_enterprise_635,1019,12,7,12.3,30,14288.14,2,0,0,0,0.88,0,93,0,Marketing
user_enterprise_636,461,41,2,4.9,11,4792.59,0,0,0,0,0.84,0,98,0,SaaS
user_enterprise_637,887,4,27,61.6,18,6130.42,0,0,0,0,0.75,0,100,0,Marketing
user_enterprise_638,691,10,25,70.9,22,9698.41,0,0,0,0,0.85,0,86,1,SaaS
user_enterprise_639,989,5,9,7.3,27,8468.76,0,0,0,0,0.95,0,97,0,Finance
user_enterprise_640,691,10,11,20.3,17,7761.24,0,0,0,0,0.66,0,77,2,Education
user_enterprise_641,617,5,13,18.0,10,1509.83,0,0,0,0,0.82,0,68,3,E-commerce
user_enterprise_642,332,9,24,65.1,8,3364.69,0,1,4,0,0.84,0,85,1,E-commerce
user_enterprise_643,579,2,27,54.2,10,2499.54,0,0,0,0,0.77,0,71,2,SaaS
user_enterprise_644,344,34,0,0.0,6,1701.21,0,4,0,0,0.71,0,81,1,SaaS
user_enterprise_645,770,6,6,8.1,20,7472.66,0,0,0,0,0.79,0,83,1,Education
user_enterprise_646,988,19,4,9.7,24,11881.36,0,0,1,0,0.88,0,93,0,Education
user_enterprise_647,580,4,27,50.4,16,7861.27,4,0,0,0,0.87,0,29,7,Finance
user_enterprise_648,728,29,0,0.0,20,6285.49,0,0,1,0,0.69,0,90,1,SaaS
user_enterprise_649,926,8,15,37.4,28,11441.86,2,0,0,0,0.76,0,57,4,Education
user_enterprise_650,390,2,22,57.8,7,1219.64,0,0,0,0,0.73,0,69,3,Marketing
user_enterprise_651,1070,10,23,53.8,31,5736.61,1,1,0,0,0.76,0,78,2,SaaS
user_enterprise_652,440,3,25,29.5,11,771.23,0,0,0,0,0.78,0,80,2,E-commerce
user_enterprise_653,673,9,21,61.2,21,1725.36,0,1,1,0,0.77,0,98,0,Marketing
user_enterprise_654,564,3,17,39.4,16,6572.33,0,1,2,0,0.88,0,81,1,Finance
user_enterprise_655,796,7,29,39.7,17,3416.75,0,0,2,0,1.0,0,58,4,SaaS
user_enterprise_656,1135,47,2,1.3,28,10266.74,0,1,1,0,0.87,0,100,0,E-commerce
user_enterprise_657,741,7,18,17.0,21,10097.47,0,0,1,0,0.76,0,87,1,Marketing
user_enterprise_658,727,7,9,23.4,17,6020.24,0,0,2,0,0.8,0,67,3,Finance
user_enterprise_659,693,3,9,14.8,15,7291.67,0,0,0,0,0.93,0,91,0,E-commerce
user_enterprise_660,905,12,13,10.1,24,8203.16,0,0,0,0,0.54,0,84,1,E-commerce
user_enterprise_661,775,10,25,39.5,16,7131.49,0,0,0,0,0.95,0,100,0,Marketing
user_enterprise_662,525,6,12,20.3,12,1000.41,0,0,0,0,0.75,0,51,4,Education
user_enterprise_663,849,12,19,41.2,22,8318.0,0,0,0,0,0.77,0,82,1,Marketing
user_enterprise_664,661,51,4,3.5,13,5435.45,0,0,0,0,1.0,0,77,2,Finance
user_enterprise_665,657,29,0,0.0,20,9037.18,0,3,0,0,0.79,0,87,1,Education
user_enterprise_666,839,3,29,17.1,18,2830.01,0,0,2,0,0.91,0,65,3,Finance
user_enterprise_667,648,10,18,30.7,14,4516.41,0,0,2,0,0.84,0,64,3,Marketing
user_enterprise_668,636,7,21,38.7,13,1373.88,0,0,0,0,0.72,0,65,3,Marketing
user_enterprise_669,735,12,9,23.6,20,9068.8,0,0,0,0,0.92,0,92,0,SaaS
user_enterprise_670,825,30,1,1.3,23,9872.47,0,0,0,0,0.83,0,99,0,E-commerce
user_enterprise_671,523,8,18,49.8,8,3845.84,0,0,0,0,0.78,0,100,0,Education
user_enterprise_672,566,29,1,1.2,14,6967.83,0,0,0,0,0.96,0,100,0,SaaS
user_enterprise_673,813,13,20,46.6,26,2702.78,0,1,0,0,0.74,0,88,1,SaaS
user_enterprise_674,640,11,14,13.1,20,5086.68,0,0,0,0,0.88,0,100,0,SaaS
user_enterprise_675,689,12,25,62.3,13,4861.86,0,1,1,0,0.79,0,86,1,Finance
user_enterprise_676,767,8,27,66.9,13,6235.46,0,0,3,1,0.87,0,70,3,Finance
user_enterprise_677,750,9,8,6.6,13,4018.01,0,3,4,3,0.73,0,74,2,Marketing
user_enterprise_678,836,13,28,81.0,25,1758.48,0,2,0,0,0.73,0,80,2,Finance
user_enterprise_679,773,8,16,21.1,21,1654.75,0,0,0,0,0.87,0,83,1,Finance
user_enterprise_680,841,12,22,31.7,22,8902.05,0,0,2,0,0.76,0,100,0,Finance
user_enterprise_681,1017,11,19,27.4,32,7644.53,0,1,0,0,0.82,0,76,2,E-commerce
user_enterprise_682,1212,6,13,32.5,33,2194.49,0,0,0,0,0.67,0,78,2,Education
user_enterprise_683,724,9,20,21.8,22,6351.99,0,0,1,0,0.75,0,82,1,Marketing
user_enterprise_684,1009,12,6,16.4,16,1140.87,0,0,0,0,0.78,0,85,1,Education
user_enterprise_685,557,42,2,3.0,9,4429.31,0,0,0,0,0.64,0,80,2,E-commerce
user_enterprise_686,891,12,15,25.7,21,3909.89,0,0,0,0,1.0,0,100,0,E-commerce
user_enterprise_687,726,11,13,37.7,16,6974.74,1,0,2,0,0.82,0,59,4,Education
user_enterprise_688,863,18,2,5.6,25,4749.76,0,0,2,0,0.87,0,62,3,E-commerce
user_enterprise_689,524,1,29,35.1,15,7491.2,0,2,0,0,0.71,0,73,2,Finance
user_enterprise_690,1046,30,4,6.0,33,9267.57,0,0,0,0,0.78,0,97,0,Education
user_enterprise_691,969,2,23,18.2,19,8366.02,0,0,0,0,0.76,0,83,1,SaaS
user_enterprise_692,851,36,4,10.9,25,5674.58,0,0,1,0,0.84,0,72,2,SaaS
user_enterprise_693,634,41,1,1.1,16,2171.86,0,1,1,0,0.75,0,71,2,Finance
user_enterprise_694,770,12,18,23.8,14,5839.16,0,4,0,0,0.68,0,74,2,Education
user_enterprise_695,537,59,1,0.7,9,578.38,0,4,4,1,0.71,0,71,2,Finance
user_enterprise_696,765,1,10,6.7,16,7685.56,0,0,0,0,0.83,0,81,1,Finance
user_enterprise_697,891,9,27,56.6,26,1880.3,0,0,0,0,0.76,0,72,2,Education
user_enterprise_698,692,2,17,21.9,22,9391.94,0,0,0,0,0.84,0,78,2,Finance
user_enterprise_699,547,57,3,2.1,13,5765.93,0,0,0,0,0.75,0,69,3,Finance
user_enterprise_700,726,58,3,3.8,19,6006.88,2,0,0,0,0.83,0,82,1,Marketing
user_enterprise_701,958,5,26,76.2,19,1584.39,0,0,0,0,0.69,0,93,0,SaaS
user_enterprise_702,891,3,9,16.3,23,2878.9,0,0,1,0,0.71,0,75,2,SaaS
user_enterprise_703,454,4,19,34.6,9,1672.28,0,0,2,0,0.68,0,71,2,Marketing
user_enterprise_704,412,1,28,49.2,11,3309.43,0,0,0,0,0.73,0,80,2,E-commerce
user_enterprise_705,1119,4,10,12.5,19,7519.89,0,0,1,0,0.88,0,67,3,Education
user_enterprise_706,399,37,4,9.6,11,3320.25,0,0,0,0,0.78,0,90,1,Marketing
user_enterprise_707,705,43,3,8.2,13,5447.11,0,1,0,0,0.6,0,64,3,E-commerce
user_enterprise_708,547,8,15,34.7,11,4889.55,0,0,1,0,0.7,0,89,1,Finance
user_enterprise_709,794,58,2,2.5,13,5608.67,0,0,4,0,0.79,0,60,4,Marketing
user_enterprise_710,1064,6,20,45.8,29,7049.4,0,0,1,0,0.84,0,96,0,E-commerce
user_enterprise_711,814,2,25,50.6,22,1112.81,0,1,1,0,0.84,0,71,2,SaaS
user_enterprise_712,439,0,12,13.4,10,3301.85,0,0,1,0,0.84,0,68,3,Marketing
user_enterprise_713,702,8,23,45.5,18,3229.38,0,0,5,0,0.77,0,89,1,Marketing
user_enterprise_714,828,3,28,57.3,15,920.66,0,0,4,0,0.7,0,91,0,E-commerce
user_enterprise_715,372,0,22,65.0,10,1254.04,0,0,0,0,0.91,0,86,1,Education
user_enterprise_716,531,6,20,10.0,11,1659.64,0,0,0,0,0.78,0,78,2,Finance
user_enterprise_717,909,3,10,28.0,20,7644.27,0,1,1,0,0.76,0,82,1,SaaS
user_enterprise_718,311,5,24,41.4,7,1203.88,0,0,1,0,0.64,0,65,3,SaaS
user_enterprise_719,733,11,9,15.8,16,3290.72,0,0,0,0,0.73,0,76,2,SaaS
user_enterprise_720,895,13,16,18.8,21,8544.92,0,0,1,0,0.85,0,90,1,E-commerce
user_enterprise_721,843,7,17,49.0,19,4323.47,0,0,1,0,0.92,0,99,0,E-commerce
user_enterprise_722,591,10,17,49.0,9,3505.36,0,1,1,0,0.76,0,84,1,SaaS
user_enterprise_723,746,0,7,15.9,20,2126.48,0,2,1,0,0.72,0,100,0,SaaS
user_enterprise_724,448,10,10,9.9,12,5743.09,0,1,3,0,0.89,0,89,1,Marketing
user_enterprise_725,590,1,28,22.4,18,3724.62,0,0,1,0,0.68,0,82,1,SaaS
user_enterprise_726,625,31,0,0.0,16,6514.78,0,0,2,0,0.75,0,91,0,Education
user_enterprise_727,972,13,28,52.0,18,8603.27,0,0,0,0,0.85,0,90,1,Finance
user_enterprise_728,909,10,17,49.6,25,6242.85,0,0,0,0,0.82,0,71,2,E-commerce
user_enterprise_729,742,2,16,20.3,12,4624.36,0,0,0,0,0.95,0,83,1,Marketing
user_enterprise_730,698,9,27,35.8,16,6387.17,0,0,0,0,0.57,0,95,0,Marketing
user_enterprise_731,879,10,5,12.6,22,9723.6,0,0,0,0,0.77,0,66,3,E-commerce
user_enterprise_732,527,9,5,13.1,11,2321.27,0,0,0,0,0.76,0,94,0,Education
user_enterprise_733,675,0,20,27.1,19,1049.38,0,0,2,0,0.8,0,78,2,SaaS
user_enterprise_734,780,10,17,44.8,18,2527.9,0,0,5,4,0.86,0,66,3,Marketing
user_enterprise_735,604,10,25,64.6,11,1609.88,0,0,0,0,0.78,0,99,0,Education
user_enterprise_736,606,4,19,44.5,15,1649.76,0,3,0,0,0.82,0,83,1,Marketing
user_enterprise_737,594,54,3,2.3,18,8264.66,0,0,0,0,0.72,0,66,3,SaaS
user_enterprise_738,1053,13,19,18.9,28,13054.98,0,0,1,0,0.6,0,68,3,E-commerce
user_enterprise_739,933,7,25,66.8,20,8499.16,0,0,2,0,0.87,0,68,3,Finance
user_enterprise_740,913,4,25,45.8,17,4874.88,0,0,0,0,0.63,0,86,1,Marketing
user_enterprise_741,489,8,25,68.0,15,2966.52,0,0,0,0,0.95,0,50,5,Marketing
user_enterprise_742,293,25,0,0.0,6,2891.18,0,0,0,0,0.69,0,83,1,SaaS
user_enterprise_743,844,1,24,68.2,25,1419.38,0,2,0,0,0.83,0,67,3,SaaS
user_enterprise_744,780,0,27,19.9,22,2926.86,0,0,1,0,0.89,0,86,1,Marketing
user_enterprise_745,712,8,11,24.5,18,1426.34,0,0,0,0,0.81,0,99,0,Finance
user_enterprise_746,727,54,2,5.9,22,3251.4,0,2,0,0,0.85,0,52,4,SaaS
user_enterprise_747,781,49,2,4.7,15,2614.34,0,0,0,0,0.8,0,49,5,Education
user_enterprise_748,659,8,28,29.0,16,7720.28,0,0,1,0,0.75,0,79,2,Finance
user_enterprise_749,432,47,0,0.0,7,1485.99,1,0,2,0,0.5,0,86,1,Marketing
user_enterprise_750,705,8,9,12.3,20,2094.55,2,0,1,0,0.8,0,61,3,Marketing
user_enterprise_751,420,5,22,36.5,8,1381.81,0,0,0,0,0.7,0,79,2,Education
user_enterprise_752,857,11,26,52.3,25,3005.05,0,0,1,0,0.78,0,71,2,Education
user_enterprise_753,607,11,28,58.7,19,2923.02,0,0,0,0,0.66,0,70,3,Finance
user_enterprise_754,852,7,17,27.2,21,7959.55,2,0,0,0,0.77,0,85,1,Finance
user_enterprise_755,720,7,20,20.9,23,1292.44,0,0,0,0,0.72,0,91,0,SaaS
user_enterprise_756,680,13,7,17.2,15,6032.72,0,0,0,0,0.67,0,80,2,Finance
user_enterprise_757,725,15,3,6.7,14,4520.07,0,0,0,0,0.81,0,86,1,Marketing
user_enterprise_758,414,21,3,7.6,10,3039.72,0,0,3,0,0.69,0,78,2,Education
user_enterprise_759,1054,8,24,48.3,33,8180.43,1,1,0,0,0.69,0,100,0,SaaS
user_enterprise_760,573,43,3,7.9,16,2088.63,0,0,1,0,0.99,0,88,1,E-commerce
user_enterprise_761,958,9,5,14.9,18,1336.34,0,0,0,0,0.7,0,88,1,E-commerce
user_enterprise_762,726,5,23,33.2,22,2208.59,0,0,0,0,0.75,0,79,2,Marketing
user_enterprise_763,815,12,19,18.7,25,10244.57,0,1,0,0,0.83,0,61,3,Finance
user_enterprise_764,364,44,2,6.0,7,837.78,0,0,0,0,0.93,0,77,2,SaaS
user_enterprise_765,561,7,21,44.7,13,667.4,0,0,1,0,0.72,0,100,0,Marketing
user_enterprise_766,895,3,19,14.5,27,4807.06,0,4,0,0,0.9,0,85,1,Finance
user_enterprise_767,893,55,3,2.6,28,8012.77,0,0,1,0,0.79,0,100,0,Marketing
user_enterprise_768,1017,3,21,37.5,16,5590.6,0,0,0,0,0.97,0,77,2,Finance
user_enterprise_769,581,13,7,14.4,13,5116.49,0,0,0,0,0.93,0,83,1,Marketing
user_enterprise_770,1168,7,26,43.1,29,7989.57,0,0,1,0,0.89,0,74,2,SaaS
user_enterprise_771,859,1,24,33.9,18,7641.13,0,0,0,0,0.69,0,73,2,Marketing
user_enterprise_772,877,11,27,46.2,23,5719.72,0,0,0,0,0.79,0,65,3,Education
user_enterprise_773,229,4,8,22.1,6,1394.18,1,1,1,0,0.67,0,87,1,E-commerce
user_enterprise_774,670,2,21,47.7,11,2745.17,0,0,0,0,0.95,0,74,2,E-commerce
user_enterprise_775,996,8,6,16.2,22,3903.71,0,0,1,0,0.94,0,99,0,Marketing
user_enterprise_776,1124,13,26,28.3,27,5294.47,0,0,2,0,0.73,0,62,3,Education
user_enterprise_777,657,2,28,23.9,18,6802.76,0,2,5,1,0.76,0,62,3,Education
user_enterprise_778,764,1,12,27.3,14,6993.92,0,1,0,0,0.89,0,58,4,SaaS
user_enterprise_779,639,3,23,62.5,14,4164.83,0,0,0,0,0.82,0,51,4,Marketing
user_enterprise_780,649,10,19,13.2,12,2433.08,0,0,2,0,0.9,0,83,1,Education
user_enterprise_781,480,4,21,21.0,8,3357.44,0,0,1,0,0.85,0,67,3,Finance
user_enterprise_782,724,4,22,61.5,13,927.22,0,0,0,0,0.85,0,73,2,Education
user_enterprise_783,534,2,6,6.8,15,5847.52,0,0,0,0,0.78,0,82,1,Education
user_enterprise_784,666,3,9,25.8,12,5500.8,0,0,1,0,0.73,0,92,0,E-commerce
user_enterprise_785,265,44,1,2.4,5,1765.75,0,0,1,0,0.78,0,74,2,SaaS
user_enterprise_786,679,2,16,21.2,20,7384.08,0,0,0,0,0.81,0,98,0,Marketing
user_enterprise_787,925,59,4,9.9,25,6397.78,0,0,0,0,0.91,0,79,2,SaaS
user_enterprise_788,737,11,29,64.7,20,1402.12,0,0,0,0,0.76,0,84,1,Education
user_enterprise_789,561,9,17,26.6,17,5690.91,0,0,1,0,0.78,0,80,2,E-commerce
user_enterprise_790,651,1,27,50.0,12,5023.3,0,1,1,0,0.92,0,81,1,Finance
user_enterprise_791,892,3,25,71.8,28,3535.03,0,1,0,0,0.82,0,83,1,Marketing
user_enterprise_792,1068,2,16,24.7,17,5204.72,0,0,1,0,0.92,0,80,2,SaaS
user_enterprise_793,748,7,15,7.9,21,10481.05,0,0,1,0,0.72,0,86,1,Marketing
user_enterprise_794,616,4,20,24.1,10,1785.48,0,0,1,0,0.67,0,100,0,Marketing
user_enterprise_795,517,12,14,10.1,13,5522.29,0,0,1,0,0.83,0,80,2,Education
user_enterprise_796,703,10,29,30.6,19,5820.3,0,1,2,0,0.82,0,91,0,Marketing
user_enterprise_797,461,6,28,41.0,12,3125.88,0,3,3,0,0.77,0,69,3,Marketing
user_enterprise_798,609,32,0,0.0,10,3001.86,0,1,3,0,0.82,0,83,1,Education
user_enterprise_799,591,53,0,0.0,18,2771.15,0,0,0,0,0.79,0,73,2,Marketing
user_enterprise_800,951,6,10,21.8,21,6798.57,0,0,3,1,0.77,0,91,0,SaaS
user_enterprise_801,396,3,29,46.1,7,2120.82,0,0,2,0,0.99,0,83,1,Education
user_enterprise_802,542,11,7,7.2,12,1399.18,0,2,1,0,0.74,0,82,1,Finance
user_enterprise_803,660,1,6,8.2,19,8948.41,0,3,0,0,0.61,0,81,1,Finance
user_enterprise_804,801,4,12,28.5,24,4487.22,0,0,1,0,0.68,0,76,2,SaaS
user_enterprise_805,622,4,19,27.2,18,2326.49,0,0,0,0,0.88,0,91,0,Marketing
user_enterprise_806,621,0,24,46.2,18,5884.49,1,0,1,0,0.83,0,60,4,Finance
user_enterprise_807,878,57,0,0.0,17,5218.76,0,0,0,0,0.78,0,91,0,Education
user_enterprise_808,493,12,10,22.7,8,1025.02,0,1,0,0,0.6,0,64,3,Finance
user_enterprise_809,790,8,9,13.6,14,1935.6,0,0,0,0,0.75,0,82,1,Marketing
user_enterprise_810,859,54,2,2.3,18,1903.61,0,0,0,0,0.73,0,74,2,SaaS
user_enterprise_811,745,37,1,2.6,21,7333.09,0,2,1,0,0.99,0,67,3,Education
user_enterprise_812,842,8,23,24.5,21,4364.32,0,1,1,0,0.66,0,70,3,Marketing
user_enterprise_813,668,17,2,4.8,12,4814.07,0,0,1,0,0.76,0,82,1,SaaS
user_enterprise_814,1168,24,4,3.2,25,5447.8,0,0,0,0,0.7,0,71,2,Marketing
user_enterprise_815,465,3,5,9.9,11,4175.61,0,2,0,0,0.79,0,50,5,E-commerce
user_enterprise_816,687,3,25,48.0,11,4213.01,0,0,2,0,0.75,0,53,4,Education
user_enterprise_817,807,9,28,45.7,25,4810.54,0,1,0,0,0.9,0,84,1,Marketing
user_enterprise_818,561,13,17,44.1,12,1421.45,2,0,3,0,0.99,0,61,3,Marketing
user_enterprise_819,612,11,17,36.7,14,3885.94,0,0,2,0,0.78,0,74,2,Education
user_enterprise_820,817,13,27,70.0,15,1319.57,0,5,2,0,0.77,0,63,3,SaaS
user_enterprise_821,612,10,17,10.2,13,4668.07,0,0,1,0,0.85,0,59,4,Education
user_enterprise_822,719,3,11,24.0,14,2460.58,0,0,0,0,0.76,0,90,1,Finance
user_enterprise_823,756,3,24,37.6,13,1902.95,0,0,0,0,0.72,0,93,0,SaaS
user_enterprise_824,423,2,6,3.6,11,4493.83,0,0,0,0,0.89,0,80,2,Education
user_enterprise_825,784,1,26,49.7,15,5642.15,0,2,2,0,0.79,0,65,3,Marketing
user_enterprise_826,1022,0,14,14.3,31,8873.41,1,0,0,0,0.75,0,91,0,Education
user_enterprise_827,972,5,27,50.3,27,11421.83,0,0,1,0,0.65,0,95,0,SaaS
user_enterprise_828,711,12,24,24.6,15,6934.79,0,0,0,0,0.79,0,100,0,Marketing
user_enterprise_829,311,1,10,29.3,9,2112.72,0,0,0,0,0.77,0,61,3,Marketing
user_enterprise_830,820,35,2,2.7,22,8094.84,1,2,0,0,0.73,0,72,2,Marketing
user_enterprise_831,932,4,27,35.5,19,2093.48,0,0,3,0,0.89,0,84,1,Finance
user_enterprise_832,861,5,21,37.1,25,8682.09,0,0,0,0,0.91,0,94,0,SaaS
user_enterprise_833,569,12,17,45.0,13,2948.29,0,0,0,0,0.94,0,87,1,Marketing
user_enterprise_834,847,7,29,46.6,20,7339.53,2,0,0,0,0.79,0,95,0,Finance
user_enterprise_835,971,57,0,0.0,21,10260.85,0,0,0,0,0.78,0,82,1,Marketing
user_enterprise_836,1155,57,4,10.1,28,12941.24,0,0,0,0,0.78,0,91,0,Marketing
user_enterprise_837,703,20,1,1.4,13,3579.48,0,2,0,0,0.79,0,56,4,SaaS
user_enterprise_838,717,12,19,11.4,22,2434.69,0,0,0,0,0.91,0,90,1,Education
user_enterprise_839,818,5,29,70.0,21,1624.94,0,0,0,0,0.89,0,62,3,Finance
user_enterprise_840,1027,13,7,14.7,33,5143.63,0,0,0,0,0.89,0,100,0,Marketing
user_enterprise_841,797,9,19,35.2,21,3876.04,0,1,0,0,0.66,0,96,0,E-commerce
user_enterprise_842,66,26,2,1.6,1,367.33,0,1,0,0,0.82,0,88,1,Education
user_enterprise_843,611,53,0,0.0,13,5615.86,0,0,2,0,0.79,0,75,2,E-commerce
user_enterprise_844,722,8,16,34.8,23,5316.28,1,3,0,0,0.69,0,67,3,SaaS
user_enterprise_845,771,4,8,19.9,17,2184.96,0,0,0,0,0.81,0,58,4,SaaS
user_enterprise_846,1199,2,23,48.2,38,15012.32,0,0,0,0,0.75,0,100,0,Marketing
user_enterprise_847,804,9,29,52.8,15,1204.71,0,0,0,0,0.8,0,74,2,Education
user_enterprise_848,639,1,23,28.4,16,3463.39,0,0,0,0,0.82,0,59,4,Education
user_enterprise_849,626,25,1,1.3,13,836.13,0,0,0,0,0.56,0,87,1,SaaS
user_enterprise_850,682,4,16,9.5,18,7236.02,2,1,0,0,0.74,0,86,1,SaaS
user_enterprise_851,1024,5,7,7.6,32,11417.68,0,0,7,2,1.0,0,48,5,Marketing
user_enterprise_852,520,9,21,51.1,16,7716.15,0,1,1,0,0.55,0,68,3,SaaS
user_enterprise_853,707,1,25,25.8,13,5603.28,0,0,0,0,0.82,0,74,2,Finance
user_enterprise_854,650,17,0,0.0,11,2514.38,0,0,4,2,0.79,0,82,1,E-commerce
user_enterprise_855,833,24,4,8.1,15,6286.58,0,0,2,0,0.74,0,100,0,Education
user_enterprise_856,883,13,9,10.7,20,8456.25,0,1,2,0,0.8,0,43,5,Finance
user_enterprise_857,744,9,18,48.1,15,3292.86,0,0,0,0,0.85,0,74,2,E-commerce
user_enterprise_858,1093,4,14,30.5,21,5906.45,0,0,0,0,0.92,0,85,1,Marketing
user_enterprise_859,685,5,8,21.0,18,6936.29,0,0,0,0,0.61,0,67,3,SaaS
user_enterprise_860,488,13,19,15.6,8,545.91,0,0,0,0,0.71,0,44,5,Finance
user_enterprise_861,781,2,19,13.2,13,3285.65,0,0,0,0,0.8,0,66,3,Education
user_enterprise_862,726,7,22,18.2,13,2620.94,0,3,0,0,0.71,0,71,2,SaaS
user_enterprise_863,794,6,28,18.4,24,5405.1,0,0,0,0,0.82,0,82,1,Finance
user_enterprise_864,777,7,18,31.8,13,5803.41,0,1,0,0,0.86,0,83,1,Education
user_enterprise_865,679,1,24,71.3,19,7248.38,0,0,0,0,0.91,0,84,1,SaaS
user_enterprise_866,935,9,16,18.7,21,4296.95,0,0,1,0,0.82,0,100,0,SaaS
user_enterprise_867,981,5,10,16.8,23,8635.16,0,7,0,0,0.87,0,95,0,E-commerce
user_enterprise_868,526,0,20,24.1,12,2212.59,0,1,0,0,0.89,0,77,2,Marketing
user_enterprise_869,866,3,27,25.6,20,5219.7,0,0,2,0,0.93,0,92,0,E-commerce
user_enterprise_870,959,5,5,12.8,29,4741.9,0,0,1,0,0.6,0,78,2,Marketing
user_enterprise_871,395,3,14,41.0,10,3757.94,0,0,1,0,0.83,0,91,0,E-commerce
user_enterprise_872,729,6,14,17.4,13,2259.42,1,0,0,0,0.82,0,89,1,SaaS
user_enterprise_873,676,10,12,30.2,19,6687.67,0,1,0,0,0.67,0,77,2,Finance
user_enterprise_874,752,11,26,47.2,18,5068.47,0,0,0,0,0.9,0,95,0,Education
user_enterprise_875,537,4,22,11.3,16,4140.39,0,2,0,0,0.72,0,86,1,E-commerce
user_enterprise_876,474,12,12,11.6,12,5490.37,0,0,0,0,0.83,0,87,1,E-commerce
user_enterprise_877,521,18,4,11.4,12,3353.19,0,0,7,3,0.87,0,63,3,Education
user_enterprise_878,784,11,25,27.0,18,6486.63,0,2,0,0,0.87,0,76,2,Marketing
user_enterprise_879,717,10,11,25.8,19,8276.85,0,2,0,0,0.81,0,66,3,SaaS
user_enterprise_880,782,6,29,72.9,21,4770.54,0,0,0,0,0.74,0,100,0,Education
user_enterprise_881,820,32,0,0.0,17,6587.02,0,1,1,0,0.86,0,86,1,Finance
user_enterprise_882,233,10,17,43.8,3,947.31,0,0,1,0,0.77,0,55,4,SaaS
user_enterprise_883,811,10,13,22.2,17,7137.41,0,3,1,0,0.87,0,94,0,SaaS
user_enterprise_884,426,56,2,2.4,12,746.66,0,0,0,0,0.83,0,68,3,Marketing
user_enterprise_885,927,2,26,75.3,22,10433.64,0,4,3,3,0.64,0,70,3,Marketing
user_enterprise_886,249,11,24,19.2,7,3476.94,1,0,2,0,0.72,0,83,1,SaaS
user_enterprise_887,1048,3,15,35.4,17,5677.65,0,1,0,0,0.7,0,90,1,Education
user_enterprise_888,650,7,16,27.0,15,2066.71,0,0,0,0,0.83,0,73,2,Marketing
user_enterprise_889,599,12,26,15.1,13,5568.1,0,0,0,0,0.65,0,89,1,Education
user_enterprise_890,710,45,1,2.8,20,4039.79,0,2,1,0,0.81,0,74,2,Marketing
user_enterprise_891,846,11,17,27.1,22,4148.55,1,0,4,1,0.94,0,53,4,E-commerce
user_enterprise_892,535,7,25,16.2,12,1401.65,0,1,2,0,0.91,0,78,2,Finance
user_enterprise_893,499,11,9,5.9,9,1338.85,0,0,0,0,0.53,0,64,3,Marketing
user_enterprise_894,463,6,8,15.7,13,6429.22,0,0,1,0,0.73,0,81,1,SaaS
user_enterprise_895,716,41,3,6.9,17,7117.62,1,0,0,0,0.73,0,66,3,Education
user_enterprise_896,927,12,28,59.8,27,12526.88,0,0,0,0,0.92,0,50,5,Finance
user_enterprise_897,283,5,5,2.9,8,1394.58,1,1,0,0,0.76,0,82,1,Marketing
user_enterprise_898,690,35,1,2.9,15,882.25,0,0,3,0,0.84,0,63,3,Finance
user_enterprise_899,820,10,7,17.8,18,4553.74,0,0,2,0,0.72,0,78,2,Finance
user_enterprise_900,597,24,1,0.8,16,7349.7,0,0,2,0,0.62,0,99,0,Marketing
user_enterprise_901,671,4,11,25.1,17,6144.55,0,2,1,0,0.8,0,73,2,Finance
user_enterprise_902,843,8,14,28.9,20,9547.12,0,0,0,0,0.7,0,100,0,Marketing
user_enterprise_903,1074,9,27,20.2,20,3514.31,0,0,6,3,0.88,0,78,2,E-commerce
user_enterprise_904,605,8,19,35.5,11,1573.22,0,0,2,0,0.68,0,87,1,SaaS
user_enterprise_905,814,40,1,1.8,15,5002.64,0,0,0,0,0.65,0,87,1,Education
user_enterprise_906,853,54,2,5.0,15,6463.88,0,0,0,0,0.88,0,65,3,Marketing
user_enterprise_907,837,10,24,39.9,24,9297.84,1,0,1,0,0.84,0,100,0,SaaS
user_enterprise_908,966,13,27,70.5,24,10835.22,0,1,1,0,0.81,0,100,0,Education
user_enterprise_909,742,13,14,22.7,19,3331.64,0,0,0,0,0.89,0,58,4,E-commerce
user_enterprise_910,543,8,25,62.8,15,4386.85,0,0,0,0,0.71,0,74,2,Finance
user_enterprise_911,719,5,15,27.2,16,7605.82,0,0,2,0,0.71,0,54,4,Marketing
user_enterprise_912,649,6,25,68.8,16,1398.95,0,0,0,0,0.59,0,79,2,SaaS
user_enterprise_913,447,22,2,1.6,13,4899.43,1,0,0,0,0.69,0,58,4,Marketing
user_enterprise_914,711,1,12,26.9,19,2015.6,0,0,0,0,0.88,0,93,0,Education
user_enterprise_915,517,13,29,84.8,8,3291.74,0,1,2,0,0.87,0,57,4,Education
user_enterprise_916,345,1,21,55.9,5,900.92,0,0,3,0,0.87,0,73,2,Finance
user_enterprise_917,390,22,2,5.5,12,3418.07,0,0,0,0,0.55,0,72,2,Marketing
user_enterprise_918,727,34,4,6.3,15,4245.58,0,0,0,0,0.87,0,74,2,SaaS
user_enterprise_919,642,10,11,20.7,11,1660.28,0,0,5,2,1.0,0,72,2,Finance
user_enterprise_920,756,9,16,35.7,22,4014.38,0,0,0,0,0.84,0,60,4,Education
user_enterprise_921,632,7,16,23.5,18,7982.15,0,2,0,0,0.89,0,80,2,E-commerce
user_enterprise_922,957,13,22,24.7,20,1827.63,0,1,0,0,0.71,0,85,1,Finance
user_enterprise_923,770,9,22,47.4,20,4595.69,0,0,5,0,0.79,0,59,4,E-commerce
user_enterprise_924,833,6,17,40.5,13,3630.74,0,0,0,0,0.96,0,82,1,Education
user_enterprise_925,1109,6,12,6.1,27,2844.51,0,0,1,0,1.0,0,74,2,Marketing
user_enterprise_926,672,7,23,26.2,21,6261.82,0,0,2,0,0.6,0,66,3,Marketing
user_enterprise_927,486,10,23,34.3,15,3127.44,0,0,1,0,0.8,0,76,2,Education
user_enterprise_928,209,6,20,55.5,5,822.68,0,0,0,0,0.83,0,77,2,Marketing
user_enterprise_929,698,10,22,52.2,18,5824.08,0,0,3,0,0.81,0,96,0,Finance
user_enterprise_930,417,8,7,16.9,12,2833.7,2,0,1,0,0.67,0,77,2,Marketing
user_enterprise_931,1099,9,20,17.1,27,8937.79,0,0,2,0,0.75,0,100,0,Finance
user_enterprise_932,793,47,0,0.0,25,6404.65,0,0,0,0,0.73,0,96,0,Finance
user_enterprise_933,533,11,10,12.3,13,5211.4,0,1,1,0,0.89,0,81,1,E-commerce
user_enterprise_934,516,8,14,13.2,9,1362.76,0,0,1,0,1.0,0,67,3,SaaS
user_enterprise_935,845,13,18,12.5,17,2138.56,0,0,0,0,0.92,0,74,2,SaaS
user_enterprise_936,544,5,15,39.9,10,3827.29,0,0,1,0,0.57,0,54,4,Education
user_enterprise_937,641,0,28,19.1,13,4323.35,0,1,2,0,0.76,0,75,2,SaaS
user_enterprise_938,569,9,7,15.8,11,3309.22,0,4,0,0,0.76,0,100,0,SaaS
user_enterprise_939,422,0,5,7.7,11,3448.52,0,0,0,0,0.81,0,96,0,Marketing
user_enterprise_940,559,11,27,79.0,10,2148.54,0,3,2,0,0.64,0,63,3,Marketing
user_enterprise_941,384,13,27,23.8,8,3682.45,0,0,0,0,0.88,0,79,2,SaaS
user_enterprise_942,484,4,11,16.0,12,1272.77,0,0,0,0,0.77,0,97,0,Education
user_enterprise_943,492,1,22,58.0,13,2730.34,0,0,0,0,0.9,0,77,2,E-commerce
user_enterprise_944,423,13,11,32.2,8,1337.02,0,0,0,0,0.96,0,83,1,SaaS
user_enterprise_945,731,6,10,24.4,13,6241.87,0,2,0,0,0.86,0,70,3,Finance
user_enterprise_946,528,3,5,10.8,8,1716.7,0,0,1,0,0.9,0,73,2,SaaS
user_enterprise_947,894,11,28,65.7,16,1851.61,0,3,2,0,0.69,0,83,1,Marketing
user_enterprise_948,361,20,4,3.9,11,5402.55,0,0,0,0,0.59,0,79,2,Marketing
user_enterprise_949,1112,6,11,22.5,20,6322.46,0,0,0,0,0.94,0,88,1,Finance
user_enterprise_950,751,12,26,74.5,18,3964.81,0,1,0,0,0.86,0,92,0,Finance
user_enterprise_951,780,3,9,5.3,17,6385.99,0,0,1,0,0.85,0,83,1,E-commerce
user_enterprise_952,845,50,0,0.0,22,6562.4,0,0,1,0,0.99,0,85,1,Finance
user_enterprise_953,576,31,2,3.1,14,2639.08,0,0,4,0,0.77,0,84,1,Marketing
user_enterprise_954,853,7,13,11.0,22,10407.85,0,0,1,0,0.73,0,64,3,Finance
user_enterprise_955,782,1,9,20.9,23,9895.41,0,0,0,0,0.8,0,76,2,E-commerce
user_enterprise_956,541,8,15,8.9,16,6040.55,0,0,0,0,0.63,0,100,0,E-commerce
user_enterprise_957,930,10,18,23.8,16,5868.36,0,2,5,0,0.9,0,71,2,Marketing
user_enterprise_958,431,49,1,0.8,13,5040.71,0,2,0,0,0.73,0,80,2,Marketing
user_enterprise_959,883,8,27,69.3,17,1596.7,0,0,1,0,0.83,0,98,0,Education
user_enterprise_960,1080,35,0,0.0,27,9327.15,0,0,5,0,0.88,0,100,0,Marketing
user_enterprise_961,777,6,24,33.8,17,3518.14,0,0,1,0,0.86,0,52,4,Marketing
user_enterprise_962,694,21,2,1.7,17,6157.93,0,1,1,0,0.86,0,100,0,Marketing
user_enterprise_963,869,5,15,12.2,17,3965.06,0,0,1,0,0.74,0,58,4,Marketing
user_enterprise_964,1051,5,21,17.5,22,8881.18,0,3,7,1,0.86,0,87,1,Education
user_enterprise_965,653,8,26,43.5,18,4302.79,0,0,0,0,0.75,0,74,2,Finance
user_enterprise_966,1159,40,2,3.0,35,12546.57,0,0,1,0,0.8,0,60,4,Finance
user_enterprise_967,511,4,6,6.7,12,4634.1,0,1,3,0,0.84,0,77,2,Marketing
user_enterprise_968,100,7,24,16.5,2,655.81,0,0,0,0,0.69,0,96,0,Marketing
user_enterprise_969,869,6,16,11.2,15,2074.82,0,0,1,0,0.83,0,92,0,SaaS
user_enterprise_970,633,27,4,4.5,11,983.96,0,0,0,0,0.68,0,88,1,Marketing
user_enterprise_971,740,12,9,16.6,23,9437.31,0,1,0,0,0.54,0,76,2,Education
user_enterprise_972,616,6,21,34.2,14,6286.04,0,0,0,0,0.66,0,98,0,Finance
user_enterprise_973,563,1,29,15.8,15,3462.45,0,0,1,0,0.83,0,85,1,E-commerce
user_enterprise_974,565,25,4,4.4,12,1485.97,0,0,1,0,0.8,0,63,3,Education
user_enterprise_975,997,10,25,21.3,32,4276.31,0,0,0,0,0.64,0,69,3,Education
user_enterprise_976,449,7,10,29.5,11,1804.07,0,0,1,0,0.87,0,84,1,Finance
user_enterprise_977,849,6,8,7.8,15,4586.02,1,1,5,1,0.85,0,67,3,Finance
user_enterprise_978,483,59,2,3.9,10,4249.75,0,0,4,1,0.8,0,86,1,SaaS
user_enterprise_979,1015,52,1,1.9,22,1371.9,0,0,0,0,0.81,0,91,0,Education
user_enterprise_980,570,1,5,7.3,12,1078.96,0,2,0,0,0.87,0,91,0,E-commerce
user_enterprise_981,753,11,15,25.4,13,6499.33,0,0,7,1,0.88,0,96,0,Marketing
user_enterprise_982,540,39,4,3.4,10,4965.83,0,2,0,0,0.96,0,77,2,Finance
user_enterprise_983,501,9,17,11.2,12,3805.24,0,0,3,0,0.72,0,79,2,Education
user_enterprise_984,743,35,2,5.4,20,6930.26,0,0,1,0,0.79,0,85,1,Finance
user_enterprise_985,448,10,27,41.7,9,1714.08,0,0,1,0,0.85,0,55,4,Education
user_enterprise_986,1019,10,10,27.2,22,9976.48,0,0,4,0,0.78,0,63,3,E-commerce
user_enterprise_987,635,28,3,3.3,19,9358.08,0,0,1,0,0.96,0,95,0,Education
user_enterprise_988,763,8,22,23.5,15,784.77,0,0,4,2,0.79,0,97,0,E-commerce
user_enterprise_989,1127,3,22,18.9,28,3061.43,0,0,1,0,0.78,0,61,3,Education
user_enterprise_990,753,3,16,29.8,14,908.99,1,0,0,0,0.89,0,79,2,Education
user_enterprise_991,1038,9,10,5.3,32,12337.34,0,0,1,0,1.0,0,100,0,Marketing
user_enterprise_992,687,13,6,10.8,17,5877.15,0,0,1,0,0.94,0,82,1,Education
user_enterprise_993,616,5,9,22.5,13,1387.53,0,0,2,0,0.79,0,39,6,E-commerce
user_enterprise_994,420,46,2,5.5,11,3533.78,0,0,2,0,0.83,0,77,2,E-commerce
user_enterprise_995,667,7,27,64.7,18,2161.04,0,1,0,0,0.88,0,86,1,Finance
user_enterprise_996,575,2,6,15.5,15,6825.12,0,0,0,0,0.76,0,52,4,Finance
user_enterprise_997,840,12,29,23.7,18,2862.43,0,0,1,0,0.82,0,100,0,Education
user_enterprise_998,951,5,15,10.8,27,4007.71,0,1,1,0,1.0,0,100,0,E-commerce
user_enterprise_999,1035,5,16,43.3,22,6490.37,0,0,0,0,0.75,0,100,0,Education
user_enterprise_1000,599,3,29,58.3,12,2205.95,0,0,0,0,0.78,0,97,0,Education
user_enterprise_1001,666,29,4,10.8,19,9203.78,0,0,0,0,0.9,0,97,0,Marketing
user_enterprise_1002,842,11,20,49.2,21,7422.21,0,2,1,0,0.94,0,54,4,E-commerce
user_enterprise_1003,639,10,20,46.5,20,7500.33,0,0,0,0,0.88,0,95,0,Finance
user_enterprise_1004,752,10,11,7.9,21,5062.24,0,0,3,0,0.79,0,57,4,Education
user_enterprise_1005,629,11,11,24.6,16,7461.98,0,0,3,0,0.87,0,62,3,Finance
user_enterprise_1006,387,0,11,27.2,11,4535.48,0,0,0,0,0.89,0,71,2,Education
user_enterprise_1007,993,1,13,10.7,30,11142.31,0,0,3,0,0.8,0,57,4,Marketing
user_enterprise_1008,697,2,24,40.0,15,2084.93,0,0,1,0,0.82,0,82,1,Marketing
user_enterprise_1009,174,11,14,13.9,3,440.12,1,0,1,0,0.9,0,75,2,Marketing
user_enterprise_1010,862,25,1,2.7,22,3756.32,0,0,2,0,0.86,0,95,0,Finance
user_enterprise_1011,1091,2,12,20.4,30,13258.52,0,0,0,0,0.86,0,82,1,E-commerce
user_enterprise_1012,786,13,21,15.2,22,10406.1,0,1,2,0,0.87,0,47,5,E-commerce
user_enterprise_1013,729,9,5,2.7,13,4377.09,0,4,0,0,0.87,0,76,2,Marketing
user_enterprise_1014,691,29,3,6.4,17,4389.61,0,1,4,2,0.69,0,69,3,SaaS
user_enterprise_1015,630,11,9,9.9,17,7294.54,0,4,0,0,0.94,0,93,0,Education
user_enterprise_1016,802,13,20,55.9,25,7206.56,0,0,1,0,0.7,0,84,1,Education
user_enterprise_1017,842,2,9,25.2,19,7275.3,0,3,0,0,0.78,0,63,3,SaaS
user_enterprise_1018,511,9,12,13.7,14,6073.74,0,0,1,0,0.85,0,59,4,E-commerce
user_enterprise_1019,985,51,3,3.7,25,9778.02,0,0,0,0,0.88,0,81,1,Finance
user_enterprise_1020,441,21,2,2.9,8,3751.61,0,1,1,0,0.84,0,98,0,Education
user_enterprise_1021,922,11,10,24.7,15,2484.16,0,0,0,0,0.75,0,58,4,Marketing
user_enterprise_1022,855,59,3,2.7,20,5796.51,0,0,0,0,0.75,0,70,3,Finance
user_enterprise_1023,303,1,13,33.9,8,2772.06,0,0,0,0,0.77,0,45,5,SaaS
user_enterprise_1024,485,9,5,14.7,9,3947.3,0,0,7,0,0.85,0,84,1,Finance
user_enterprise_1025,856,1,7,11.3,17,7293.34,0,0,0,0,0.81,0,100,0,Marketing
user_enterprise_1026,649,11,14,36.0,11,1600.3,0,0,0,0,0.82,0,84,1,SaaS
user_enterprise_1027,638,30,2,5.0,12,5636.51,0,2,5,1,0.69,0,73,2,SaaS
user_enterprise_1028,739,5,11,11.9,17,2446.19,0,0,1,0,0.79,0,73,2,Education
user_enterprise_1029,585,24,0,0.0,15,3017.7,0,0,0,0,0.76,0,100,0,Education
user_enterprise_1030,555,11,24,13.2,17,3096.45,0,0,5,0,0.76,0,84,1,Marketing
user_enterprise_1031,293,0,26,51.7,5,1364.43,0,0,1,0,0.83,0,63,3,SaaS
user_enterprise_1032,730,9,19,12.3,22,9149.76,0,0,1,0,0.98,0,78,2,SaaS
user_enterprise_1033,685,5,19,50.5,12,4024.54,1,1,1,0,0.91,0,82,1,Marketing
user_enterprise_1034,599,3,27,63.5,17,3165.48,0,0,4,1,0.78,0,75,2,Education
user_enterprise_1035,674,5,14,37.8,12,5017.27,0,1,0,0,0.9,0,85,1,Education
user_enterprise_1036,707,15,1,2.0,12,4089.96,0,5,2,0,0.59,0,81,1,Education
user_enterprise_1037,573,7,28,77.3,13,3715.46,0,0,0,0,0.96,0,54,4,Finance
user_enterprise_1038,513,11,26,34.1,12,3187.68,0,0,1,0,0.8,0,70,3,Education
user_enterprise_1039,706,8,5,14.3,16,1289.77,0,0,1,0,0.65,0,89,1,Marketing
user_enterprise_1040,881,9,18,25.8,18,1505.7,0,0,0,0,0.88,0,81,1,SaaS
user_enterprise_1041,1011,58,1,2.3,24,1961.22,0,0,1,0,0.66,0,75,2,SaaS
user_enterprise_1042,565,13,8,12.7,15,4390.5,0,0,0,0,0.68,0,83,1,Finance
user_enterprise_1043,758,11,26,35.3,16,7975.25,0,0,1,0,0.75,0,88,1,Education
user_enterprise_1044,641,5,6,15.4,14,2453.77,0,0,0,0,0.8,0,88,1,SaaS
user_enterprise_1045,657,4,29,26.1,11,671.44,0,0,0,0,0.75,0,76,2,E-commerce
user_enterprise_1046,782,38,0,0.0,20,5780.18,0,0,0,0,0.7,0,75,2,Finance
user_enterprise_1047,476,10,19,40.3,12,3376.63,0,0,0,0,0.93,0,49,5,SaaS
user_enterprise_1048,617,9,24,41.0,15,4082.42,0,0,4,0,1.0,0,100,0,Education
user_enterprise_1049,644,35,1,1.5,11,5470.66,0,0,2,0,0.98,0,47,5,SaaS
user_enterprise_1050,410,11,29,23.3,8,1372.83,0,0,6,2,0.87,0,74,2,Finance
user_enterprise_1051,774,1,10,9.8,19,6789.96,0,2,0,0,0.82,0,69,3,E-commerce
user_enterprise_1052,449,9,10,23.5,11,5382.73,0,0,1,0,0.83,0,100,0,SaaS
user_enterprise_1053,510,9,6,5.5,12,3506.34,0,0,1,0,0.73,0,78,2,SaaS
user_enterprise_1054,252,13,28,56.2,5,2055.32,0,0,0,0,0.68,0,94,0,SaaS
user_enterprise_1055,673,4,13,37.0,12,5241.26,0,0,1,0,0.87,0,64,3,E-commerce
user_enterprise_1056,1013,9,8,17.5,31,8381.82,0,0,0,0,0.77,0,91,0,Finance
user_enterprise_1057,821,12,20,22.6,14,4645.89,0,0,0,0,0.78,0,66,3,Education
user_enterprise_1058,706,2,11,9.6,22,5539.22,0,0,2,0,0.76,0,56,4,SaaS
user_enterprise_1059,724,8,16,36.7,23,9498.04,0,0,0,0,0.79,0,93,0,E-commerce
user_enterprise_1060,726,1,20,32.8,18,5475.52,0,0,0,0,0.82,0,82,1,E-commerce
user_enterprise_1061,779,3,15,35.5,18,1921.25,0,0,0,0,0.69,0,100,0,Education
user_enterprise_1062,677,11,15,9.3,12,2882.48,1,0,0,0,0.6,0,86,1,Marketing
user_enterprise_1063,627,3,24,32.9,17,3220.68,0,0,1,0,0.67,0,84,1,E-commerce
user_enterprise_1064,509,6,15,15.8,10,1179.04,0,1,3,0,0.81,0,90,1,Finance
user_enterprise_1065,627,3,25,26.5,15,2042.28,0,0,4,1,0.74,0,80,2,Education
user_enterprise_1066,777,47,2,4.4,22,5319.36,0,0,1,0,0.86,0,92,0,Education
user_enterprise_1067,391,9,10,27.7,6,1015.73,0,0,1,0,0.7,0,65,3,Education
user_enterprise_1068,833,1,21,58.5,18,3930.76,0,0,0,0,0.68,0,53,4,E-commerce
user_enterprise_1069,836,9,23,25.7,23,2787.78,0,0,0,0,0.84,0,74,2,Education
user_enterprise_1070,837,5,19,33.7,25,12426.04,0,2,0,0,0.87,0,64,3,Marketing
user_enterprise_1071,551,30,1,2.8,11,1810.85,3,0,0,0,0.75,0,79,2,E-commerce
user_enterprise_1072,481,8,21,51.5,9,880.49,0,0,0,0,0.99,0,100,0,Finance
user_enterprise_1073,558,0,13,28.6,13,4335.64,0,1,1,0,0.76,0,84,1,Finance
user_enterprise_1074,488,30,3,8.9,11,4673.79,2,0,3,0,0.85,0,84,1,E-commerce
user_enterprise_1075,1071,6,25,25.6,23,4272.95,0,0,0,0,0.94,0,100,0,SaaS
user_enterprise_1076,999,3,14,32.6,19,9117.53,0,0,3,1,0.76,0,94,0,Finance
user_enterprise_1077,626,9,8,13.8,16,6088.39,2,0,1,0,0.79,0,90,1,Education
user_enterprise_1078,372,9,21,17.2,7,1614.98,0,0,0,0,0.8,0,78,2,E-commerce
user_enterprise_1079,800,37,3,4.3,24,2286.02,0,0,0,0,0.71,0,71,2,Finance
user_enterprise_1080,749,7,23,43.9,21,9587.43,0,1,0,0,0.77,0,80,2,Finance
user_enterprise_1081,609,38,3,4.4,16,7290.43,1,0,0,0,0.75,0,75,2,SaaS
user_enterprise_1082,462,5,20,56.4,8,866.02,0,0,1,0,0.67,0,80,2,Finance
user_enterprise_1083,679,11,8,6.9,12,5280.09,0,0,1,0,0.87,0,54,4,Education
user_enterprise_1084,815,6,5,3.3,14,5315.23,0,3,0,0,0.97,0,79,2,E-commerce
user_enterprise_1085,932,5,22,14.1,29,8427.29,1,0,1,0,0.79,0,81,1,E-commerce
user_enterprise_1086,657,3,23,55.6,18,3398.51,0,0,0,0,0.86,0,70,3,E-commerce
user_enterprise_1087,1123,6,22,61.9,22,4891.39,0,3,0,0,0.73,0,84,1,Marketing
user_enterprise_1088,672,6,14,15.0,16,5970.72,0,1,1,0,1.0,0,100,0,Finance
user_enterprise_1089,486,32,2,4.9,13,6273.1,0,0,1,0,0.74,0,77,2,E-commerce
user_enterprise_1090,877,4,13,23.8,26,8465.77,0,0,0,0,0.86,0,88,1,SaaS
user_enterprise_1091,502,5,29,16.1,11,3428.11,0,1,0,0,0.88,0,84,1,Education
user_enterprise_1092,856,7,8,7.8,18,6522.27,0,0,0,0,0.9,0,56,4,Finance
user_enterprise_1093,623,9,11,29.2,11,2651.34,0,3,0,0,0.73,0,83,1,Finance
user_enterprise_1094,422,2,5,3.3,7,1099.6,0,0,2,0,0.84,0,86,1,Education
user_enterprise_1095,780,8,21,23.7,25,4266.79,0,0,0,0,0.7,0,82,1,Marketing
user_enterprise_1096,366,4,16,31.2,7,3289.72,0,0,3,1,0.81,0,56,4,Finance
user_enterprise_1097,711,7,17,20.2,17,7087.8,0,0,5,0,0.9,0,85,1,Finance
user_enterprise_1098,710,5,15,19.5,17,6863.89,0,0,0,0,0.85,0,92,0,SaaS
user_enterprise_1099,795,2,10,12.4,16,1263.49,0,0,0,0,0.78,0,77,2,SaaS
user_enterprise_1100,615,1,12,21.0,10,4479.83,0,0,0,0,0.86,0,90,1,SaaS
user_enterprise_1101,644,4,8,12.7,16,2981.06,0,0,2,0,0.96,0,90,1,E-commerce
user_enterprise_1102,722,0,21,62.0,17,2229.85,0,3,0,0,0.82,0,71,2,Education
user_enterprise_1103,823,3,11,13.0,19,3019.13,0,1,0,0,0.78,0,84,1,E-commerce
user_enterprise_1104,1098,42,0,0.0,24,11438.2,0,1,2,0,0.77,0,96,0,Education
user_enterprise_1105,485,19,2,2.1,9,1869.6,0,0,1,0,0.74,0,59,4,Education
user_enterprise_1106,975,1,12,27.8,30,11172.87,0,3,0,0,0.75,0,57,4,E-commerce
user_enterprise_1107,645,3,20,54.9,17,1892.18,0,0,0,0,0.87,0,64,3,Finance
user_enterprise_1108,283,7,18,14.4,5,1924.46,0,0,0,0,0.85,0,84,1,Education
user_enterprise_1109,732,6,17,17.7,23,8302.48,0,0,0,0,0.8,0,67,3,SaaS
user_enterprise_1110,979,28,1,1.6,19,1318.58,0,0,0,0,0.79,0,76,2,SaaS
user_enterprise_1111,887,1,15,33.6,25,1254.14,0,0,0,0,0.9,0,65,3,Marketing
user_enterprise_1112,1077,10,13,11.7,17,3581.59,0,0,0,0,0.83,0,68,3,Finance
user_enterprise_1113,862,2,9,9.6,26,3348.76,0,0,0,0,0.7,0,83,1,Education
user_enterprise_1114,625,13,28,39.1,15,3755.14,0,0,2,0,0.69,0,81,1,E-commerce
user_enterprise_1115,1060,1,29,75.5,30,7221.82,0,0,0,0,0.84,0,100,0,Finance
user_enterprise_1116,638,3,27,44.4,12,2408.35,0,1,1,0,0.81,0,37,6,E-commerce
user_enterprise_1117,1031,0,16,12.3,19,6643.38,0,1,0,0,0.89,0,95,0,Marketing
user_enterprise_1118,564,5,15,39.8,9,525.86,0,0,0,0,0.75,0,86,1,SaaS
user_enterprise_1119,1018,0,26,55.8,20,6373.76,0,0,6,1,0.77,0,72,2,SaaS
user_enterprise_1120,753,9,11,25.6,21,2399.56,0,0,1,0,0.97,0,87,1,SaaS
user_enterprise_1121,623,12,20,59.1,18,5235.58,0,0,0,0,0.86,0,89,1,Finance
user_enterprise_1122,758,5,21,43.4,22,7238.2,0,1,2,0,0.81,0,72,2,Education
user_enterprise_1123,424,0,28,40.6,9,4440.43,0,0,0,0,0.85,0,70,3,Education
user_enterprise_1124,500,1,25,49.2,9,1593.47,0,0,0,0,0.79,0,64,3,SaaS
user_enterprise_1125,613,5,22,15.5,14,2459.14,0,0,0,0,0.68,0,78,2,Marketing
user_enterprise_1126,414,46,3,4.1,11,1215.73,0,0,0,0,0.85,0,77,2,SaaS
user_enterprise_1127,727,2,21,17.2,16,7898.82,0,0,2,0,0.92,0,100,0,SaaS
user_enterprise_1128,620,13,25,37.1,17,8228.12,0,0,0,0,0.9,0,73,2,SaaS
user_enterprise_1129,434,3,11,27.7,9,2756.96,0,0,0,0,0.65,0,36,6,Finance
user_enterprise_1130,748,4,9,10.0,20,4908.19,0,0,2,0,0.67,0,61,3,Marketing
user_enterprise_1131,980,5,8,24.0,19,9098.08,1,1,0,0,0.72,0,100,0,SaaS
user_enterprise_1132,932,7,21,61.0,22,1545.58,0,1,1,0,0.94,0,85,1,Marketing
user_enterprise_1133,607,1,26,53.7,19,8289.36,0,3,0,0,0.82,0,96,0,Finance
user_enterprise_1134,243,17,2,3.9,6,736.8,1,3,0,0,0.88,0,100,0,Marketing
user_enterprise_1135,652,8,6,8.5,20,5289.5,0,1,0,0,0.72,0,71,2,Marketing
user_enterprise_1136,1014,9,17,45.8,32,11741.63,0,0,0,0,0.68,0,96,0,SaaS
user_enterprise_1137,615,3,20,23.9,13,3555.97,0,1,0,0,0.8,0,71,2,Education
user_enterprise_1138,974,1,6,11.3,25,1498.71,0,4,0,0,0.92,0,76,2,SaaS
user_enterprise_1139,810,5,6,5.4,20,1881.52,0,0,0,0,0.82,0,67,3,E-commerce
user_enterprise_1140,314,0,23,17.2,5,756.06,0,1,1,0,0.83,0,60,4,SaaS
user_enterprise_1141,453,26,2,3.4,10,2144.85,0,0,0,0,0.63,0,75,2,SaaS
user_enterprise_1142,906,12,13,38.4,18,8147.03,0,0,0,0,0.88,0,53,4,Education
user_enterprise_1143,886,13,5,5.5,25,8038.29,0,0,1,0,0.84,0,77,2,Education
user_enterprise_1144,868,9,16,11.8,16,2671.78,0,1,1,0,0.81,0,74,2,Finance
user_enterprise_1145,901,19,2,1.5,24,5422.46,0,0,3,3,0.94,0,100,0,Finance
user_enterprise_1146,707,9,13,29.6,18,6301.07,0,0,1,0,0.71,0,87,1,E-commerce
user_enterprise_1147,819,52,0,0.0,15,5461.6,0,0,0,0,0.86,0,64,3,E-commerce
user_enterprise_1148,763,0,9,6.7,22,9290.21,0,3,0,0,0.9,0,56,4,Finance
user_enterprise_1149,709,1,9,17.3,19,8367.26,0,2,1,0,0.91,0,69,3,SaaS
user_enterprise_1150,374,13,8,18.7,6,2170.84,0,0,0,0,0.81,0,85,1,Finance
user_enterprise_1151,402,3,10,17.8,11,1918.72,0,0,1,0,0.87,0,60,4,Finance
user_enterprise_1152,739,45,2,5.5,18,7614.25,0,0,0,0,0.99,0,61,3,Finance
user_enterprise_1153,514,6,18,30.9,13,3920.69,0,0,1,0,0.78,0,87,1,E-commerce
user_enterprise_1154,418,7,24,44.8,7,1542.95,0,0,0,0,0.93,0,95,0,Education
user_enterprise_1155,497,11,24,34.7,11,2654.31,0,0,0,0,0.94,0,81,1,SaaS
user_enterprise_1156,575,13,26,40.7,12,777.05,0,4,0,0,0.85,0,51,4,Education
user_enterprise_1157,721,59,4,9.7,16,6959.77,0,0,0,0,0.76,0,82,1,Finance
user_enterprise_1158,712,28,3,2.1,15,7489.53,0,0,0,0,0.72,0,76,2,Finance
user_enterprise_1159,750,11,24,53.7,18,4623.24,1,1,0,0,0.94,0,73,2,Education
user_enterprise_1160,627,4,13,25.1,14,6194.49,0,1,1,0,0.73,0,83,1,E-commerce
user_enterprise_1161,521,7,23,15.7,9,760.45,0,0,1,0,0.95,0,75,2,Marketing
user_enterprise_1162,673,5,8,14.3,19,5355.21,0,0,0,0,0.73,0,71,2,Finance
user_enterprise_1163,764,13,9,25.4,18,1942.11,0,2,1,0,0.83,0,91,0,SaaS
user_enterprise_1164,505,6,15,21.5,14,1360.26,0,0,2,0,0.81,0,63,3,Marketing
user_enterprise_1165,925,10,12,34.8,24,1660.81,0,1,0,0,1.0,0,78,2,Finance
user_enterprise_1166,827,11,11,20.9,26,7558.58,0,0,0,0,0.77,0,81,1,Finance
user_enterprise_1167,1001,7,17,20.7,17,7956.87,0,0,0,0,0.72,0,63,3,Finance
user_enterprise_1168,922,0,9,24.8,21,4263.09,0,0,0,0,0.73,0,87,1,Marketing
user_enterprise_1169,519,11,24,54.6,12,2410.0,0,0,1,0,0.79,0,68,3,Finance
user_enterprise_1170,642,12,5,10.2,19,4264.15,0,0,0,0,0.69,0,85,1,E-commerce
user_enterprise_1171,947,2,16,44.8,28,12551.12,0,1,0,0,0.66,0,74,2,SaaS
user_enterprise_1172,257,55,2,4.4,4,987.03,0,2,1,0,0.73,0,88,1,SaaS
user_enterprise_1173,253,3,14,32.3,4,484.25,0,4,0,0,0.93,0,54,4,Education
user_enterprise_1174,883,48,3,2.4,21,2104.93,0,0,0,0,0.71,0,85,1,Marketing
user_enterprise_1175,808,9,19,14.2,18,6932.77,0,0,0,0,0.99,0,99,0,Education
user_enterprise_1176,487,3,16,8.3,11,1368.27,0,0,0,0,0.85,0,97,0,Education
user_enterprise_1177,825,4,23,53.5,14,1056.51,0,0,0,0,0.92,0,91,0,SaaS
user_enterprise_1178,791,10,24,21.3,24,2019.55,0,0,1,0,1.0,0,100,0,Education
user_enterprise_1179,204,9,22,41.0,5,714.91,0,0,0,0,0.86,0,78,2,Marketing
user_enterprise_1180,934,4,6,15.9,27,5610.04,0,0,0,0,0.86,0,82,1,Education
user_enterprise_1181,758,3,12,28.5,23,4607.79,0,0,0,0,0.6,0,96,0,SaaS
user_enterprise_1182,230,8,17,9.6,6,2555.38,0,0,2,0,0.79,0,92,0,Marketing
user_enterprise_1183,301,0,13,25.6,8,1402.43,0,1,0,0,0.64,0,66,3,Education
user_enterprise_1184,492,5,20,46.4,10,4099.19,0,0,5,1,0.61,0,79,2,Education
user_enterprise_1185,925,0,28,39.5,25,7793.94,0,0,0,0,0.77,0,53,4,E-commerce
user_enterprise_1186,522,15,2,4.4,10,4915.12,0,2,2,0,0.85,0,91,0,Marketing
user_enterprise_1187,564,5,16,29.0,12,925.56,0,0,4,2,1.0,0,96,0,Marketing
user_enterprise_1188,904,5,22,19.4,24,4866.8,0,0,0,0,0.78,0,75,2,Finance
user_enterprise_1189,1081,11,15,29.6,28,4982.83,0,0,5,3,0.88,0,64,3,Marketing
user_enterprise_1190,1064,11,6,13.7,23,5063.44,0,0,0,0,0.73,0,74,2,Finance
user_enterprise_1191,304,31,4,5.0,9,1311.28,0,1,0,0,0.69,0,63,3,Finance
user_enterprise_1192,537,29,2,3.6,12,2330.94,0,0,0,0,0.84,0,75,2,E-commerce
user_enterprise_1193,676,50,1,1.0,15,5009.54,0,0,1,0,0.79,0,78,2,E-commerce
user_enterprise_1194,573,57,0,0.0,13,1809.94,0,0,1,0,0.82,0,66,3,SaaS
user_enterprise_1195,839,5,9,17.0,18,5145.05,0,0,2,0,0.77,0,57,4,SaaS
user_enterprise_1196,559,4,6,5.2,12,5858.52,0,0,1,0,0.7,0,95,0,Finance
user_enterprise_1197,739,10,12,8.9,21,5343.13,0,1,1,0,0.74,0,93,0,Finance
user_enterprise_1198,922,1,14,14.7,23,7172.57,0,3,0,0,0.71,0,78,2,Finance
user_enterprise_1199,712,10,19,33.2,21,6769.21,0,0,0,0,0.66,0,93,0,Education
user_enterprise_1200,520,8,5,8.9,11,5475.16,0,0,2,0,0.8,0,93,0,SaaS
user_enterprise_1201,642,47,4,4.8,14,2244.8,0,0,2,0,0.78,0,64,3,E-commerce
user_enterprise_1202,432,4,19,36.0,13,2491.58,0,1,0,0,0.97,0,77,2,Marketing
user_enterprise_1203,733,57,2,4.8,18,5949.68,0,0,0,0,0.9,0,71,2,Education
user_enterprise_1204,1011,11,19,11.2,19,6240.15,0,0,1,0,0.74,0,75,2,SaaS
user_enterprise_1205,1006,1,16,14.5,16,4286.49,0,0,0,0,0.78,0,99,0,Education
user_enterprise_1206,760,3,14,12.8,17,8018.13,1,0,0,0,0.74,0,72,2,Education
user_enterprise_1207,792,12,29,81.8,13,1413.87,0,0,0,0,0.68,0,75,2,Education
user_enterprise_1208,575,46,3,4.5,16,6679.92,0,0,1,0,0.74,0,72,2,E-commerce
user_enterprise_1209,977,6,19,46.4,21,2738.14,0,4,2,0,0.58,0,97,0,SaaS
user_enterprise_1210,538,16,2,1.1,16,1430.95,0,0,0,0,0.83,0,83,1,Education
user_enterprise_1211,713,5,20,51.3,20,1916.18,0,0,1,0,0.71,0,78,2,SaaS
user_enterprise_1212,1105,12,26,62.6,25,7809.1,0,0,0,0,0.92,0,84,1,Marketing
user_enterprise_1213,773,10,16,20.0,12,3527.94,0,1,1,0,0.92,0,81,1,E-commerce
user_enterprise_1214,426,1,19,18.5,12,5346.21,0,0,1,0,0.9,0,75,2,Marketing
user_enterprise_1215,871,8,16,17.2,22,6341.81,0,1,0,0,0.61,0,82,1,Finance
user_enterprise_1216,911,7,22,24.3,27,8220.93,0,0,2,0,0.86,0,87,1,Marketing
user_enterprise_1217,923,3,24,45.3,28,11041.89,0,2,0,0,0.54,0,89,1,SaaS
user_enterprise_1218,334,16,2,5.4,6,1452.47,0,0,3,1,0.86,0,90,1,E-commerce
user_enterprise_1219,454,7,6,15.0,10,4718.1,0,2,0,0,0.79,0,70,3,E-commerce
user_enterprise_1220,644,6,9,16.1,12,682.16,0,1,3,1,0.76,0,85,1,Marketing
user_enterprise_1221,527,36,4,3.4,11,4198.05,0,0,0,0,0.83,0,72,2,Finance
user_enterprise_1222,580,2,19,9.9,16,4558.86,0,0,0,0,0.8,0,83,1,SaaS
user_enterprise_1223,726,2,14,39.3,20,9977.12,0,0,0,0,0.79,0,71,2,Marketing
user_enterprise_1224,547,28,0,0.0,11,1278.38,0,0,7,0,0.95,0,80,2,Marketing
user_enterprise_1225,712,11,7,8.8,15,6626.33,0,4,0,0,0.6,0,79,2,SaaS
user_enterprise_1226,817,8,20,40.9,16,3095.98,0,0,2,0,0.77,0,66,3,SaaS
user_enterprise_1227,450,1,11,29.0,8,2200.56,1,0,1,0,0.78,0,89,1,Finance
user_enterprise_1228,938,8,8,21.0,15,791.91,0,0,3,1,0.63,0,85,1,SaaS
user_enterprise_1229,609,51,2,5.9,12,3589.05,0,0,0,0,0.97,0,81,1,Education
user_enterprise_1230,978,11,21,20.7,16,7074.73,0,0,0,0,0.83,0,83,1,E-commerce
user_enterprise_1231,869,13,14,34.6,27,7232.54,0,0,0,0,0.82,0,89,1,SaaS
user_enterprise_1232,638,6,18,38.0,15,1729.09,1,0,2,0,0.75,0,85,1,Education
user_enterprise_1233,948,12,22,64.9,29,2070.1,0,0,2,0,0.75,0,70,3,Finance
user_enterprise_1234,782,2,23,36.5,22,8828.53,0,1,1,0,0.86,0,86,1,Marketing
user_enterprise_1235,472,13,17,45.7,9,1347.0,0,0,4,2,0.54,0,98,0,E-commerce
user_enterprise_1236,765,4,23,56.3,22,1927.99,0,0,4,3,0.81,0,86,1,E-commerce
user_enterprise_1237,725,3,29,75.1,13,5004.58,0,0,5,0,0.68,0,60,4,SaaS
user_enterprise_1238,653,7,22,35.1,13,6086.61,0,0,0,0,0.65,0,100,0,E-commerce
user_enterprise_1239,715,1,23,27.0,12,2698.04,0,0,0,0,0.83,0,68,3,Marketing
user_enterprise_1240,590,0,15,28.3,17,1927.64,1,1,0,0,0.81,0,62,3,Education
user_enterprise_1241,628,3,27,53.1,15,6002.2,0,0,1,0,0.88,0,67,3,SaaS
user_enterprise_1242,688,47,4,5.6,12,5444.86,3,0,1,0,0.78,0,80,2,Marketing
user_enterprise_1243,553,6,9,6.1,9,1289.9,0,3,1,0,0.72,0,83,1,SaaS
user_enterprise_1244,1093,50,1,2.6,33,3974.14,0,3,1,0,0.85,0,73,2,Marketing
user_enterprise_1245,651,44,2,2.2,15,6131.07,0,0,1,0,0.68,0,96,0,E-commerce
user_enterprise_1246,641,6,26,13.1,18,4398.29,0,1,1,0,0.81,0,69,3,Education
user_enterprise_1247,821,8,27,31.9,22,7027.69,0,3,0,0,0.9,0,87,1,Education
user_enterprise_1248,793,11,13,14.9,19,9166.69,0,0,0,0,0.94,0,100,0,SaaS
user_enterprise_1249,771,10,10,20.8,24,3439.0,0,0,1,0,0.85,0,87,1,Education
user_enterprise_1250,755,51,0,0.0,19,3665.12,0,0,0,0,0.67,0,60,4,Marketing
user_enterprise_1251,594,2,8,20.9,14,6004.06,0,0,1,0,0.77,0,73,2,Education
user_enterprise_1252,726,3,15,9.2,21,4761.02,2,0,0,0,0.71,0,88,1,E-commerce
user_enterprise_1253,514,56,1,2.5,15,2927.18,0,0,6,0,0.86,0,63,3,Education
user_enterprise_1254,652,12,18,50.9,14,4959.64,0,0,0,0,0.78,0,62,3,E-commerce
user_enterprise_1255,500,13,23,39.7,9,927.14,1,1,0,0,0.81,0,81,1,SaaS
user_enterprise_1256,689,9,24,43.0,18,7507.41,0,0,0,0,0.88,0,65,3,E-commerce
user_enterprise_1257,726,8,22,65.0,18,7180.58,0,0,1,0,0.9,0,71,2,Finance
user_enterprise_1258,676,42,3,3.6,12,2128.14,0,0,4,1,0.54,0,97,0,Finance
user_enterprise_1259,714,28,3,2.9,18,3648.34,0,0,1,0,0.66,0,90,1,E-commerce
user_enterprise_1260,479,16,1,2.7,12,3080.28,0,0,0,0,0.78,0,73,2,Finance
user_enterprise_1261,723,12,18,19.6,16,6449.64,1,0,0,0,0.8,0,87,1,SaaS
user_enterprise_1262,259,1,18,10.4,4,1410.42,0,0,0,0,0.87,0,93,0,Marketing
user_enterprise_1263,807,9,26,14.5,23,7567.53,0,0,3,0,0.63,0,83,1,SaaS
user_enterprise_1264,838,48,2,5.7,25,10024.37,0,0,2,0,0.86,0,76,2,Education
user_enterprise_1265,463,6,23,19.7,11,1680.46,0,0,0,0,0.81,0,88,1,Marketing
user_enterprise_1266,882,3,12,23.1,28,9648.43,0,0,0,0,0.83,0,82,1,Marketing
user_enterprise_1267,1033,11,15,11.0,31,11126.92,0,0,1,0,0.86,0,82,1,SaaS
user_enterprise_1268,762,2,18,26.2,14,3890.79,0,0,1,0,0.83,0,77,2,SaaS
user_enterprise_1269,745,11,6,12.7,19,7655.05,0,2,0,0,0.83,0,72,2,Finance
user_enterprise_1270,367,12,9,24.6,7,1696.34,1,0,0,0,0.82,0,78,2,Finance
user_enterprise_1271,763,12,12,9.4,18,7823.55,0,0,0,0,0.76,0,75,2,Marketing
user_enterprise_1272,574,1,28,19.7,17,1922.87,0,0,1,0,0.87,0,84,1,E-commerce
user_enterprise_1273,977,10,14,24.9,25,5350.1,0,0,0,0,0.86,0,79,2,E-commerce
user_enterprise_1274,870,16,0,0.0,22,10886.22,0,0,0,0,0.65,0,71,2,Education
user_enterprise_1275,104,45,2,1.5,2,636.07,0,0,2,0,0.71,0,78,2,Finance
user_enterprise_1276,863,5,7,19.4,22,4311.15,0,0,0,0,0.67,0,100,0,E-commerce
user_enterprise_1277,938,5,29,56.3,15,3956.28,0,1,1,0,0.84,0,56,4,Marketing
user_enterprise_1278,619,4,29,21.6,19,7138.0,0,0,0,0,0.87,0,90,1,E-commerce
user_enterprise_1279,807,12,10,25.6,20,3705.0,0,0,0,0,0.89,0,81,1,Marketing
user_enterprise_1280,1165,6,28,43.8,21,3986.92,2,0,1,0,0.84,0,73,2,E-commerce
user_enterprise_1281,678,9,8,4.8,14,2060.33,2,0,0,0,0.82,0,83,1,E-commerce
user_enterprise_1282,1081,3,20,56.1,35,10294.48,0,0,3,0,0.85,0,80,2,Marketing
user_enterprise_1283,490,8,25,27.4,11,2821.03,0,1,1,0,0.82,0,79,2,Finance
user_enterprise_1284,435,4,25,67.3,13,1164.71,0,0,0,0,1.0,0,85,1,SaaS
user_enterprise_1285,616,8,19,42.1,15,4685.36,0,0,0,0,0.95,0,78,2,Finance
user_enterprise_1286,725,28,2,1.9,12,3500.99,0,0,3,0,1.0,0,100,0,SaaS
user_enterprise_1287,1207,30,1,0.9,36,10152.73,0,0,0,0,0.86,0,81,1,Marketing
user_enterprise_1288,380,8,19,48.7,9,3287.62,0,0,3,1,0.74,0,100,0,Marketing
user_enterprise_1289,982,15,3,3.7,19,4413.55,0,3,0,0,1.0,0,81,1,SaaS
user_enterprise_1290,947,16,1,0.6,19,2832.19,0,0,1,0,0.53,0,91,0,Marketing
user_enterprise_1291,774,7,22,56.5,17,8026.94,0,1,4,1,0.79,0,61,3,Marketing
user_enterprise_1292,330,2,12,26.4,7,3102.92,0,0,0,0,0.72,0,72,2,Marketing
user_enterprise_1293,556,11,26,68.0,9,849.6,0,5,0,0,0.82,0,69,3,Marketing
user_enterprise_1294,513,9,13,20.8,9,1208.69,0,1,0,0,0.91,0,85,1,E-commerce
user_enterprise_1295,664,8,15,33.7,21,9635.28,0,0,1,0,0.8,0,64,3,SaaS
user_enterprise_1296,745,12,9,14.7,16,2811.2,0,2,0,0,0.81,0,100,0,E-commerce
user_enterprise_1297,771,17,1,1.7,14,2932.35,0,0,1,0,0.74,0,100,0,Education
user_enterprise_1298,144,49,4,4.0,2,200.07,0,0,0,0,0.71,0,76,2,Education
user_enterprise_1299,472,6,26,69.7,12,2493.03,0,0,0,0,0.9,0,76,2,Education
user_enterprise_1300,617,11,11,32.0,12,4320.16,0,0,0,0,1.0,0,76,2,Education
user_enterprise_1301,542,7,22,28.4,17,2897.77,0,1,2,0,0.97,0,75,2,Finance
user_enterprise_1302,753,13,28,57.1,16,1521.29,0,0,0,0,0.67,0,73,2,Marketing
user_enterprise_1303,380,13,16,47.8,8,2471.52,0,0,2,0,0.77,0,69,3,Finance
user_enterprise_1304,915,11,26,58.7,26,2610.28,0,0,0,0,0.87,0,77,2,Finance
user_enterprise_1305,499,53,2,3.5,12,3378.61,0,0,0,0,0.91,0,85,1,SaaS
user_enterprise_1306,718,11,13,22.8,21,1334.5,0,0,1,0,0.84,0,94,0,Marketing
user_enterprise_1307,933,3,9,9.5,29,4751.69,0,0,0,0,0.67,0,100,0,Finance
user_enterprise_1308,631,8,18,11.8,20,2600.77,0,0,0,0,0.97,0,73,2,SaaS
user_enterprise_1309,584,19,0,0.0,13,1679.28,0,0,1,0,0.71,0,77,2,SaaS
user_enterprise_1310,422,29,2,4.2,7,3187.35,1,4,0,0,0.94,0,83,1,Finance
user_enterprise_1311,752,35,3,6.2,22,2228.8,0,0,1,0,0.74,0,96,0,E-commerce
user_enterprise_1312,779,5,26,13.8,15,7338.82,0,0,2,0,0.8,0,93,0,Finance
user_enterprise_1313,743,9,18,35.9,19,4089.83,0,0,4,0,0.7,0,72,2,Education
user_enterprise_1314,458,9,23,65.2,10,3782.55,1,0,0,0,0.67,0,85,1,Finance
user_enterprise_1315,359,16,0,0.0,8,2896.69,0,0,0,0,0.84,0,90,1,Marketing
user_enterprise_1316,385,1,8,14.0,11,3353.32,0,0,1,0,0.6,0,81,1,E-commerce
user_enterprise_1317,683,53,2,2.3,13,3625.73,0,0,0,0,0.74,0,68,3,Marketing
user_enterprise_1318,849,11,9,21.6,14,1684.09,0,7,0,0,0.9,0,95,0,Finance
user_enterprise_1319,409,10,15,38.4,11,3219.5,0,0,0,0,0.91,0,90,1,Education
user_enterprise_1320,825,15,2,1.6,15,6347.08,0,0,5,1,0.74,0,86,1,E-commerce
user_enterprise_1321,570,11,24,17.7,17,6283.32,0,0,0,0,0.91,0,63,3,SaaS
user_enterprise_1322,1035,40,3,2.2,24,3382.53,0,0,0,0,0.84,0,100,0,Finance
user_enterprise_1323,674,6,23,40.3,19,8927.9,0,0,0,0,0.76,0,100,0,Marketing
user_enterprise_1324,802,10,7,13.6,17,3902.95,0,0,1,0,0.73,0,71,2,Marketing
user_enterprise_1325,602,6,20,13.0,13,3985.43,0,0,1,0,0.81,0,82,1,Education
user_enterprise_1326,814,21,2,5.0,14,1853.22,0,0,1,0,0.7,0,100,0,SaaS
user_enterprise_1327,790,1,25,66.6,21,6523.91,0,0,0,0,0.8,0,80,2,Finance
user_enterprise_1328,687,11,12,14.8,14,4907.35,0,1,2,0,0.72,0,87,1,Finance
user_enterprise_1329,816,11,26,68.7,13,4261.82,0,0,0,0,1.0,0,85,1,SaaS
user_enterprise_1330,814,12,17,17.1,22,1218.74,0,0,0,0,0.71,0,92,0,Marketing
user_enterprise_1331,183,5,27,76.3,4,1980.58,0,0,0,0,0.73,0,80,2,Finance
user_enterprise_1332,1073,8,25,33.2,27,6451.17,0,0,1,0,0.89,0,80,2,Finance
user_enterprise_1333,719,37,3,3.2,19,5034.31,0,2,0,0,0.81,0,80,2,Finance
user_enterprise_1334,805,13,23,14.7,13,3537.3,0,0,0,0,0.78,0,73,2,SaaS
user_enterprise_1335,547,0,19,41.8,17,1409.49,0,2,1,0,0.75,0,80,2,SaaS
user_enterprise_1336,507,30,1,2.4,9,2063.3,0,2,2,0,0.79,0,98,0,Finance
user_enterprise_1337,725,0,27,73.0,21,3822.71,0,0,5,0,0.81,0,87,1,Education
user_enterprise_1338,694,12,7,20.3,22,8544.01,0,0,6,4,0.92,0,81,1,Marketing
user_enterprise_1339,696,5,23,58.9,21,9475.75,0,4,1,0,0.72,0,96,0,E-commerce
user_enterprise_1340,549,12,6,15.2,15,3176.95,0,0,0,0,0.84,0,49,5,Marketing
user_enterprise_1341,1014,1,16,41.5,29,8346.33,0,0,0,0,0.58,0,69,3,Education
user_enterprise_1342,827,4,16,47.0,14,2887.13,0,0,1,0,0.71,0,77,2,SaaS
user_enterprise_1343,543,3,14,28.0,10,570.54,0,0,0,0,0.73,0,100,0,Education
user_enterprise_1344,652,2,25,23.3,12,4799.8,0,0,0,0,0.93,0,65,3,E-commerce
user_enterprise_1345,623,5,6,10.8,16,5899.03,1,0,1,0,0.92,0,58,4,SaaS
user_enterprise_1346,661,2,21,12.3,19,4531.63,0,1,1,0,0.85,0,73,2,E-commerce
user_enterprise_1347,470,1,17,19.8,9,3704.21,0,0,0,0,0.83,0,71,2,Finance
user_enterprise_1348,395,0,21,43.3,7,1357.16,0,2,0,0,0.72,0,88,1,Finance
user_enterprise_1349,553,6,8,12.0,9,2130.13,0,1,0,0,0.75,0,79,2,Finance
user_enterprise_1350,808,10,6,4.5,16,6224.37,0,4,0,0,0.87,0,67,3,Finance
user_enterprise_1351,512,0,6,16.2,9,3570.94,0,1,2,0,0.9,0,80,2,Marketing
user_enterprise_1352,1052,0,28,17.8,30,5878.34,0,1,0,0,0.85,0,74,2,E-commerce
user_enterprise_1353,259,9,10,5.6,4,1778.47,0,0,7,1,0.79,0,86,1,E-commerce
user_enterprise_1354,758,10,7,16.4,24,1302.79,0,0,0,0,0.82,0,67,3,Education
user_enterprise_1355,720,2,16,21.4,14,1824.83,0,0,0,0,0.59,0,71,2,Finance
user_enterprise_1356,579,6,24,63.9,12,5165.91,0,1,0,0,0.77,0,71,2,Marketing
user_enterprise_1357,971,12,19,42.5,26,2268.55,0,3,2,0,0.91,0,92,0,Education
user_enterprise_1358,568,6,20,34.8,17,6958.83,0,0,0,0,1.0,0,100,0,Finance
user_enterprise_1359,725,40,2,4.9,23,10772.71,0,0,2,0,0.66,0,61,3,Finance
user_enterprise_1360,727,3,16,41.4,12,5030.27,0,0,0,0,0.7,0,58,4,E-commerce
user_enterprise_1361,689,7,14,38.5,14,3643.68,0,0,0,0,0.71,0,69,3,Education
user_enterprise_1362,1062,6,10,8.1,21,2706.55,0,0,0,0,0.76,0,81,1,E-commerce
user_enterprise_1363,531,4,19,53.1,14,830.73,0,0,0,0,0.79,0,78,2,Marketing
user_enterprise_1364,946,5,16,17.6,21,7549.39,1,0,1,0,0.84,0,91,0,E-commerce
user_enterprise_1365,873,24,2,4.1,27,11427.48,0,0,0,0,0.87,0,81,1,E-commerce
user_enterprise_1366,1051,13,18,21.4,34,10607.1,0,0,2,0,0.76,0,100,0,E-commerce
user_enterprise_1367,485,11,15,25.0,13,2755.82,0,5,1,0,0.87,0,94,0,SaaS
user_enterprise_1368,679,6,29,74.6,17,7453.45,0,0,2,0,0.86,0,79,2,Finance
user_enterprise_1369,611,6,17,17.8,14,4737.28,1,0,1,0,0.79,0,74,2,SaaS
user_enterprise_1370,646,6,27,70.1,19,4408.17,0,0,0,0,0.96,0,67,3,Finance
user_enterprise_1371,813,13,8,17.8,20,2001.36,0,0,1,0,0.81,0,90,1,Finance
user_enterprise_1372,756,0,16,24.6,14,2608.25,0,0,1,0,0.86,0,99,0,Finance
user_enterprise_1373,740,7,8,11.1,19,5046.17,0,1,0,0,0.97,0,89,1,Finance
user_enterprise_1374,548,36,0,0.0,17,1099.72,0,0,1,0,0.75,0,90,1,Marketing
user_enterprise_1375,825,10,17,15.6,18,5032.56,0,0,4,1,0.87,0,76,2,Finance
user_enterprise_1376,721,23,4,5.3,19,6103.5,0,0,0,0,0.76,0,48,5,SaaS
user_enterprise_1377,831,5,26,19.9,26,7570.47,1,1,0,0,0.89,0,63,3,Education
user_enterprise_1378,635,7,19,36.3,11,4659.72,0,0,0,0,0.81,0,70,3,Finance
user_enterprise_1379,675,2,18,25.9,14,6910.12,0,2,1,0,0.69,0,65,3,E-commerce
user_enterprise_1380,881,24,2,3.7,27,12386.92,0,0,6,3,0.95,0,100,0,SaaS
user_enterprise_1381,559,11,28,57.8,13,3362.06,1,0,1,0,0.91,0,82,1,Education
user_enterprise_1382,481,6,16,17.2,13,4712.44,0,0,0,0,0.62,0,72,2,Education
user_enterprise_1383,559,9,6,3.2,17,6856.59,0,0,2,0,0.8,0,67,3,Marketing
user_enterprise_1384,523,6,17,29.5,12,3835.56,0,0,0,0,0.8,0,72,2,Finance
user_enterprise_1385,974,0,12,22.6,16,2318.97,1,0,1,0,0.5,0,81,1,SaaS
user_enterprise_1386,593,4,5,12.7,15,6180.41,0,0,0,0,0.76,0,68,3,Marketing
user_enterprise_1387,925,9,14,28.6,18,8469.12,0,0,2,0,0.8,0,91,0,Marketing
user_enterprise_1388,492,0,24,15.7,13,4602.87,0,4,0,0,0.8,0,50,5,SaaS
user_enterprise_1389,1001,12,14,13.6,19,8990.78,0,1,0,0,0.9,0,84,1,Finance
user_enterprise_1390,406,6,15,21.7,7,2815.34,0,0,6,0,0.9,0,77,2,Finance
user_enterprise_1391,639,2,23,51.5,13,2605.39,0,0,1,0,0.68,0,77,2,SaaS
user_enterprise_1392,426,11,8,19.9,10,3673.86,0,0,0,0,0.73,0,93,0,E-commerce
user_enterprise_1393,629,13,16,13.0,13,4048.07,0,0,1,0,0.8,0,84,1,SaaS
user_enterprise_1394,561,0,11,22.8,14,5271.22,0,1,5,0,0.88,0,83,1,Marketing
user_enterprise_1395,627,3,12,24.5,14,967.65,0,3,1,0,0.8,0,100,0,SaaS
user_enterprise_1396,809,52,3,4.7,14,6027.64,0,1,0,0,0.88,0,71,2,E-commerce
user_enterprise_1397,533,10,20,23.6,13,3570.52,0,0,2,0,0.81,0,99,0,E-commerce
user_enterprise_1398,1171,8,18,31.0,26,6535.92,0,0,1,0,0.87,0,94,0,Marketing
user_enterprise_1399,455,6,22,59.8,7,1935.54,0,3,0,0,0.82,0,96,0,Education
user_enterprise_1400,435,6,27,36.0,7,2016.17,0,0,0,0,0.82,0,100,0,E-commerce
user_enterprise_1401,601,3,12,17.7,15,6954.68,1,0,1,0,0.79,0,100,0,SaaS
user_enterprise_1402,323,3,24,63.8,8,1639.99,0,0,0,0,0.9,0,71,2,E-commerce
user_enterprise_1403,543,0,10,23.7,17,861.74,0,1,1,0,0.78,0,69,3,Marketing
user_enterprise_1404,856,6,21,45.8,14,2779.75,0,0,1,0,0.76,0,85,1,Finance
user_enterprise_1405,796,8,22,24.9,25,1831.0,0,0,2,0,0.89,0,78,2,Education
user_enterprise_1406,425,42,0,0.0,7,1379.87,0,5,3,0,0.78,0,100,0,E-commerce
user_enterprise_1407,702,1,15,36.1,22,2685.62,0,0,1,0,0.65,0,96,0,SaaS
user_enterprise_1408,831,5,17,11.1,22,10288.0,0,0,0,0,0.75,0,54,4,Marketing
user_enterprise_1409,907,8,5,8.2,20,1819.35,0,2,1,0,0.7,0,91,0,SaaS
user_enterprise_1410,604,9,10,11.8,17,3200.91,0,1,0,0,0.97,0,91,0,E-commerce
user_enterprise_1411,889,10,28,52.4,19,2445.32,0,0,2,0,0.79,0,73,2,Education
user_enterprise_1412,309,4,23,26.8,8,3227.22,1,0,2,0,0.82,0,69,3,E-commerce
user_enterprise_1413,248,4,10,7.1,5,1928.05,0,0,0,0,0.89,0,82,1,SaaS
user_enterprise_1414,751,38,0,0.0,22,5027.96,0,0,2,0,0.8,0,94,0,E-commerce
user_enterprise_1415,683,8,12,29.3,12,907.75,1,0,1,0,0.56,0,100,0,E-commerce
user_enterprise_1416,930,21,0,0.0,18,3728.29,1,2,0,0,0.69,0,77,2,Finance
user_enterprise_1417,604,8,21,31.6,14,3686.97,0,0,5,1,0.96,0,73,2,Finance
user_enterprise_1418,704,5,22,35.4,15,2264.85,0,0,0,0,0.78,0,79,2,SaaS
user_enterprise_1419,541,8,28,30.5,10,2811.93,0,1,0,0,0.6,0,100,0,SaaS
user_enterprise_1420,781,7,7,8.4,20,2336.34,0,4,0,0,0.84,0,76,2,SaaS
user_enterprise_1421,624,33,1,1.0,16,6510.78,0,1,4,0,0.89,0,100,0,Finance
user_enterprise_1422,561,2,25,54.0,16,5116.46,0,0,4,0,0.88,0,85,1,SaaS
user_enterprise_1423,848,3,5,6.8,14,2622.14,0,0,0,0,0.83,0,88,1,E-commerce
user_enterprise_1424,840,10,26,14.2,25,5021.67,0,1,0,0,0.88,0,61,3,SaaS
user_enterprise_1425,912,42,3,8.8,27,11104.09,1,0,1,0,0.78,0,78,2,Marketing
user_enterprise_1426,579,7,29,84.0,13,4641.43,0,0,0,0,0.8,0,65,3,Education
user_enterprise_1427,958,9,18,43.8,15,1278.17,0,0,3,1,0.78,0,78,2,E-commerce
user_enterprise_1428,517,13,23,43.5,16,2680.54,0,0,0,0,0.77,0,90,1,SaaS
user_enterprise_1429,660,7,25,18.4,18,6369.71,0,1,1,0,0.8,0,81,1,Education
user_enterprise_1430,619,13,29,54.0,15,3932.4,0,0,1,0,0.71,0,87,1,SaaS
user_enterprise_1431,1038,12,25,21.6,18,4221.3,0,0,2,0,0.82,0,90,1,SaaS
user_enterprise_1432,624,57,1,1.8,10,2497.54,0,2,2,0,0.9,0,68,3,E-commerce
user_enterprise_1433,433,12,5,6.0,12,4582.57,0,0,6,0,0.92,0,81,1,E-commerce
user_enterprise_1434,1052,9,7,16.6,31,10127.19,0,0,0,0,0.88,0,69,3,Education
user_enterprise_1435,540,13,7,18.1,13,3632.02,0,0,2,0,0.86,0,85,1,Education
user_enterprise_1436,894,37,4,9.7,22,1450.02,0,1,4,2,0.77,0,49,5,Education
user_enterprise_1437,402,6,12,13.6,9,3236.63,0,1,3,1,0.66,0,70,3,Marketing
user_enterprise_1438,535,4,9,4.8,14,1001.67,0,1,0,0,0.72,0,87,1,Education
user_enterprise_1439,711,5,7,11.1,18,7309.34,0,0,1,0,0.82,0,82,1,Marketing
user_enterprise_1440,715,0,29,50.1,21,9330.47,0,0,1,0,0.92,0,82,1,Marketing
user_enterprise_1441,802,10,10,10.0,16,1307.89,0,1,1,0,0.78,0,76,2,SaaS
user_enterprise_1442,875,10,29,37.6,24,4813.49,0,0,3,0,0.84,0,74,2,Marketing
user_enterprise_1443,696,31,3,7.8,18,5990.75,0,0,1,0,0.82,0,83,1,Education
user_enterprise_1444,829,2,21,60.6,15,7487.75,0,0,3,1,0.86,0,75,2,SaaS
user_enterprise_1445,845,13,22,54.1,25,1388.94,0,0,0,0,0.83,0,100,0,Marketing
user_enterprise_1446,780,11,24,57.6,25,1887.91,0,4,0,0,0.74,0,71,2,Education
user_enterprise_1447,1047,5,20,23.1,20,1060.39,0,0,0,0,0.79,0,70,3,Education
user_enterprise_1448,548,2,6,5.7,9,1871.98,0,1,1,0,0.98,0,83,1,Marketing
user_enterprise_1449,583,43,0,0.0,12,4696.56,0,0,4,0,0.9,0,59,4,E-commerce
user_enterprise_1450,955,50,2,2.4,30,7558.36,1,0,0,0,0.73,0,73,2,Marketing
user_enterprise_1451,731,7,8,10.3,16,1571.23,0,0,0,0,0.87,0,73,2,Education
user_enterprise_1452,952,11,14,32.4,17,4623.56,0,2,2,0,0.87,0,99,0,Marketing
user_enterprise_1453,409,5,5,8.7,12,4565.85,0,1,1,0,0.72,0,87,1,Education
user_enterprise_1454,604,9,29,47.8,15,5041.92,0,2,0,0,0.69,0,87,1,Marketing
user_enterprise_1455,781,32,1,1.1,17,2638.07,0,1,0,0,0.64,0,69,3,Marketing
user_enterprise_1456,745,27,4,11.8,14,3983.01,0,0,1,0,0.73,0,77,2,Finance
user_enterprise_1457,448,6,7,18.8,12,5043.45,0,0,0,0,0.74,0,59,4,Marketing
user_enterprise_1458,786,13,6,9.6,24,3145.31,0,0,1,0,0.82,0,57,4,SaaS
user_enterprise_1459,538,0,13,14.5,12,5761.98,0,0,0,0,0.92,0,85,1,Finance
user_enterprise_1460,276,2,21,53.6,6,531.09,0,0,0,0,0.83,0,68,3,Education
user_enterprise_1461,743,23,0,0.0,14,4328.77,0,0,0,0,0.77,0,64,3,E-commerce
user_enterprise_1462,659,9,11,12.7,16,1382.99,0,0,0,0,0.85,0,54,4,Marketing
user_enterprise_1463,435,31,2,3.3,12,1343.17,0,0,1,0,0.83,0,76,2,E-commerce
user_enterprise_1464,689,11,13,17.8,11,3859.92,0,0,1,0,0.91,0,67,3,E-commerce
user_enterprise_1465,310,8,18,21.1,7,2708.11,1,1,5,2,0.84,0,78,2,Finance
user_enterprise_1466,250,43,2,3.6,7,1087.06,0,0,2,0,0.8,0,69,3,Marketing
user_enterprise_1467,755,6,24,30.3,13,1387.7,0,2,2,0,0.76,0,78,2,Finance
user_enterprise_1468,636,49,1,2.4,11,3161.64,0,0,0,0,0.91,0,73,2,Finance
user_enterprise_1469,782,11,5,12.4,17,1930.21,0,0,0,0,0.82,0,99,0,E-commerce
user_enterprise_1470,876,12,11,11.7,22,8415.44,0,1,0,0,0.77,0,73,2,Education
user_enterprise_1471,707,4,25,52.0,19,1229.7,0,0,0,0,0.76,0,65,3,E-commerce
user_enterprise_1472,868,1,25,59.6,20,4214.96,0,0,0,0,0.91,0,58,4,Marketing
user_enterprise_1473,396,2,6,17.3,12,3029.88,0,0,1,0,0.56,0,76,2,E-commerce
user_enterprise_1474,538,5,26,76.0,11,2515.05,0,0,2,0,0.84,0,82,1,Marketing
user_enterprise_1475,524,1,7,16.3,13,2084.83,0,1,2,0,0.82,0,37,6,Finance
user_enterprise_1476,755,7,11,27.7,17,1518.8,0,1,1,0,0.63,0,76,2,SaaS
user_enterprise_1477,562,5,23,63.4,12,4987.11,0,0,0,0,0.88,0,77,2,E-commerce
user_enterprise_1478,544,2,9,9.2,9,3949.71,0,0,2,0,0.89,0,67,3,E-commerce
user_enterprise_1479,820,13,7,8.5,14,5132.74,0,0,4,0,0.79,0,97,0,Education
user_enterprise_1480,495,6,12,25.3,9,4116.89,1,0,1,0,0.76,0,88,1,E-commerce
user_enterprise_1481,345,7,17,27.7,5,553.06,0,0,3,0,0.67,0,72,2,E-commerce
user_enterprise_1482,574,5,6,6.1,13,5667.34,0,0,0,0,0.84,0,43,5,E-commerce
user_enterprise_1483,754,6,19,34.5,13,1715.11,0,0,0,0,0.53,0,82,1,Education
user_enterprise_1484,828,1,5,9.9,13,5652.94,0,0,1,0,0.89,0,89,1,Marketing
user_enterprise_1485,566,9,7,5.8,9,536.62,0,0,0,0,0.65,0,100,0,SaaS
user_enterprise_1486,568,2,28,67.8,11,3433.28,0,0,0,0,0.87,0,93,0,E-commerce
user_enterprise_1487,899,9,7,17.2,19,6230.92,1,0,1,0,0.85,0,96,0,SaaS
user_enterprise_1488,762,7,18,50.2,14,3501.11,0,0,0,0,1.0,0,77,2,Marketing
user_enterprise_1489,540,1,14,29.2,17,3059.02,0,0,2,0,0.59,0,66,3,Finance
user_enterprise_1490,650,27,3,8.8,16,2161.39,0,1,1,0,0.8,0,89,1,Education
user_enterprise_1491,781,3,10,13.3,23,7358.49,0,2,0,0,0.86,0,81,1,Marketing
user_enterprise_1492,603,10,14,7.5,14,3692.62,0,0,0,0,0.56,0,68,3,Finance
user_enterprise_1493,701,22,1,0.9,17,4711.32,0,0,2,0,0.75,0,77,2,Education
user_enterprise_1494,431,7,19,41.5,11,5371.61,0,3,0,0,0.65,0,87,1,E-commerce
user_enterprise_1495,621,12,17,24.9,14,5169.67,0,2,2,0,0.81,0,91,0,SaaS
user_enterprise_1496,603,56,3,5.0,15,5008.55,0,2,0,0,0.89,0,48,5,SaaS
user_enterprise_1497,660,1,18,52.0,19,3229.58,0,0,2,0,0.83,0,95,0,Education
user_enterprise_1498,826,9,25,54.0,22,9278.25,0,0,1,0,0.94,0,85,1,Education
user_enterprise_1499,633,22,3,3.5,13,923.3,0,1,2,0,0.71,0,87,1,Education
user_enterprise_1500,674,55,3,4.8,19,2096.4,0,0,0,0,1.0,0,89,1,Finance
user_enterprise_1501,712,4,21,55.7,16,5795.68,0,0,0,0,0.56,0,100,0,Education
user_enterprise_1502,548,31,4,9.5,15,2421.12,0,0,3,1,0.81,0,85,1,E-commerce
user_enterprise_1503,502,9,27,72.9,9,4237.87,0,0,3,3,1.0,0,76,2,Education
user_enterprise_1504,826,9,28,62.6,26,5434.21,0,0,1,0,0.81,0,69,3,Marketing
user_enterprise_1505,531,55,1,2.0,13,6201.48,0,2,1,0,0.95,0,79,2,SaaS
user_enterprise_1506,456,7,6,17.1,8,1766.41,0,1,0,0,0.89,0,100,0,E-commerce
user_enterprise_1507,710,10,16,18.9,22,5189.0,0,0,2,0,0.81,0,48,5,SaaS
user_enterprise_1508,556,2,25,60.6,11,5315.7,1,1,0,0,0.91,0,66,3,Finance
user_enterprise_1509,697,19,0,0.0,12,1914.38,0,0,0,0,0.63,0,81,1,SaaS
user_enterprise_1510,445,59,2,5.7,7,1773.55,0,0,1,0,0.87,0,81,1,Education
user_enterprise_1511,679,42,2,3.3,12,5259.16,0,0,0,0,0.77,0,89,1,Education
user_enterprise_1512,826,4,10,12.3,19,1165.93,0,0,1,0,0.78,0,56,4,Education
user_enterprise_1513,690,8,17,20.2,19,1011.79,0,0,3,1,0.79,0,71,2,E-commerce
user_enterprise_1514,1007,0,8,20.4,32,7534.56,0,0,2,0,0.85,0,85,1,Marketing
user_enterprise_1515,616,13,21,59.2,10,1126.73,0,0,4,0,0.72,0,68,3,Education
user_enterprise_1516,858,5,23,53.8,19,8043.83,0,2,0,0,1.0,0,74,2,Finance
user_enterprise_1517,756,1,10,19.8,15,6501.12,0,2,1,0,0.94,0,84,1,E-commerce
user_enterprise_1518,826,23,4,6.0,16,7784.61,0,0,0,0,0.73,0,64,3,Marketing
user_enterprise_1519,652,8,15,23.7,15,3968.02,0,0,0,0,0.79,0,64,3,E-commerce
user_enterprise_1520,588,46,2,1.4,12,743.83,0,1,5,0,0.83,0,85,1,Finance
user_enterprise_1521,1028,43,1,1.5,20,5040.38,0,0,1,0,0.7,0,88,1,Education
user_enterprise_1522,815,36,3,5.9,20,4042.06,0,1,0,0,0.89,0,73,2,Finance
user_enterprise_1523,678,12,12,18.4,17,2832.04,0,0,0,0,0.87,0,83,1,E-commerce
user_enterprise_1524,844,1,24,53.7,17,4548.58,0,3,4,2,0.74,0,85,1,Education
user_enterprise_1525,506,53,3,5.5,13,6478.95,0,0,1,0,0.95,0,87,1,Marketing
user_enterprise_1526,901,1,17,32.4,27,6774.16,0,0,1,0,0.82,0,64,3,SaaS
user_enterprise_1527,574,4,29,58.9,14,6060.65,0,0,0,0,0.72,0,94,0,Marketing
user_enterprise_1528,879,5,7,6.0,21,10101.03,0,3,0,0,0.67,0,75,2,SaaS
user_enterprise_1529,425,13,10,11.2,13,6048.51,0,0,2,0,0.88,0,88,1,E-commerce
user_enterprise_1530,713,8,15,27.9,14,5186.31,0,0,3,1,0.92,0,100,0,SaaS
user_enterprise_1531,760,3,5,10.2,16,1713.33,0,0,1,0,0.81,0,61,3,E-commerce
user_enterprise_1532,974,13,10,22.8,23,11018.17,0,2,1,0,0.68,0,86,1,SaaS
user_enterprise_1533,939,1,24,62.2,22,1202.87,1,0,2,0,0.82,0,100,0,Education
user_enterprise_1534,500,55,3,3.3,11,5390.05,0,2,2,0,0.73,0,84,1,SaaS
user_enterprise_1535,666,47,2,1.3,13,5177.73,0,0,2,0,0.69,0,96,0,Marketing
user_enterprise_1536,600,44,4,3.4,10,1784.47,0,0,1,0,0.73,0,87,1,Finance
user_enterprise_1537,160,2,18,45.0,4,1178.62,1,0,1,0,0.47,0,75,2,E-commerce
user_enterprise_1538,942,4,20,34.8,29,13374.15,0,1,0,0,0.79,0,97,0,Finance
user_enterprise_1539,970,2,9,11.2,22,3181.08,0,0,0,0,0.99,0,73,2,E-commerce
user_enterprise_1540,753,4,19,56.0,16,5540.38,0,0,1,0,0.79,0,100,0,Finance
user_enterprise_1541,499,8,11,13.7,14,3786.5,0,0,3,1,0.89,0,65,3,Education
user_enterprise_1542,729,10,17,38.0,20,4605.16,0,0,0,0,0.62,0,80,2,SaaS
user_enterprise_1543,811,17,2,3.6,16,6444.77,0,0,1,0,0.66,0,74,2,SaaS
user_enterprise_1544,1029,2,22,13.5,31,12732.66,0,3,0,0,0.9,0,80,2,E-commerce
user_enterprise_1545,716,41,3,8.9,16,6783.39,0,0,3,1,0.92,0,85,1,Marketing
user_enterprise_1546,350,7,21,47.1,6,2107.35,0,1,0,0,0.86,0,100,0,E-commerce
user_enterprise_1547,382,34,4,10.2,7,777.98,0,0,1,0,0.78,0,59,4,SaaS
user_enterprise_1548,1022,3,8,7.1,29,6225.82,1,1,1,0,0.72,0,100,0,Finance
user_enterprise_1549,854,2,14,24.6,20,8113.12,1,0,2,0,0.75,0,100,0,SaaS
user_enterprise_1550,477,17,2,2.9,12,2777.64,0,0,0,0,0.59,0,38,6,Education
user_enterprise_1551,578,9,15,29.7,13,4509.04,0,1,1,0,0.75,0,100,0,Education
user_enterprise_1552,772,9,7,10.7,13,4444.08,0,0,0,0,0.88,0,96,0,E-commerce
user_enterprise_1553,573,44,0,0.0,12,1241.87,0,0,1,0,0.85,0,97,0,Finance
user_enterprise_1554,355,10,7,17.0,9,3423.48,0,0,0,0,0.88,0,51,4,Finance
user_enterprise_1555,773,9,28,47.4,23,5363.21,0,5,2,0,0.75,0,64,3,E-commerce
user_enterprise_1556,1031,4,14,25.9,20,9900.25,0,0,1,0,0.94,0,100,0,E-commerce
user_enterprise_1557,571,0,12,8.7,15,7009.01,0,0,0,0,0.96,0,80,2,E-commerce
user_enterprise_1558,545,4,17,21.0,13,5925.9,0,0,0,0,0.69,0,91,0,Finance
user_enterprise_1559,754,7,5,5.7,16,4741.82,0,0,0,0,0.68,0,95,0,Marketing
user_enterprise_1560,600,13,28,27.3,15,1080.5,0,0,2,0,0.93,0,77,2,Finance
user_enterprise_1561,650,30,4,3.6,19,6845.32,0,0,3,1,0.67,0,84,1,Marketing
user_enterprise_1562,904,3,16,10.1,19,8777.5,0,0,0,0,0.91,0,70,3,E-commerce
user_enterprise_1563,880,2,9,10.2,17,7423.98,2,0,0,0,0.94,0,83,1,Finance
user_enterprise_1564,549,39,3,6.1,16,4341.04,1,1,2,0,0.96,0,78,2,Finance
user_enterprise_1565,1126,1,7,15.5,18,4940.18,0,0,0,0,0.76,0,67,3,SaaS
user_enterprise_1566,1073,36,1,1.5,34,3641.77,0,0,0,0,0.87,0,80,2,E-commerce
user_enterprise_1567,672,8,22,62.7,13,980.89,0,0,0,0,0.77,0,76,2,Finance
user_enterprise_1568,864,10,22,47.2,26,5924.28,0,1,2,0,0.87,0,57,4,Education
user_enterprise_1569,737,11,18,33.8,22,5663.27,0,1,5,0,0.86,0,79,2,E-commerce
user_enterprise_1570,754,51,0,0.0,15,6785.25,0,0,0,0,0.65,0,65,3,SaaS
user_enterprise_1571,795,55,2,5.6,24,9386.26,0,0,2,0,0.82,0,68,3,SaaS
user_enterprise_1572,1108,0,26,75.4,30,5426.04,0,0,0,0,0.94,0,88,1,Finance
user_enterprise_1573,868,4,10,18.4,18,4244.82,0,0,0,0,0.96,0,73,2,Finance
user_enterprise_1574,762,19,0,0.0,22,6241.19,0,0,1,0,0.87,0,76,2,SaaS
user_enterprise_1575,1008,7,10,6.2,31,9488.31,0,0,0,0,0.93,0,90,1,SaaS
user_enterprise_1576,911,13,22,59.8,22,6184.16,0,0,0,0,0.87,0,83,1,Marketing
user_enterprise_1577,919,12,14,11.5,29,8047.63,0,0,4,1,0.64,0,66,3,Marketing
user_enterprise_1578,874,5,24,48.3,22,5329.21,0,0,1,0,0.77,0,68,3,SaaS
user_enterprise_1579,338,4,13,33.4,10,3430.97,0,0,0,0,0.61,0,89,1,Marketing
user_enterprise_1580,348,1,8,18.9,9,3881.39,0,0,0,0,0.78,0,67,3,Education
user_enterprise_1581,456,43,0,0.0,8,479.46,1,1,1,0,0.86,0,93,0,Marketing
user_enterprise_1582,913,4,6,6.0,29,12484.04,0,3,0,0,0.78,0,81,1,SaaS
user_enterprise_1583,685,42,3,5.9,19,5260.0,1,3,0,0,0.92,0,76,2,Education
user_enterprise_1584,726,5,7,12.1,18,4138.01,0,0,0,0,0.85,0,72,2,Marketing
user_enterprise_1585,421,0,22,21.1,9,1306.39,0,3,0,0,0.95,0,70,3,Finance
user_enterprise_1586,569,11,21,44.3,10,1795.34,0,0,1,0,0.75,0,80,2,Education
user_enterprise_1587,814,6,24,54.6,20,1505.44,0,4,0,0,0.83,0,100,0,Education
user_enterprise_1588,840,12,19,18.7,20,8611.15,0,0,0,0,0.74,0,83,1,E-commerce
user_enterprise_1589,985,6,7,17.4,21,6845.55,0,0,3,0,0.74,0,68,3,SaaS
user_enterprise_1590,557,8,17,30.8,16,1648.59,0,3,0,0,0.83,0,87,1,E-commerce
user_enterprise_1591,1236,0,26,55.5,22,6372.85,1,2,3,0,0.76,0,83,1,Marketing
user_enterprise_1592,973,0,19,23.0,22,4951.85,0,0,2,0,0.81,0,53,4,Finance
user_enterprise_1593,773,6,11,22.3,18,1796.59,0,0,0,0,0.94,0,59,4,E-commerce
user_enterprise_1594,650,13,27,67.7,18,2404.72,0,3,0,0,0.91,0,77,2,E-commerce
user_enterprise_1595,525,4,28,16.3,16,5886.94,0,2,0,0,0.81,0,87,1,Finance
user_enterprise_1596,733,12,7,11.1,13,4611.26,0,0,1,0,0.81,0,87,1,SaaS
user_enterprise_1597,429,5,23,56.0,10,4704.67,0,1,3,2,0.72,0,64,3,Marketing
user_enterprise_1598,476,5,26,50.9,9,3880.27,0,1,1,0,0.59,0,66,3,E-commerce
user_enterprise_1599,583,10,10,8.5,16,3572.49,0,0,0,0,0.74,0,89,1,Education
user_enterprise_1600,586,1,25,40.3,11,3885.03,0,0,5,0,0.81,0,88,1,Finance
user_enterprise_1601,436,3,23,39.7,12,1593.89,2,0,0,0,1.0,0,62,3,Finance
user_enterprise_1602,505,1,25,64.8,10,2452.12,0,1,3,1,0.75,0,69,3,Finance
user_enterprise_1603,974,3,15,10.0,27,4981.61,0,0,3,1,0.66,0,82,1,E-commerce
user_enterprise_1604,631,13,15,32.5,14,3856.92,0,2,2,0,0.8,0,68,3,E-commerce
user_enterprise_1605,378,12,17,44.3,9,604.87,0,0,0,0,0.81,0,65,3,Education
user_enterprise_1606,741,43,3,3.4,15,4583.67,0,0,0,0,0.82,0,85,1,Finance
user_enterprise_1607,1002,0,22,56.5,19,6359.21,0,0,1,0,0.77,0,92,0,Finance
user_enterprise_1608,768,8,22,32.1,21,8037.04,0,0,0,0,0.8,0,87,1,Finance
user_enterprise_1609,686,44,1,1.4,12,4465.22,0,0,0,0,0.9,0,77,2,SaaS
user_enterprise_1610,409,0,8,8.3,7,860.99,0,0,2,0,0.67,0,63,3,E-commerce
user_enterprise_1611,910,6,16,16.2,27,11400.2,0,0,0,0,0.81,0,77,2,Education
user_enterprise_1612,770,12,25,68.9,18,5148.94,0,0,1,0,0.75,0,70,3,Education
user_enterprise_1613,718,5,10,16.4,16,5823.63,0,0,1,0,0.83,0,81,1,Finance
user_enterprise_1614,586,10,7,13.9,17,5900.36,0,1,0,0,0.72,0,63,3,Education
user_enterprise_1615,762,8,21,35.0,14,4898.78,0,4,0,0,0.86,0,84,1,Marketing
user_enterprise_1616,861,5,11,32.3,21,8370.37,0,1,0,0,0.73,0,100,0,Finance
user_enterprise_1617,655,6,25,17.3,15,5701.72,0,0,1,0,0.86,0,71,2,SaaS
user_enterprise_1618,995,0,12,9.1,32,11227.55,0,0,0,0,0.9,0,60,4,Marketing
user_enterprise_1619,672,12,12,13.8,15,5673.37,0,0,0,0,0.66,0,88,1,Education
user_enterprise_1620,804,7,21,16.5,22,1453.57,0,2,5,1,0.86,0,100,0,Finance
user_enterprise_1621,588,8,13,22.4,15,4266.32,0,0,2,0,0.55,0,48,5,Finance
user_enterprise_1622,303,4,22,56.8,6,437.73,0,0,1,0,0.85,0,99,0,E-commerce
user_enterprise_1623,806,22,3,5.3,24,11837.1,0,0,3,1,0.76,0,79,2,Finance
user_enterprise_1624,946,10,14,9.2,28,5039.13,0,1,1,0,0.8,0,46,5,Marketing
user_enterprise_1625,709,58,1,1.1,13,3960.02,0,0,0,0,0.68,0,62,3,Finance
user_enterprise_1626,214,10,19,43.5,4,860.41,0,0,0,0,0.81,0,96,0,E-commerce
user_enterprise_1627,964,1,11,30.0,28,9522.21,0,0,1,0,0.92,0,97,0,Education
user_enterprise_1628,840,4,18,29.5,14,2659.96,0,0,2,0,0.85,0,64,3,Education
user_enterprise_1629,453,13,11,28.3,8,1288.66,0,0,0,0,0.76,0,75,2,Finance
user_enterprise_1630,752,5,15,17.1,15,2524.22,0,1,0,0,0.83,0,98,0,Finance
user_enterprise_1631,803,45,4,2.1,23,7885.19,1,3,0,0,0.93,0,85,1,Education
user_enterprise_1632,957,41,0,0.0,28,6810.59,1,0,1,0,0.76,0,68,3,Marketing
user_enterprise_1633,865,0,9,17.3,23,8406.62,0,0,0,0,0.95,0,100,0,Finance
user_enterprise_1634,577,52,3,3.4,13,3176.42,0,0,1,0,1.0,0,87,1,Education
user_enterprise_1635,734,48,1,1.2,18,6026.68,1,0,0,0,0.76,0,68,3,SaaS
user_enterprise_1636,722,0,6,9.1,17,2134.53,0,0,0,0,0.7,0,86,1,E-commerce
user_enterprise_1637,536,12,12,19.0,15,6999.86,0,0,2,0,0.88,0,93,0,Finance
user_enterprise_1638,580,2,16,46.8,17,859.84,0,0,1,0,1.0,0,87,1,SaaS
user_enterprise_1639,674,7,28,16.7,19,978.18,0,0,0,0,0.69,0,58,4,E-commerce
user_enterprise_1640,576,13,13,30.4,17,6956.45,0,0,2,0,0.68,0,98,0,Finance
user_enterprise_1641,413,7,11,23.9,9,4010.12,0,0,0,0,0.65,0,75,2,Finance
user_enterprise_1642,933,5,16,47.6,17,5520.72,0,0,0,0,0.78,0,81,1,Marketing
user_enterprise_1643,744,52,3,4.8,13,2636.93,0,0,0,0,0.75,0,76,2,E-commerce
user_enterprise_1644,802,10,14,31.0,14,3145.06,0,2,2,0,0.81,0,84,1,Finance
user_enterprise_1645,978,7,28,20.2,17,7943.09,0,0,0,0,0.71,0,98,0,Finance
user_enterprise_1646,803,7,11,19.3,16,3039.79,0,0,0,0,0.85,0,87,1,Education
user_enterprise_1647,963,12,27,20.2,29,7731.4,0,0,3,0,0.67,0,91,0,SaaS
user_enterprise_1648,780,35,1,1.4,20,9593.43,0,0,1,0,0.71,0,58,4,Marketing
user_enterprise_1649,464,42,4,10.3,10,2228.83,0,0,1,0,0.73,0,71,2,Marketing
user_enterprise_1650,537,9,20,56.9,14,4144.09,0,0,0,0,0.77,0,58,4,E-commerce
user_enterprise_1651,659,57,4,10.5,15,1728.93,1,0,4,0,0.91,0,84,1,SaaS
user_enterprise_1652,910,9,19,42.1,23,5315.73,0,0,0,0,0.75,0,66,3,Marketing
user_enterprise_1653,893,43,2,5.7,17,1336.57,0,0,0,0,0.75,0,57,4,SaaS
user_enterprise_1654,234,5,22,53.2,3,1476.23,0,0,0,0,0.92,0,97,0,Education
user_enterprise_1655,721,5,5,8.6,23,11061.6,0,1,1,0,1.0,0,100,0,Education
user_enterprise_1656,338,8,29,82.8,8,2695.33,0,3,0,0,0.79,0,64,3,Marketing
user_enterprise_1657,798,9,18,21.7,18,8608.27,0,4,0,0,0.82,0,50,5,Education
user_enterprise_1658,814,19,3,5.9,16,2834.87,0,0,6,1,0.99,0,80,2,SaaS
user_enterprise_1659,852,56,4,6.6,14,6400.08,1,0,1,0,0.7,0,80,2,Marketing
user_enterprise_1660,953,9,7,3.7,30,12326.08,0,0,0,0,0.86,0,86,1,Education
user_enterprise_1661,718,1,12,18.4,15,2666.82,1,0,0,0,0.61,0,67,3,SaaS
user_enterprise_1662,728,3,21,54.6,21,3764.82,0,0,5,1,0.85,0,88,1,Marketing
user_enterprise_1663,908,3,10,11.5,18,5859.28,0,0,4,3,0.86,0,81,1,Education
user_enterprise_1664,723,4,21,41.6,17,908.5,0,0,5,0,0.74,0,77,2,SaaS
user_enterprise_1665,682,4,24,68.1,14,5195.04,0,0,4,4,0.89,0,81,1,E-commerce
user_enterprise_1666,333,1,9,14.6,9,1057.82,0,2,0,0,0.85,0,77,2,E-commerce
user_enterprise_1667,650,41,4,7.2,20,8057.92,0,0,1,0,0.87,0,100,0,Finance
user_enterprise_1668,1023,6,25,60.8,28,5105.89,0,0,0,0,0.76,0,79,2,SaaS
user_enterprise_1669,912,13,14,16.1,26,3498.66,0,0,0,0,0.78,0,89,1,SaaS
user_enterprise_1670,828,21,1,1.2,16,3337.58,0,0,4,0,1.0,0,94,0,E-commerce
user_enterprise_1671,783,10,13,18.7,18,8327.57,0,0,0,0,0.84,0,85,1,E-commerce
user_enterprise_1672,877,11,11,24.1,15,3760.41,0,0,0,0,0.9,0,67,3,Education
user_enterprise_1673,450,3,7,8.0,14,3305.17,0,3,1,0,0.83,0,74,2,Finance
user_enterprise_1674,567,7,16,38.0,17,2356.36,0,1,0,0,0.74,0,77,2,E-commerce
user_enterprise_1675,985,12,9,23.5,24,9879.59,0,0,4,1,0.68,0,88,1,Education
user_enterprise_1676,717,36,4,3.3,13,2053.62,2,0,0,0,0.71,0,72,2,E-commerce
user_enterprise_1677,870,5,19,31.7,18,6997.36,0,0,0,0,0.83,0,100,0,Marketing
user_enterprise_1678,516,58,2,3.6,10,1596.96,0,0,6,0,0.91,0,61,3,Education
user_enterprise_1679,1047,3,14,39.4,31,4212.43,0,1,1,0,0.89,0,60,4,Marketing
user_enterprise_1680,526,5,19,41.6,11,5098.89,0,1,0,0,0.85,0,75,2,Finance
user_enterprise_1681,834,2,24,16.3,17,1830.08,0,2,2,0,0.85,0,89,1,E-commerce
user_enterprise_1682,482,13,25,51.2,13,2613.1,0,1,0,0,0.92,0,91,0,Education
user_enterprise_1683,687,13,22,45.2,15,5434.4,0,0,0,0,0.75,0,100,0,Education
user_enterprise_1684,502,27,0,0.0,8,3178.23,0,0,1,0,0.72,0,75,2,Marketing
user_enterprise_1685,750,53,2,2.1,21,1126.89,2,0,0,0,0.9,0,64,3,Finance
user_enterprise_1686,760,11,27,52.5,13,2158.55,0,0,5,1,0.76,0,88,1,Marketing
user_enterprise_1687,1243,7,12,30.4,24,1671.35,0,0,1,0,0.89,0,66,3,Marketing
user_enterprise_1688,1120,29,2,5.7,32,2650.39,0,3,4,2,0.67,0,51,4,Finance
user_enterprise_1689,942,30,3,3.6,26,3597.4,0,1,1,0,0.67,0,74,2,E-commerce
user_enterprise_1690,159,1,24,55.2,3,1133.68,0,0,0,0,0.66,0,61,3,E-commerce
user_enterprise_1691,857,10,17,20.8,16,2624.74,0,0,0,0,0.96,0,86,1,Finance
user_enterprise_1692,854,8,28,49.0,18,8947.41,0,0,1,0,0.76,0,81,1,Education
user_enterprise_1693,1046,1,17,37.4,23,2635.39,0,0,0,0,1.0,0,59,4,Marketing
user_enterprise_1694,697,3,6,3.5,22,9180.74,0,0,1,0,0.75,0,78,2,Education
user_enterprise_1695,1066,56,3,7.7,20,6849.6,2,0,1,0,0.82,0,86,1,Education
user_enterprise_1696,654,3,23,47.0,17,2477.69,0,0,0,0,0.67,0,99,0,Finance
user_enterprise_1697,710,8,28,69.1,22,4436.19,0,0,0,0,0.81,0,91,0,E-commerce
user_enterprise_1698,1073,12,22,39.9,21,3482.03,0,0,0,0,0.74,0,98,0,Finance
user_enterprise_1699,483,9,26,62.5,8,1785.52,0,0,0,0,0.84,0,100,0,Education
user_enterprise_1700,951,51,1,0.9,27,9625.4,0,5,1,0,0.86,0,84,1,SaaS
user_enterprise_1701,612,10,26,43.3,12,827.21,0,0,0,0,1.0,0,95,0,Education
user_enterprise_1702,603,26,1,1.9,13,5151.86,0,0,1,0,0.91,0,100,0,E-commerce
user_enterprise_1703,852,10,12,25.5,25,3473.06,0,0,0,0,0.68,0,92,0,Finance
user_enterprise_1704,310,5,28,37.0,5,822.09,0,0,0,0,0.68,0,57,4,E-commerce
user_enterprise_1705,550,0,23,19.1,16,4269.0,0,0,1,0,0.8,0,59,4,Education
user_enterprise_1706,775,8,27,26.0,13,3807.73,0,0,0,0,0.8,0,63,3,E-commerce
user_enterprise_1707,542,10,26,29.6,9,1083.37,0,0,0,0,0.84,0,100,0,SaaS
user_enterprise_1708,919,13,5,5.3,19,3680.34,0,0,0,0,0.91,0,77,2,SaaS
user_enterprise_1709,978,7,22,58.4,16,2425.05,0,2,3,1,0.87,0,65,3,Marketing
user_enterprise_1710,294,12,24,27.4,7,646.45,0,0,1,0,0.96,0,65,3,SaaS
user_enterprise_1711,691,5,16,35.8,22,2108.79,0,0,0,0,0.88,0,67,3,Education
user_enterprise_1712,792,5,10,12.8,13,792.75,1,1,0,0,0.77,0,100,0,Education
user_enterprise_1713,552,13,8,19.1,17,6567.78,0,2,1,0,0.9,0,68,3,SaaS
user_enterprise_1714,1323,3,11,32.7,39,11981.6,0,5,0,0,0.72,0,56,4,Finance
user_enterprise_1715,344,6,9,7.5,10,2080.06,0,4,1,0,0.7,0,96,0,E-commerce
user_enterprise_1716,618,12,24,43.7,12,5660.72,0,0,2,0,0.72,0,75,2,SaaS
user_enterprise_1717,988,2,29,23.3,21,3526.02,0,1,1,0,0.91,0,75,2,Marketing
user_enterprise_1718,1184,0,19,44.1,19,2927.21,0,0,0,0,0.61,0,58,4,SaaS
user_enterprise_1719,424,6,14,29.8,12,5843.01,0,0,1,0,0.94,0,82,1,Marketing
user_enterprise_1720,997,2,21,56.5,22,7577.32,0,0,1,0,0.65,0,85,1,SaaS
user_enterprise_1721,1061,9,6,4.3,18,6693.29,0,0,0,0,0.86,0,94,0,E-commerce
user_enterprise_1722,440,3,12,15.6,10,4964.92,0,0,3,1,0.72,0,81,1,E-commerce
user_enterprise_1723,1046,11,13,34.6,23,5051.86,0,0,1,0,0.75,0,79,2,Finance
user_enterprise_1724,1202,9,22,39.6,36,6971.79,0,0,0,0,0.91,0,77,2,Education
user_enterprise_1725,664,21,4,3.3,21,8452.25,0,2,0,0,0.93,0,57,4,Marketing
user_enterprise_1726,626,0,26,65.6,13,2934.04,0,3,0,0,0.69,0,89,1,Finance
user_enterprise_1727,515,26,4,11.5,14,3435.69,0,2,0,0,0.89,0,78,2,Education
user_enterprise_1728,749,5,25,17.6,14,3910.65,0,0,4,1,0.81,0,98,0,E-commerce
user_enterprise_1729,605,22,1,2.1,12,5290.74,0,0,0,0,0.79,0,81,1,Marketing
user_enterprise_1730,814,2,18,40.5,25,9416.25,0,0,3,0,0.8,0,82,1,Marketing
user_enterprise_1731,571,35,3,5.0,16,5313.23,0,0,0,0,0.64,0,69,3,Education
user_enterprise_1732,826,2,15,32.4,26,12947.07,0,0,0,0,0.7,0,100,0,Education
user_enterprise_1733,526,49,2,5.3,11,3862.29,0,0,1,0,0.78,0,83,1,Finance
user_enterprise_1734,273,4,12,23.8,5,2354.18,0,0,1,0,0.74,0,67,3,Finance
user_enterprise_1735,933,1,5,13.7,18,4268.07,0,1,1,0,1.0,0,98,0,Finance
user_enterprise_1736,569,3,14,11.2,15,5786.9,0,0,3,1,0.86,0,100,0,Education
user_enterprise_1737,222,5,13,12.5,3,1295.17,0,0,1,0,0.58,0,74,2,E-commerce
user_enterprise_1738,788,4,27,21.5,25,11874.66,0,0,0,0,0.7,0,80,2,E-commerce
user_enterprise_1739,305,7,11,32.4,6,2130.28,1,0,3,3,0.8,0,86,1,Finance
user_enterprise_1740,700,4,7,14.9,13,1608.1,0,0,0,0,0.86,0,72,2,Finance
user_enterprise_1741,796,6,17,18.0,18,4868.19,0,1,0,0,0.88,0,86,1,E-commerce
user_enterprise_1742,675,4,6,11.9,17,2167.22,0,0,4,0,0.93,0,70,3,E-commerce
user_enterprise_1743,814,19,2,3.9,20,4882.8,0,0,1,0,0.78,0,88,1,E-commerce
user_enterprise_1744,918,1,17,44.2,17,1597.23,0,0,0,0,0.79,0,93,0,SaaS
user_enterprise_1745,481,51,3,3.8,10,4288.69,0,0,0,0,0.78,0,80,2,SaaS
user_enterprise_1746,544,1,7,20.6,13,1884.44,0,0,5,0,0.85,0,70,3,Education
user_enterprise_1747,1065,0,10,9.8,34,3796.62,0,0,0,0,0.94,0,81,1,Education
user_enterprise_1748,842,2,18,22.7,26,7640.53,1,0,1,0,0.68,0,85,1,Marketing
user_enterprise_1749,517,10,22,59.2,9,471.03,0,0,1,0,0.84,0,71,2,Finance
user_enterprise_1750,989,12,22,43.9,18,3797.62,0,3,2,0,0.67,0,78,2,Marketing
user_enterprise_1751,427,13,9,15.2,13,6268.99,0,0,1,0,0.91,0,83,1,Education
user_enterprise_1752,780,12,13,8.3,22,9983.41,0,0,0,0,0.88,0,99,0,Finance
user_enterprise_1753,339,9,10,20.7,6,2169.58,2,0,0,0,0.75,0,76,2,SaaS
user_enterprise_1754,514,10,14,17.5,8,3803.95,0,0,0,0,0.74,0,100,0,Marketing
user_enterprise_1755,368,1,17,20.8,11,3135.73,0,2,1,0,0.93,0,57,4,E-commerce
user_enterprise_1756,534,1,16,26.7,12,5012.03,0,0,0,0,0.73,0,75,2,Finance
user_enterprise_1757,544,12,14,9.6,16,5530.46,0,0,2,0,0.95,0,86,1,E-commerce
user_enterprise_1758,990,38,0,0.0,27,6869.7,0,0,0,0,0.82,0,57,4,Finance
user_enterprise_1759,970,3,17,14.5,25,9412.02,0,0,0,0,0.66,0,46,5,Education
user_enterprise_1760,786,9,6,12.2,23,10584.14,0,1,1,0,0.75,0,60,4,Education
user_enterprise_1761,873,3,24,68.5,24,6593.21,0,0,0,0,0.82,0,52,4,SaaS
user_enterprise_1762,758,4,5,6.9,12,1410.7,0,0,3,1,0.88,0,66,3,Finance
user_enterprise_1763,485,3,22,33.7,8,1617.98,0,0,0,0,0.82,0,77,2,Finance
user_enterprise_1764,779,39,0,0.0,23,1706.85,0,0,1,0,0.86,0,94,0,E-commerce
user_enterprise_1765,829,46,4,9.5,24,8890.26,0,0,2,0,0.97,0,53,4,E-commerce
user_enterprise_1766,669,4,29,24.9,17,1130.42,0,3,0,0,0.89,0,80,2,E-commerce
user_enterprise_1767,550,9,26,54.1,17,4802.95,0,0,3,2,0.87,0,100,0,Marketing
user_enterprise_1768,586,1,14,36.0,18,5730.06,0,0,1,0,0.85,0,89,1,Finance
user_enterprise_1769,871,1,22,42.0,23,5325.49,0,0,1,0,0.75,0,51,4,Education
user_enterprise_1770,891,7,27,79.8,19,3187.57,0,0,5,1,0.57,0,50,5,E-commerce
user_enterprise_1771,580,0,13,10.7,16,1091.56,0,1,0,0,0.94,0,81,1,E-commerce
user_enterprise_1772,449,12,7,13.0,12,4425.29,0,0,0,0,0.87,0,100,0,SaaS
user_enterprise_1773,844,5,28,63.9,15,2673.74,0,0,7,1,0.79,0,81,1,SaaS
user_enterprise_1774,369,0,5,13.7,8,859.64,0,0,0,0,0.76,0,69,3,Finance
user_enterprise_1775,847,8,20,44.2,17,4661.55,1,2,0,0,0.76,0,88,1,SaaS
user_enterprise_1776,310,7,21,54.3,6,1690.26,1,2,0,0,0.92,0,81,1,Marketing
user_enterprise_1777,920,3,27,20.0,24,1711.57,0,0,0,0,0.92,0,84,1,Marketing
user_enterprise_1778,910,7,6,12.5,16,3431.54,0,0,0,0,0.74,0,80,2,Finance
user_enterprise_1779,727,13,19,51.6,17,8367.05,0,0,0,0,0.74,0,91,0,Finance
user_enterprise_1780,748,5,28,58.6,19,3729.84,0,0,6,0,0.59,0,100,0,Education
user_enterprise_1781,501,8,10,24.3,9,1711.16,0,0,0,0,0.91,0,81,1,E-commerce
user_enterprise_1782,760,21,3,5.2,18,7630.5,0,0,0,0,0.84,0,100,0,Education
user_enterprise_1783,475,9,12,23.4,14,4117.91,0,1,1,0,0.74,0,66,3,E-commerce
user_enterprise_1784,950,28,2,3.0,21,3716.25,0,1,0,0,0.89,0,82,1,SaaS
user_enterprise_1785,525,11,17,44.6,14,6600.75,0,0,1,0,0.57,0,87,1,SaaS
user_enterprise_1786,841,3,11,20.4,15,6741.04,0,0,1,0,0.91,0,97,0,Finance
user_enterprise_1787,514,9,17,22.3,16,6984.53,0,0,0,0,0.85,0,88,1,Finance
user_enterprise_1788,1054,3,26,33.9,27,10050.96,0,0,0,0,0.82,0,48,5,Finance
user_enterprise_1789,656,10,22,65.7,18,5177.79,0,0,2,0,0.78,0,86,1,Marketing
user_enterprise_1790,578,23,3,2.8,14,4618.23,0,0,1,0,0.98,0,74,2,Marketing
user_enterprise_1791,955,7,16,12.7,15,3913.17,0,0,0,0,0.79,0,76,2,Marketing
user_enterprise_1792,578,0,5,6.0,17,1633.62,0,0,2,0,0.94,0,39,6,Finance
user_enterprise_1793,684,41,3,6.5,20,1430.43,0,1,0,0,0.86,0,79,2,SaaS
user_enterprise_1794,582,11,19,40.3,10,1131.98,0,0,5,2,0.92,0,72,2,Finance
user_enterprise_1795,544,8,15,17.5,9,679.53,0,3,3,0,0.73,0,82,1,Marketing
user_enterprise_1796,870,1,18,28.8,21,8312.31,2,0,1,0,0.83,0,80,2,Finance
user_enterprise_1797,662,11,20,20.0,11,5301.03,0,0,2,0,0.86,0,100,0,E-commerce
user_enterprise_1798,953,12,15,44.3,15,3173.22,0,0,0,0,0.76,0,73,2,Finance
user_enterprise_1799,746,9,9,6.2,18,2597.75,0,1,0,0,0.8,0,99,0,Marketing
user_enterprise_1800,747,8,7,5.1,14,2909.79,0,4,0,0,0.74,0,100,0,SaaS
user_enterprise_1801,851,28,1,1.5,23,9489.01,0,2,1,0,0.83,0,73,2,SaaS
user_enterprise_1802,767,5,6,10.8,20,4191.83,0,0,1,0,0.6,0,85,1,Marketing
user_enterprise_1803,655,1,14,14.9,19,7893.14,0,0,4,0,0.82,0,84,1,E-commerce
user_enterprise_1804,715,6,18,23.2,14,4119.91,0,0,0,0,0.88,0,97,0,E-commerce
user_enterprise_1805,892,23,4,5.9,15,1502.23,0,1,0,0,0.99,0,87,1,E-commerce
user_enterprise_1806,572,9,20,24.6,16,5835.63,0,6,0,0,0.69,0,84,1,Finance
user_enterprise_1807,469,12,16,13.2,13,1235.76,0,0,2,0,0.86,0,69,3,Education
user_enterprise_1808,789,13,27,33.6,22,1148.58,0,1,0,0,0.91,0,100,0,Education
user_enterprise_1809,550,11,24,28.1,9,3356.04,0,0,2,0,0.9,0,89,1,Marketing
user_enterprise_1810,462,11,19,40.9,11,1586.36,0,0,4,0,0.81,0,58,4,Finance
user_enterprise_1811,849,1,20,13.2,24,1971.23,1,0,0,0,0.7,0,75,2,E-commerce
user_enterprise_1812,778,9,10,9.7,15,5648.94,0,0,1,0,0.62,0,70,3,SaaS
user_enterprise_1813,644,7,28,15.3,13,6383.2,0,0,1,0,0.72,0,78,2,E-commerce
user_enterprise_1814,362,3,15,8.3,8,2376.7,0,0,1,0,0.66,0,80,2,SaaS
user_enterprise_1815,778,11,7,10.7,14,3055.66,1,0,0,0,0.92,0,98,0,Education
user_enterprise_1816,765,1,9,19.8,20,1157.61,0,2,1,0,0.68,0,68,3,Education
user_enterprise_1817,854,5,12,18.7,22,8006.53,0,0,1,0,0.74,0,60,4,Education
user_enterprise_1818,607,0,9,17.8,13,5679.96,0,0,0,0,0.88,0,67,3,Marketing
user_enterprise_1819,647,11,29,48.5,15,7192.96,0,0,0,0,0.95,0,43,5,Education
user_enterprise_1820,842,1,11,5.7,26,2065.38,0,0,1,0,0.8,0,95,0,Finance
user_enterprise_1821,719,10,14,36.7,18,5266.21,0,0,1,0,0.89,0,71,2,Finance
user_enterprise_1822,648,7,24,68.1,12,2384.39,0,0,1,0,0.7,0,72,2,SaaS
user_enterprise_1823,877,19,0,0.0,22,9302.97,2,1,0,0,0.95,0,62,3,Finance
user_enterprise_1824,1234,10,29,84.4,38,8318.3,0,0,0,0,0.72,0,72,2,SaaS
user_enterprise_1825,829,41,0,0.0,23,6171.31,0,0,0,0,0.67,0,78,2,Finance
user_enterprise_1826,542,7,15,31.4,12,2943.59,0,0,0,0,0.77,0,75,2,Education
user_enterprise_1827,620,21,0,0.0,16,6627.48,0,0,0,0,0.82,0,82,1,Education
user_enterprise_1828,480,8,24,53.0,12,5341.66,0,0,0,0,0.89,0,100,0,Finance
user_enterprise_1829,554,7,15,19.6,9,3349.07,0,1,0,0,0.58,0,72,2,SaaS
user_enterprise_1830,653,10,29,36.8,20,7452.06,0,0,1,0,0.5,0,82,1,SaaS
user_enterprise_1831,715,5,12,30.7,14,5040.58,0,0,0,0,0.77,0,72,2,Finance
user_enterprise_1832,457,13,20,53.2,8,1988.93,0,1,0,0,0.71,0,85,1,E-commerce
user_enterprise_1833,1327,6,7,19.3,31,12206.07,0,1,0,0,0.92,0,77,2,Finance
user_enterprise_1834,799,11,9,18.4,22,8567.32,1,1,0,0,0.79,0,80,2,E-commerce
user_enterprise_1835,588,1,23,40.1,16,4790.42,0,0,0,0,0.74,0,68,3,Marketing
user_enterprise_1836,451,33,2,5.8,11,2049.2,0,0,0,0,0.79,0,73,2,E-commerce
user_enterprise_1837,460,8,11,5.5,8,2879.3,0,0,3,2,0.88,0,69,3,Finance
user_enterprise_1838,329,3,15,14.2,7,475.29,0,0,0,0,0.75,0,73,2,SaaS
user_enterprise_1839,607,8,5,7.7,15,2763.45,0,0,1,0,0.78,0,76,2,E-commerce
user_enterprise_1840,832,10,20,24.2,26,10299.77,0,0,4,1,0.91,0,81,1,Finance
user_enterprise_1841,411,7,16,24.1,10,2874.48,0,0,1,0,0.74,0,72,2,SaaS
user_enterprise_1842,655,54,2,1.6,12,3871.42,0,0,2,0,0.71,0,100,0,Education
user_enterprise_1843,402,9,5,3.2,8,713.59,0,0,0,0,0.85,0,63,3,Marketing
user_enterprise_1844,601,3,22,62.5,16,1504.91,0,0,0,0,0.81,0,50,5,Marketing
user_enterprise_1845,683,23,2,5.4,21,9666.32,0,0,1,0,0.63,0,56,4,Education
user_enterprise_1846,684,0,20,52.3,14,1254.52,0,2,0,0,0.69,0,92,0,Education
user_enterprise_1847,937,13,18,50.0,16,2647.19,0,0,0,0,0.78,0,56,4,E-commerce
user_enterprise_1848,625,1,26,14.2,10,3322.78,0,0,0,0,0.82,0,55,4,Education
user_enterprise_1849,612,43,0,0.0,17,7366.74,0,1,1,0,0.79,0,96,0,SaaS
user_enterprise_1850,495,12,25,69.0,14,6820.01,0,0,0,0,0.62,0,100,0,Marketing
user_enterprise_1851,631,0,15,25.1,18,7047.75,0,0,3,0,0.83,0,62,3,Marketing
user_enterprise_1852,848,9,16,46.5,25,4506.31,0,1,0,0,0.82,0,53,4,SaaS
user_enterprise_1853,896,2,24,34.5,28,11182.0,0,0,2,0,0.71,0,100,0,SaaS
user_enterprise_1854,801,7,22,40.0,14,4996.49,0,0,0,0,0.79,0,87,1,E-commerce
user_enterprise_1855,864,5,11,5.7,24,10504.52,0,1,0,0,1.0,0,62,3,Finance
user_enterprise_1856,833,10,6,13.7,22,8063.22,0,2,3,4,0.82,0,67,3,Finance
user_enterprise_1857,535,33,4,5.8,10,2643.15,0,0,0,0,0.74,0,68,3,Education
user_enterprise_1858,436,10,20,17.1,11,3244.78,1,0,1,0,0.86,0,71,2,Education
user_enterprise_1859,677,4,9,16.4,19,8164.79,0,0,0,0,0.81,0,99,0,Finance
user_enterprise_1860,928,11,21,17.2,21,6931.96,0,0,0,0,0.79,0,80,2,E-commerce
user_enterprise_1861,548,13,27,23.4,9,4279.72,0,2,0,0,0.69,0,92,0,Marketing
user_enterprise_1862,266,6,19,55.6,6,546.03,0,0,0,0,0.82,0,89,1,E-commerce
user_enterprise_1863,725,2,16,24.2,22,2619.02,0,0,2,0,0.81,0,77,2,SaaS
user_enterprise_1864,1341,0,15,39.7,29,1950.64,0,0,1,0,0.72,0,82,1,E-commerce
user_enterprise_1865,899,9,29,82.3,22,9701.63,0,0,1,0,0.73,0,97,0,Education
user_enterprise_1866,644,0,9,24.9,19,7959.4,1,0,1,0,1.0,0,79,2,Finance
user_enterprise_1867,629,48,0,0.0,11,936.08,0,2,0,0,0.79,0,80,2,Marketing
user_enterprise_1868,601,5,29,59.0,14,2349.01,0,0,0,0,0.78,0,79,2,Education
user_enterprise_1869,763,9,19,26.9,22,2856.81,1,0,0,0,0.66,0,80,2,Education
user_enterprise_1870,797,11,20,54.1,25,6057.17,0,0,0,0,0.65,0,54,4,Finance
user_enterprise_1871,777,12,11,20.2,19,6986.83,0,1,0,0,0.75,0,77,2,Finance
user_enterprise_1872,600,18,0,0.0,14,914.02,0,2,3,0,0.8,0,100,0,Education
user_enterprise_1873,674,1,23,27.1,13,1811.82,0,0,1,0,0.91,0,64,3,Marketing
user_enterprise_1874,405,8,10,20.0,7,2957.21,2,2,1,0,0.73,0,68,3,Marketing
user_enterprise_1875,628,2,11,22.7,16,7962.31,0,0,0,0,0.84,0,74,2,SaaS
user_enterprise_1876,596,56,0,0.0,15,1189.7,0,0,7,0,0.68,0,100,0,E-commerce
user_enterprise_1877,797,3,10,24.8,22,6504.63,2,0,3,1,0.68,0,97,0,Education
user_enterprise_1878,714,11,6,3.3,15,5502.34,2,0,1,0,0.79,0,85,1,Education
user_enterprise_1879,702,28,0,0.0,16,7241.63,0,0,1,0,0.87,0,75,2,E-commerce
user_enterprise_1880,766,12,27,47.3,17,4465.06,0,1,1,0,0.6,0,79,2,Marketing
user_enterprise_1881,826,4,5,9.9,17,1051.14,0,0,0,0,0.79,0,77,2,Education
user_enterprise_1882,770,44,3,5.5,15,2655.85,1,0,0,0,0.52,0,83,1,Education
user_enterprise_1883,749,2,25,17.6,22,10371.4,0,1,5,0,0.99,0,91,0,E-commerce
user_enterprise_1884,887,12,12,22.9,20,4055.02,1,0,0,0,1.0,0,100,0,E-commerce
user_enterprise_1885,686,8,18,16.4,11,4145.84,0,0,0,0,0.73,0,81,1,Finance
user_enterprise_1886,861,5,7,11.0,19,8028.39,0,2,0,0,0.71,0,79,2,SaaS
user_enterprise_1887,936,6,23,36.6,20,4812.39,0,0,0,0,0.82,0,100,0,Finance
user_enterprise_1888,721,0,28,14.2,17,7347.04,0,0,0,0,0.8,0,83,1,E-commerce
user_enterprise_1889,866,10,19,45.9,21,3840.29,0,0,8,1,0.65,0,69,3,Marketing
user_enterprise_1890,1046,7,29,35.9,26,5514.68,0,0,2,0,0.79,0,91,0,Marketing
user_enterprise_1891,370,9,27,76.9,11,4817.25,0,0,1,0,0.7,0,81,1,Education
user_enterprise_1892,774,5,16,30.2,19,6251.69,0,0,2,0,0.8,0,100,0,Education
user_enterprise_1893,809,2,13,38.9,24,2902.37,0,0,3,1,0.78,0,90,1,SaaS
user_enterprise_1894,748,4,26,40.2,21,9321.5,0,0,0,0,0.96,0,61,3,Finance
user_enterprise_1895,636,3,16,8.1,12,1641.96,0,1,1,0,0.95,0,74,2,SaaS
user_enterprise_1896,879,25,3,4.8,17,3401.72,0,0,0,0,0.93,0,62,3,SaaS
user_enterprise_1897,480,5,6,4.5,10,3681.88,0,0,0,0,0.73,0,95,0,Marketing
user_enterprise_1898,463,39,0,0.0,9,681.2,0,0,2,0,0.69,0,89,1,Marketing
user_enterprise_1899,511,2,29,64.2,16,7659.66,0,0,1,0,0.76,0,71,2,E-commerce
user_enterprise_1900,278,4,13,34.4,8,1603.71,0,0,0,0,0.92,0,89,1,SaaS
user_enterprise_1901,434,32,1,1.8,11,2219.31,0,0,1,0,0.91,0,88,1,Education
user_enterprise_1902,735,10,23,61.1,17,4070.3,0,0,3,1,0.94,0,79,2,Finance
user_enterprise_1903,873,23,0,0.0,14,1923.48,0,0,4,0,0.67,0,74,2,Education
user_enterprise_1904,566,23,1,2.9,12,2427.52,0,0,0,0,0.75,0,69,3,E-commerce
user_enterprise_1905,399,42,3,6.9,9,2120.1,0,0,1,0,0.82,0,100,0,Education
user_enterprise_1906,707,11,27,77.6,20,5990.38,0,0,1,0,0.72,0,87,1,Marketing
user_enterprise_1907,437,7,10,15.4,11,5420.8,0,3,5,2,0.81,0,79,2,SaaS
user_enterprise_1908,756,5,20,19.0,14,6886.51,3,2,3,1,0.82,0,57,4,E-commerce
user_enterprise_1909,874,5,19,26.0,20,2990.67,0,1,0,0,0.98,0,97,0,Education
user_enterprise_1910,487,0,18,37.8,12,1231.75,0,0,1,0,0.73,0,96,0,SaaS
user_enterprise_1911,870,11,7,12.4,24,5540.08,0,0,1,0,0.81,0,70,3,SaaS
user_enterprise_1912,608,5,17,44.5,18,7988.73,0,0,1,0,0.74,0,85,1,Finance
user_enterprise_1913,776,30,3,6.0,16,5814.97,0,0,0,0,0.83,0,59,4,SaaS
user_enterprise_1914,825,4,24,38.7,23,5021.96,0,0,0,0,0.82,0,76,2,E-commerce
user_enterprise_1915,894,13,10,24.7,14,5183.39,0,0,0,0,0.86,0,62,3,Marketing
user_enterprise_1916,986,7,19,47.9,17,4441.95,0,2,1,0,0.65,0,48,5,SaaS
user_enterprise_1917,432,7,19,28.6,10,2602.18,0,0,0,0,0.91,0,61,3,SaaS
user_enterprise_1918,938,54,3,3.3,19,6609.64,0,0,1,0,0.75,0,87,1,SaaS
user_enterprise_1919,880,13,18,13.1,28,11983.96,0,0,0,0,0.95,0,72,2,SaaS
user_enterprise_1920,617,6,5,3.3,15,2204.63,0,0,1,0,0.69,0,65,3,Finance
user_enterprise_1921,591,12,15,18.3,18,3072.45,0,2,2,0,0.84,0,62,3,Education
user_enterprise_1922,881,13,21,34.0,23,4128.63,0,0,0,0,0.85,0,71,2,Education
user_enterprise_1923,610,2,15,43.1,11,2187.43,0,0,3,0,0.69,0,64,3,E-commerce
user_enterprise_1924,575,52,4,9.9,12,5772.15,0,0,6,3,0.73,0,77,2,Education
user_enterprise_1925,763,42,2,3.0,18,8564.07,0,0,0,0,0.98,0,85,1,Marketing
user_enterprise_1926,664,49,2,2.9,18,995.72,0,0,0,0,0.82,0,78,2,Finance
user_enterprise_1927,609,46,2,3.8,11,5466.3,0,0,0,0,0.89,0,57,4,Education
user_enterprise_1928,634,12,18,39.3,12,5628.55,0,0,4,2,0.72,0,94,0,Education
user_enterprise_1929,463,32,1,2.5,13,3063.86,0,0,0,0,0.7,0,68,3,Education
user_enterprise_1930,637,7,6,11.4,12,2825.18,0,0,0,0,0.69,0,87,1,Finance
user_enterprise_1931,518,3,27,62.4,12,3908.52,0,0,3,1,0.79,0,84,1,Marketing
user_enterprise_1932,587,4,9,11.4,15,4882.95,0,0,1,0,0.76,0,73,2,Marketing
user_enterprise_1933,365,10,19,48.3,6,2589.75,0,0,0,0,0.8,0,79,2,E-commerce
user_enterprise_1934,906,10,27,33.4,16,3333.21,0,0,1,0,0.82,0,84,1,Education
user_enterprise_1935,580,0,16,37.9,11,3413.9,0,1,0,0,0.79,0,83,1,Marketing
user_enterprise_1936,818,2,12,6.7,21,3855.55,0,0,0,0,0.78,0,66,3,Finance
user_enterprise_1937,555,5,16,20.9,9,1946.51,0,0,0,0,0.91,0,69,3,E-commerce
user_enterprise_1938,463,3,13,20.8,12,3034.76,0,0,1,0,0.92,0,65,3,Education
user_enterprise_1939,572,10,13,16.2,15,4264.2,0,0,1,0,0.78,0,82,1,E-commerce
user_enterprise_1940,391,8,16,19.9,9,2001.43,0,0,2,0,0.59,0,100,0,Education
user_enterprise_1941,798,3,28,54.8,23,7682.48,0,2,0,0,0.86,0,80,2,SaaS
user_enterprise_1942,749,56,0,0.0,12,4423.54,0,0,0,0,0.85,0,69,3,Education
user_enterprise_1943,1051,8,7,6.9,22,4478.35,0,0,1,0,0.68,0,80,2,SaaS
user_enterprise_1944,811,0,26,22.6,25,4196.58,0,1,4,2,0.85,0,59,4,Finance
user_enterprise_1945,603,35,4,7.1,19,7255.55,0,1,1,0,0.82,0,71,2,Marketing
user_enterprise_1946,518,52,4,2.6,8,1240.56,0,0,0,0,0.66,0,64,3,Finance
user_enterprise_1947,689,4,8,16.2,17,6239.38,0,0,3,0,0.71,0,81,1,SaaS
user_enterprise_1948,892,1,24,50.7,25,7422.04,0,0,0,0,0.72,0,100,0,Marketing
user_enterprise_1949,623,8,15,7.8,19,3553.01,0,0,0,0,0.74,0,77,2,E-commerce
user_enterprise_1950,785,8,16,35.9,20,4469.3,1,0,1,0,0.79,0,100,0,E-commerce
user_enterprise_1951,544,12,17,45.5,14,5061.46,0,0,2,0,0.84,0,71,2,Finance
user_enterprise_1952,504,12,5,2.6,10,1642.98,0,3,0,0,0.67,0,48,5,E-commerce
user_enterprise_1953,580,5,21,22.8,15,2776.21,0,0,2,0,0.79,0,70,3,Marketing
user_enterprise_1954,518,2,14,28.5,16,5482.7,0,1,8,0,0.85,0,69,3,Education
user_enterprise_1955,803,5,14,28.0,25,9526.18,1,0,2,0,0.8,0,62,3,Education
user_enterprise_1956,425,5,20,53.2,7,792.64,0,0,0,0,0.76,0,85,1,Education
user_enterprise_1957,392,26,4,11.5,12,1721.33,1,0,0,0,0.85,0,97,0,Finance
user_enterprise_1958,890,6,22,53.9,21,8116.38,0,1,2,0,0.8,0,80,2,SaaS
user_enterprise_1959,529,3,6,3.6,13,4428.56,0,0,2,0,0.64,0,79,2,Finance
user_enterprise_1960,631,11,8,8.0,13,2438.58,0,2,1,0,0.85,0,67,3,E-commerce
user_enterprise_1961,676,28,3,8.9,18,1654.07,0,0,1,0,0.93,0,72,2,SaaS
user_enterprise_1962,860,30,4,10.1,21,3928.91,0,0,1,0,0.69,0,100,0,SaaS
user_enterprise_1963,497,49,2,2.7,9,1556.81,0,0,3,1,0.67,0,77,2,Finance
user_enterprise_1964,474,0,26,55.0,8,3940.79,0,0,1,0,0.85,0,88,1,Finance
user_enterprise_1965,710,0,15,40.7,22,9414.92,0,0,1,0,0.97,0,67,3,Education
user_enterprise_1966,1000,3,6,11.9,30,6750.16,0,1,0,0,0.74,0,74,2,Marketing
user_enterprise_1967,741,10,25,35.5,15,3952.97,0,0,1,0,0.83,0,77,2,Finance
user_enterprise_1968,584,5,24,60.0,17,2913.66,0,0,1,0,0.95,0,97,0,Marketing
user_enterprise_1969,882,3,7,9.1,14,6270.73,0,0,1,0,0.93,0,90,1,E-commerce
user_enterprise_1970,481,3,6,4.0,15,5160.92,0,0,0,0,0.82,0,55,4,SaaS
user_enterprise_1971,577,5,11,24.6,14,6290.13,0,4,0,0,0.7,0,70,3,Education
user_enterprise_1972,562,11,12,7.4,15,6287.67,0,0,1,0,0.92,0,82,1,E-commerce
user_enterprise_1973,751,0,5,13.7,19,6724.91,0,0,0,0,0.84,0,51,4,SaaS
user_enterprise_1974,465,9,25,58.7,12,3309.95,0,0,0,0,0.75,0,100,0,SaaS
user_enterprise_1975,459,12,23,31.6,13,4003.66,0,0,0,0,0.64,0,77,2,SaaS
user_enterprise_1976,499,1,14,37.3,14,4487.01,0,0,2,0,0.7,0,68,3,E-commerce
user_enterprise_1977,941,3,12,15.4,23,8505.29,0,1,0,0,0.74,0,51,4,Finance
user_enterprise_1978,1036,4,11,7.7,26,9549.63,0,1,1,0,0.78,0,89,1,Finance
user_enterprise_1979,523,4,22,33.2,11,2567.57,0,0,0,0,0.88,0,73,2,Marketing
user_enterprise_1980,890,1,10,5.1,19,7926.13,0,0,0,0,0.78,0,98,0,Education
user_enterprise_1981,714,5,22,64.4,15,7242.14,0,0,0,0,0.82,0,93,0,E-commerce
user_enterprise_1982,579,9,5,11.8,10,755.18,0,0,1,0,0.81,0,89,1,E-commerce
user_enterprise_1983,703,9,6,8.7,20,8708.5,0,0,0,0,0.82,0,100,0,Marketing
user_enterprise_1984,919,59,3,8.7,18,5780.28,0,0,1,0,0.78,0,100,0,Finance
user_enterprise_1985,942,44,1,0.7,30,3732.47,0,0,0,0,0.89,0,83,1,E-commerce
user_enterprise_1986,768,6,29,54.4,24,5292.42,0,0,2,0,0.9,0,84,1,Marketing
user_enterprise_1987,299,9,28,65.9,7,2053.95,0,1,1,0,0.77,0,91,0,Marketing
user_enterprise_1988,845,11,6,3.4,17,3292.73,1,2,0,0,0.93,0,83,1,Education
user_enterprise_1989,814,6,6,14.0,22,8961.94,0,0,1,0,0.67,0,91,0,E-commerce
user_enterprise_1990,782,44,3,7.2,20,7666.85,0,0,0,0,0.62,0,96,0,Education
user_enterprise_1991,556,0,22,14.2,11,1697.49,0,0,2,0,0.77,0,50,5,Education
user_enterprise_1992,799,6,5,11.5,15,5410.23,0,2,2,0,0.66,0,66,3,Education
user_enterprise_1993,885,36,3,6.8,22,3428.51,0,0,0,0,0.76,0,90,1,E-commerce
user_enterprise_1994,985,13,25,47.6,25,5747.01,0,0,0,0,1.0,0,73,2,Marketing
user_enterprise_1995,859,10,10,9.1,15,4841.38,0,1,0,0,0.73,0,90,1,E-commerce
user_enterprise_1996,452,5,17,20.3,13,4654.51,0,0,5,1,0.72,0,100,0,Education
user_enterprise_1997,456,6,19,41.6,12,5523.61,0,4,2,0,0.77,0,87,1,Finance
user_enterprise_1998,896,0,6,7.4,23,5958.09,0,0,2,0,0.83,0,86,1,E-commerce
user_enterprise_1999,849,9,6,10.5,21,5793.49,0,0,0,0,0.83,0,80,2,E-commerce
user_enterprise_2000,906,0,15,23.3,17,4417.27,0,0,1,0,0.85,0,60,4,Finance
user_enterprise_2001,581,12,12,11.6,14,1209.5,0,0,0,0,1.0,0,100,0,Marketing
user_enterprise_2002,788,9,10,24.6,18,1502.86,0,0,1,0,0.75,0,95,0,Marketing
user_enterprise_2003,540,5,11,10.2,10,1678.41,0,2,0,0,0.8,0,72,2,Education
user_enterprise_2004,338,10,21,54.2,5,1194.31,0,0,1,0,0.9,0,100,0,SaaS
user_enterprise_2005,708,28,1,1.1,22,7056.21,0,0,0,0,0.85,0,86,1,Marketing
user_enterprise_2006,912,26,0,0.0,26,5523.03,0,0,2,0,0.81,0,77,2,E-commerce
user_enterprise_2007,764,8,27,63.3,17,2727.53,0,1,1,0,0.76,0,88,1,Marketing
user_enterprise_2008,679,9,7,14.3,14,6678.98,0,0,1,0,0.91,0,65,3,Education
user_enterprise_2009,984,4,27,52.1,16,5052.93,0,1,0,0,0.82,0,53,4,Education
user_enterprise_2010,883,7,8,12.3,23,5449.05,0,0,1,0,0.73,0,94,0,E-commerce
user_enterprise_2011,789,54,0,0.0,17,4492.75,0,2,2,0,0.82,0,72,2,Education
user_enterprise_2012,820,40,3,2.6,25,3820.42,0,0,0,0,0.82,0,92,0,Finance
user_enterprise_2013,632,7,26,13.5,15,3130.22,0,1,1,0,0.9,0,78,2,SaaS
user_enterprise_2014,584,4,23,45.0,10,3393.72,0,0,1,0,0.76,0,91,0,Marketing
user_enterprise_2015,542,1,10,6.4,17,2202.01,0,0,4,1,0.79,0,97,0,Education
user_enterprise_2016,844,10,5,12.4,25,5297.85,0,1,0,0,0.7,0,50,5,Education
user_enterprise_2017,520,1,16,43.0,12,4567.38,0,0,0,0,0.79,0,71,2,SaaS
user_enterprise_2018,611,2,18,40.2,16,2181.49,0,0,1,0,0.82,0,56,4,SaaS
user_enterprise_2019,948,2,10,18.9,21,10105.77,0,4,0,0,0.8,0,77,2,Education
user_enterprise_2020,671,8,21,22.0,18,3250.12,0,0,0,0,0.77,0,88,1,Marketing
user_enterprise_2021,813,0,26,26.1,23,4043.72,0,0,4,2,0.79,0,69,3,SaaS
user_enterprise_2022,714,6,15,29.2,13,6330.46,0,0,1,0,0.77,0,77,2,SaaS
user_enterprise_2023,608,16,1,0.6,19,7310.22,0,0,0,0,0.71,0,74,2,Finance
user_enterprise_2024,801,8,24,21.6,22,10904.25,1,2,0,0,0.9,0,58,4,SaaS
user_enterprise_2025,765,8,7,9.2,17,8469.47,0,0,1,0,0.8,0,69,3,Education
user_enterprise_2026,753,0,27,51.6,23,9505.26,0,0,1,0,0.71,0,84,1,SaaS
user_enterprise_2027,616,12,29,73.1,16,2752.95,0,0,0,0,0.58,0,66,3,Education
user_enterprise_2028,823,10,21,42.0,13,2912.35,0,0,7,2,0.59,0,95,0,Education
user_enterprise_2029,981,34,3,1.9,24,11887.82,0,0,0,0,0.84,0,100,0,Education
user_enterprise_2030,592,3,22,55.6,10,3352.81,0,0,0,0,0.79,0,100,0,SaaS
user_enterprise_2031,541,4,8,14.6,9,3796.86,0,1,1,0,0.73,0,64,3,E-commerce
user_enterprise_2032,920,2,8,13.5,17,7953.67,0,0,1,0,0.77,0,68,3,Marketing
user_enterprise_2033,782,33,3,7.4,13,1047.05,0,1,0,0,0.85,0,75,2,Education
user_enterprise_2034,723,0,27,29.1,19,5425.53,0,0,2,0,0.95,0,100,0,Education
user_enterprise_2035,626,37,2,5.6,11,1814.41,0,1,3,1,0.86,0,52,4,Marketing
user_enterprise_2036,685,21,0,0.0,19,7040.81,0,0,1,0,0.74,0,82,1,Education
user_enterprise_2037,544,1,10,25.6,14,2979.42,0,0,0,0,0.71,0,73,2,Finance
user_enterprise_2038,684,11,27,75.6,17,7994.13,0,0,4,0,0.83,0,50,5,SaaS
user_enterprise_2039,901,2,6,9.3,16,7416.76,0,0,3,1,0.73,0,79,2,Education
user_enterprise_2040,623,2,8,20.2,18,1871.14,0,5,0,0,0.84,0,95,0,Finance
user_enterprise_2041,480,4,19,38.7,12,2690.56,0,0,2,0,0.8,0,100,0,Marketing
user_enterprise_2042,774,49,4,9.2,12,656.85,1,0,3,0,0.79,0,88,1,Marketing
user_enterprise_2043,529,5,6,17.5,10,1783.46,0,0,3,0,0.87,0,79,2,Marketing
user_enterprise_2044,722,12,25,57.0,16,853.09,0,0,0,0,0.84,0,90,1,E-commerce
user_enterprise_2045,630,10,9,12.6,13,5321.83,1,1,0,0,0.73,0,64,3,Education
user_enterprise_2046,615,3,22,55.2,18,4546.38,0,4,3,1,0.81,0,66,3,Finance
user_enterprise_2047,628,2,12,30.1,11,3820.84,0,0,1,0,0.84,0,95,0,Marketing
user_enterprise_2048,563,10,15,13.6,12,2714.27,0,0,1,0,0.94,0,79,2,SaaS
user_enterprise_2049,423,52,1,2.3,7,759.71,0,0,0,0,0.8,0,100,0,SaaS
user_enterprise_2050,966,9,29,58.1,27,9606.8,0,0,1,0,0.8,0,39,6,Finance
user_enterprise_2051,148,5,9,26.3,3,818.92,0,0,0,0,0.81,0,88,1,E-commerce
user_enterprise_2052,969,13,28,40.5,18,2568.83,0,0,3,1,0.79,0,54,4,Education
user_enterprise_2053,861,9,20,48.7,19,6885.63,0,0,0,0,0.81,0,85,1,E-commerce
user_enterprise_2054,878,12,9,4.6,27,3294.02,0,0,0,0,0.82,0,74,2,Marketing
user_enterprise_2055,837,42,0,0.0,16,7206.46,0,0,1,0,0.75,0,68,3,SaaS
user_enterprise_2056,905,5,26,24.6,16,4502.94,0,2,0,0,0.6,0,77,2,Marketing
user_enterprise_2057,736,9,8,7.5,12,2289.42,0,0,0,0,0.79,0,82,1,Education
user_enterprise_2058,683,11,14,17.6,13,2270.2,0,0,0,0,0.77,0,83,1,E-commerce
user_enterprise_2059,830,7,24,53.3,23,10548.33,0,0,1,0,0.73,0,73,2,Marketing
user_enterprise_2060,1005,13,22,29.7,31,5562.13,0,0,2,0,0.86,0,66,3,E-commerce
user_enterprise_2061,864,39,2,5.2,17,6743.79,0,1,0,0,0.77,0,90,1,Marketing
user_enterprise_2062,619,1,25,14.7,15,6525.74,0,0,1,0,0.83,0,68,3,SaaS
user_enterprise_2063,652,30,1,2.6,16,2662.85,0,0,0,0,0.92,0,56,4,Finance
user_enterprise_2064,719,55,2,4.1,15,4187.02,0,0,0,0,0.95,0,67,3,Finance
user_enterprise_2065,476,4,10,28.6,8,3492.95,0,0,0,0,0.67,0,81,1,E-commerce
user_enterprise_2066,606,13,19,37.3,18,5736.78,0,0,0,0,0.83,0,72,2,Finance
user_enterprise_2067,547,29,2,3.0,15,6875.92,0,0,2,0,0.73,0,95,0,Education
user_enterprise_2068,506,3,27,29.9,15,3590.74,0,1,0,0,0.82,0,99,0,E-commerce
user_enterprise_2069,609,0,12,20.9,11,1073.19,0,1,2,0,0.67,0,91,0,Marketing
user_enterprise_2070,540,37,0,0.0,17,3759.01,0,0,1,0,0.75,0,89,1,Finance
user_enterprise_2071,640,13,11,8.8,20,2534.54,0,0,0,0,0.86,0,70,3,Education
user_enterprise_2072,733,10,17,12.4,19,6411.11,0,2,2,0,0.81,0,54,4,Education
user_enterprise_2073,702,40,1,2.0,14,5627.74,0,0,0,0,1.0,0,92,0,Finance
user_enterprise_2074,772,12,26,54.0,14,1964.36,0,0,2,0,0.76,0,75,2,Marketing
user_enterprise_2075,498,9,27,17.3,13,3471.33,0,0,1,0,0.84,0,74,2,Finance
user_enterprise_2076,595,0,24,70.2,14,2082.98,0,0,1,0,0.76,0,67,3,SaaS
user_enterprise_2077,543,13,13,28.2,12,5931.59,0,0,3,1,0.67,0,60,4,Education
user_enterprise_2078,508,3,29,80.4,11,627.28,0,3,0,0,0.78,0,78,2,E-commerce
user_enterprise_2079,909,7,17,8.7,23,7129.22,0,0,0,0,0.82,0,52,4,Marketing
user_enterprise_2080,746,2,13,11.2,16,5171.73,0,0,0,0,0.85,0,72,2,Marketing
user_enterprise_2081,669,5,22,14.7,14,6032.47,0,0,2,0,0.81,0,83,1,Education
user_enterprise_2082,567,7,29,46.3,17,7912.29,0,0,1,0,0.79,0,70,3,Marketing
user_enterprise_2083,749,4,29,63.6,15,6341.03,0,0,0,0,0.74,0,96,0,Finance
user_enterprise_2084,631,10,12,15.3,13,2203.62,0,3,0,0,0.61,0,100,0,E-commerce
user_enterprise_2085,857,4,7,15.7,14,5215.63,0,4,1,0,0.91,0,69,3,Education
user_enterprise_2086,640,13,24,13.5,10,4353.43,0,0,0,0,0.71,0,95,0,Education
user_enterprise_2087,828,12,6,3.7,22,3231.6,0,0,7,2,0.79,0,65,3,SaaS
user_enterprise_2088,368,9,6,10.0,11,2076.23,1,0,3,0,0.79,0,100,0,Finance
user_enterprise_2089,640,9,26,26.0,18,8126.3,0,0,0,0,0.78,0,56,4,Education
user_enterprise_2090,1000,32,0,0.0,19,6610.99,0,1,0,0,0.81,0,55,4,Education
user_enterprise_2091,370,2,24,20.1,11,5109.43,0,1,0,0,0.74,0,75,2,Marketing
user_enterprise_2092,701,4,7,10.6,15,3408.75,0,2,0,0,0.78,0,57,4,Finance
user_enterprise_2093,773,2,18,43.4,18,6720.76,0,0,4,0,0.83,0,89,1,E-commerce
user_enterprise_2094,649,2,28,64.9,12,1390.37,0,0,1,0,0.64,0,61,3,Marketing
user_enterprise_2095,424,8,23,65.1,7,3007.4,0,0,1,0,0.86,0,73,2,SaaS
user_enterprise_2096,825,2,12,8.4,25,6529.38,0,0,0,0,0.86,0,77,2,Marketing
user_enterprise_2097,616,29,4,6.1,10,3201.07,0,0,0,0,0.73,0,82,1,Marketing
user_enterprise_2098,852,33,3,5.8,26,6167.9,0,5,1,0,0.53,0,75,2,Marketing
user_enterprise_2099,866,4,26,53.9,19,7105.31,0,4,4,0,0.82,0,88,1,Marketing
user_enterprise_2100,677,2,29,80.0,20,7157.44,0,3,1,0,0.66,0,99,0,E-commerce
user_enterprise_2101,358,8,23,33.2,7,2891.64,0,0,4,2,0.75,0,79,2,E-commerce
user_enterprise_2102,765,9,19,14.8,16,3405.24,0,2,0,0,0.85,0,90,1,Marketing
user_enterprise_2103,581,46,4,8.5,10,3950.32,0,2,0,0,0.83,0,77,2,E-commerce
user_enterprise_2104,255,3,24,49.9,5,381.33,0,0,0,0,0.72,0,92,0,Marketing
user_enterprise_2105,932,8,6,11.6,23,4309.52,0,0,1,0,0.77,0,69,3,Finance
user_enterprise_2106,821,3,19,34.1,20,7622.65,0,0,4,1,0.66,0,97,0,SaaS
user_enterprise_2107,673,1,18,51.3,20,2279.98,0,0,0,0,0.92,0,100,0,Marketing
user_enterprise_2108,878,6,11,30.7,22,8583.88,0,1,3,0,0.62,0,94,0,Finance
user_enterprise_2109,509,54,3,6.8,9,4149.21,1,0,3,2,0.88,0,78,2,Finance
user_enterprise_2110,793,7,24,60.7,18,6685.65,0,0,2,0,0.82,0,67,3,Education
user_enterprise_2111,825,28,2,1.4,16,2086.12,0,0,0,0,0.89,0,56,4,Education
user_enterprise_2112,854,3,5,14.7,16,4174.66,0,0,1,0,0.78,0,77,2,E-commerce
user_enterprise_2113,703,0,25,42.9,16,6530.76,3,0,0,0,0.64,0,84,1,E-commerce
user_enterprise_2114,547,12,26,43.5,17,1866.17,0,0,0,0,0.9,0,83,1,E-commerce
user_enterprise_2115,653,2,16,23.4,13,802.01,0,0,1,0,0.71,0,89,1,Education
user_enterprise_2116,701,0,10,17.8,18,2633.84,0,0,0,0,0.73,0,65,3,Education
user_enterprise_2117,822,9,12,31.1,24,6998.67,1,0,0,0,0.71,0,77,2,Finance
user_enterprise_2118,577,3,20,56.8,11,1036.32,2,3,0,0,0.78,0,60,4,Education
user_enterprise_2119,707,43,2,5.1,13,3124.72,0,1,0,0,0.89,0,93,0,SaaS
user_enterprise_2120,690,11,12,13.8,21,6813.75,0,0,1,0,0.71,0,100,0,Education
user_enterprise_2121,678,7,23,13.5,15,1109.76,0,0,0,0,1.0,0,87,1,Finance
user_enterprise_2122,858,26,0,0.0,23,10603.16,0,1,5,1,0.89,0,77,2,E-commerce
user_enterprise_2123,671,8,25,70.1,18,5095.92,0,0,3,2,0.89,0,66,3,Marketing
user_enterprise_2124,487,11,16,33.7,12,638.14,0,0,1,0,0.77,0,70,3,Education
user_enterprise_2125,595,8,9,9.0,18,3179.66,0,1,0,0,0.81,0,100,0,E-commerce
user_enterprise_2126,872,11,24,46.7,21,4693.63,0,0,0,0,0.76,0,69,3,Finance
user_enterprise_2127,475,3,23,60.7,9,2513.17,0,0,0,0,0.69,0,79,2,Finance
user_enterprise_2128,510,7,17,9.3,11,2761.73,0,0,0,0,0.78,0,73,2,Finance
user_enterprise_2129,699,12,28,57.6,21,9654.05,0,0,5,1,0.74,0,83,1,Marketing
user_enterprise_2130,850,8,16,29.8,25,10083.78,0,0,0,0,0.64,0,72,2,Education
user_enterprise_2131,852,42,4,3.9,23,6332.29,0,0,2,0,0.69,0,83,1,Education
user_enterprise_2132,700,9,10,27.9,13,5973.84,0,0,0,0,0.72,0,86,1,E-commerce
user_enterprise_2133,756,7,12,9.0,23,10438.66,0,0,1,0,0.67,0,79,2,Education
user_enterprise_2134,1030,5,21,52.3,25,7581.04,0,0,0,0,0.77,0,85,1,Education
user_enterprise_2135,759,5,8,20.7,20,4207.39,0,0,0,0,0.76,0,74,2,Finance
user_enterprise_2136,627,7,15,35.9,12,794.76,2,3,1,0,0.76,0,95,0,SaaS
user_enterprise_2137,728,3,9,15.2,21,4732.52,0,0,4,2,0.97,0,64,3,Marketing
user_enterprise_2138,848,10,21,16.8,16,4172.4,0,0,4,4,0.76,0,71,2,SaaS
user_enterprise_2139,859,3,24,25.7,17,7609.94,2,0,0,0,0.99,0,89,1,E-commerce
user_enterprise_2140,563,5,22,61.0,16,1566.96,0,0,0,0,0.54,0,56,4,Education
user_enterprise_2141,555,5,19,30.5,14,5826.99,1,0,1,0,0.71,0,82,1,SaaS
user_enterprise_2142,831,51,0,0.0,21,2709.22,0,2,0,0,1.0,0,76,2,SaaS
user_enterprise_2143,660,26,1,1.1,12,884.99,0,2,0,0,0.68,0,86,1,Marketing
user_enterprise_2144,537,57,3,5.2,13,6264.99,0,0,0,0,0.67,0,69,3,Marketing
user_enterprise_2145,704,35,3,7.2,16,7132.98,0,0,0,0,0.77,0,48,5,SaaS
user_enterprise_2146,720,5,23,19.1,16,7764.43,0,0,0,0,1.0,0,77,2,SaaS
user_enterprise_2147,673,31,2,3.2,20,2483.23,0,0,0,0,0.77,0,91,0,SaaS
user_enterprise_2148,350,42,3,5.5,7,3323.25,0,0,0,0,0.87,0,89,1,Finance
user_enterprise_2149,660,12,22,19.5,14,3671.0,0,0,1,0,0.95,0,66,3,E-commerce
user_enterprise_2150,542,2,13,30.8,16,5959.46,0,0,4,0,0.97,0,74,2,Education
user_enterprise_2151,654,1,14,25.1,17,5748.04,0,0,2,0,0.77,0,70,3,SaaS
user_enterprise_2152,651,2,7,18.1,20,6245.8,1,3,4,2,0.75,0,97,0,E-commerce
user_enterprise_2153,929,2,27,67.4,26,11508.5,0,0,0,0,0.8,0,73,2,SaaS
user_enterprise_2154,613,3,10,10.1,14,1494.1,2,0,2,0,0.92,0,95,0,Education
user_enterprise_2155,755,3,11,18.5,17,8176.46,0,0,1,0,0.65,0,100,0,Marketing
user_enterprise_2156,534,11,22,42.8,15,5753.99,0,0,4,3,0.77,0,89,1,Education
user_enterprise_2157,623,32,0,0.0,19,5944.66,0,1,1,0,0.84,0,81,1,SaaS
user_enterprise_2158,451,3,18,29.0,9,1755.21,0,0,1,0,0.75,0,92,0,Finance
user_enterprise_2159,551,8,13,13.2,11,5255.26,0,0,0,0,0.84,0,91,0,SaaS
user_enterprise_2160,599,9,5,3.2,14,6734.74,0,0,5,1,0.89,0,64,3,E-commerce
user_enterprise_2161,803,6,17,24.3,20,9174.75,0,0,2,0,0.76,0,72,2,E-commerce
user_enterprise_2162,932,11,25,70.8,25,8973.14,0,0,2,0,0.84,0,97,0,Finance
user_enterprise_2163,410,3,8,16.6,7,973.07,0,0,2,0,0.83,0,73,2,SaaS
user_enterprise_2164,597,12,17,24.2,14,1289.5,0,1,0,0,0.93,0,65,3,E-commerce
user_enterprise_2165,653,3,18,52.0,15,1262.16,0,0,0,0,0.84,0,91,0,Marketing
user_enterprise_2166,684,2,27,53.3,14,1242.77,0,4,0,0,0.79,0,73,2,SaaS
user_enterprise_2167,746,11,29,82.8,22,1579.83,0,2,0,0,0.77,0,96,0,E-commerce
user_enterprise_2168,630,8,27,66.6,10,839.18,0,1,2,0,0.78,0,60,4,E-commerce
user_enterprise_2169,738,54,2,2.9,23,10587.75,2,0,1,0,0.89,0,69,3,SaaS
user_enterprise_2170,541,2,14,36.4,10,1576.15,0,0,0,0,0.76,0,61,3,Marketing
user_enterprise_2171,575,2,13,36.9,12,2978.46,0,0,0,0,0.73,0,100,0,SaaS
user_enterprise_2172,434,7,23,61.5,10,3775.26,0,0,3,0,0.74,0,74,2,SaaS
user_enterprise_2173,793,1,22,35.6,21,9900.98,0,0,0,0,0.84,0,100,0,Education
user_enterprise_2174,473,46,4,10.9,13,1697.0,0,0,0,0,0.74,0,74,2,Finance
user_enterprise_2175,702,9,24,51.1,19,7905.02,0,0,4,0,0.92,0,92,0,SaaS
user_enterprise_2176,912,10,24,24.5,26,11406.87,0,0,2,0,0.9,0,75,2,Finance
user_enterprise_2177,712,3,6,5.5,15,4736.56,0,0,3,0,1.0,0,31,6,E-commerce
user_enterprise_2178,276,4,6,4.0,5,497.32,0,1,1,0,0.89,0,63,3,Marketing
user_enterprise_2179,625,11,12,16.5,15,1942.06,0,2,1,0,0.66,0,88,1,Education
user_enterprise_2180,717,9,26,71.9,18,6347.46,0,0,3,1,0.74,0,71,2,Marketing
user_enterprise_2181,770,12,24,46.1,13,4496.74,0,0,2,0,0.72,0,81,1,Education
user_enterprise_2182,465,0,24,25.5,11,2402.28,0,0,0,0,0.91,0,100,0,E-commerce
user_enterprise_2183,583,3,21,62.3,14,5436.79,0,0,1,0,0.85,0,86,1,Education
user_enterprise_2184,494,44,0,0.0,14,2465.18,0,6,0,0,0.72,0,68,3,Marketing
user_enterprise_2185,514,7,5,11.1,14,1798.15,0,0,1,0,0.61,0,77,2,Finance
user_enterprise_2186,658,38,4,4.2,11,3251.59,0,2,0,0,0.89,0,94,0,Education
user_enterprise_2187,571,7,16,13.1,10,1941.15,0,0,0,0,0.68,0,45,5,E-commerce
user_enterprise_2188,479,10,9,9.9,8,1863.14,1,1,3,1,0.91,0,61,3,E-commerce
user_enterprise_2189,318,8,14,40.1,8,962.65,0,0,1,0,0.81,0,69,3,SaaS
user_enterprise_2190,402,2,5,7.6,6,733.57,0,2,1,0,0.61,0,100,0,E-commerce
user_enterprise_2191,793,51,0,0.0,18,1354.7,0,0,0,0,0.88,0,74,2,Education
user_enterprise_2192,535,3,27,54.5,11,5003.06,1,0,1,0,0.77,0,87,1,Education
user_enterprise_2193,452,4,23,45.1,11,4680.97,0,0,1,0,0.77,0,85,1,Marketing
user_enterprise_2194,1032,1,19,56.3,19,4039.43,0,0,2,0,0.81,0,76,2,Marketing
user_enterprise_2195,479,9,23,41.3,10,3823.25,0,2,1,0,0.93,0,100,0,Education
user_enterprise_2196,522,2,7,13.6,16,3642.16,0,1,0,0,0.78,0,81,1,SaaS
user_enterprise_2197,737,3,24,38.0,22,5127.7,0,2,1,0,0.78,0,77,2,SaaS
user_enterprise_2198,1000,0,29,35.5,26,11806.75,0,1,0,0,0.79,0,96,0,Education
user_enterprise_2199,1092,12,24,20.1,35,14963.75,0,0,0,0,0.81,0,92,0,SaaS
user_enterprise_2200,406,13,8,22.5,8,1542.05,0,0,5,2,0.77,0,59,4,Education
user_enterprise_2201,918,7,11,32.0,29,7711.95,0,0,0,0,0.75,0,56,4,Education
user_enterprise_2202,716,0,24,52.6,15,6702.74,0,0,0,0,0.75,0,75,2,Finance
user_enterprise_2203,588,3,6,15.9,13,3604.59,0,0,0,0,0.87,0,100,0,E-commerce
user_enterprise_2204,664,10,5,4.6,11,5443.56,0,1,1,0,0.73,0,74,2,Finance
user_enterprise_2205,868,7,9,26.1,18,5706.94,0,0,2,0,0.71,0,90,1,SaaS
user_enterprise_2206,789,31,1,1.7,15,1804.83,0,0,1,0,0.76,0,100,0,E-commerce
user_enterprise_2207,676,6,8,11.0,17,4224.21,0,0,1,0,0.76,0,69,3,E-commerce
user_enterprise_2208,852,13,21,59.1,23,7750.44,0,0,0,0,0.74,0,61,3,E-commerce
user_enterprise_2209,609,28,0,0.0,16,3204.82,0,0,5,1,0.73,0,100,0,Education
user_enterprise_2210,566,2,27,62.2,15,794.21,0,0,1,0,0.72,0,87,1,Marketing
user_enterprise_2211,557,26,4,7.3,13,6284.07,0,0,0,0,0.79,0,64,3,Finance
user_enterprise_2212,779,10,17,25.4,22,10713.59,0,0,0,0,0.72,0,91,0,Education
user_enterprise_2213,592,45,3,7.7,10,4686.86,0,0,0,0,0.72,0,98,0,SaaS
user_enterprise_2214,687,8,18,31.9,15,6722.8,0,0,1,0,0.58,0,83,1,Finance
user_enterprise_2215,786,9,16,17.4,22,4118.0,0,0,0,0,1.0,0,100,0,Finance
user_enterprise_2216,777,12,7,8.8,13,4443.21,0,0,0,0,0.85,0,74,2,E-commerce
user_enterprise_2217,169,10,21,44.0,2,270.74,0,0,2,0,0.79,0,89,1,Marketing
user_enterprise_2218,965,0,28,64.9,27,4545.55,0,0,4,2,0.98,0,77,2,Education
user_enterprise_2219,933,10,25,53.9,28,6910.12,0,0,0,0,1.0,0,100,0,Education
user_enterprise_2220,926,10,25,68.3,25,9958.14,0,1,1,0,0.82,0,56,4,Marketing
user_enterprise_2221,725,5,17,32.0,15,4277.21,0,0,2,0,0.71,0,73,2,Finance
user_enterprise_2222,773,6,20,44.2,18,6720.76,0,0,0,0,0.79,0,63,3,Finance
user_enterprise_2223,718,1,23,46.1,14,1185.51,0,0,0,0,0.77,0,99,0,E-commerce
user_enterprise_2224,775,6,13,10.8,24,7713.26,0,4,1,0,0.7,0,93,0,E-commerce
user_enterprise_2225,1057,0,14,13.4,28,1574.0,0,0,0,0,0.94,0,89,1,E-commerce
user_enterprise_2226,1073,4,18,15.8,23,4357.71,0,0,0,0,0.75,0,82,1,Education
user_enterprise_2227,669,18,1,1.0,18,6593.97,0,0,1,0,0.95,0,75,2,Finance
user_enterprise_2228,952,31,0,0.0,16,7061.1,0,2,0,0,0.92,0,35,6,E-commerce
user_enterprise_2229,729,11,13,18.8,13,5174.83,0,0,1,0,0.66,0,85,1,Education
user_enterprise_2230,400,12,15,16.5,10,839.59,0,0,0,0,0.83,0,91,0,SaaS
user_enterprise_2231,613,36,0,0.0,11,3901.48,0,0,1,0,0.81,0,56,4,Marketing
user_enterprise_2232,697,5,27,15.5,22,10714.69,0,0,0,0,0.81,0,87,1,Finance
user_enterprise_2233,935,50,3,6.9,23,6841.29,0,0,0,0,0.79,0,84,1,SaaS
user_enterprise_2234,648,39,3,3.9,20,6325.06,0,0,0,0,0.89,0,77,2,Marketing
user_enterprise_2235,366,2,17,40.5,9,856.24,0,0,0,0,0.66,0,68,3,Finance
user_enterprise_2236,758,2,19,12.7,14,5805.54,0,0,1,0,0.83,0,84,1,Finance
user_enterprise_2237,368,8,16,10.2,10,2703.53,0,0,0,0,0.96,0,93,0,Marketing
user_enterprise_2238,1053,13,28,17.1,22,7782.09,0,0,3,1,0.81,0,74,2,Marketing
user_enterprise_2239,693,6,16,37.6,19,3868.06,1,0,0,0,0.76,0,54,4,SaaS
user_enterprise_2240,469,11,11,23.3,12,5595.64,0,0,0,0,0.81,0,50,5,Education
user_enterprise_2241,521,51,3,8.1,16,3460.25,0,0,1,0,0.86,0,71,2,Finance
user_enterprise_2242,788,9,9,9.4,17,7683.65,0,5,1,0,0.75,0,73,2,Marketing
user_enterprise_2243,768,11,9,21.0,21,10230.08,0,0,0,0,0.79,0,71,2,Finance
user_enterprise_2244,1058,38,3,3.6,28,6099.15,0,0,1,0,0.63,0,76,2,Education
user_enterprise_2245,850,3,10,23.8,16,6362.75,3,0,2,0,0.83,0,90,1,E-commerce
user_enterprise_2246,504,9,20,39.9,12,5892.6,0,0,4,0,0.73,0,68,3,Education
user_enterprise_2247,561,12,15,9.4,14,3472.65,0,0,1,0,0.85,0,87,1,Education
user_enterprise_2248,653,2,11,24.6,18,1605.82,0,2,4,0,0.72,0,54,4,Marketing
user_enterprise_2249,741,6,20,49.6,16,5402.59,0,0,1,0,0.83,0,72,2,Education
user_enterprise_2250,732,9,26,46.3,19,7945.56,0,0,0,0,0.7,0,89,1,E-commerce
user_enterprise_2251,760,11,13,34.9,21,9144.9,0,0,0,0,0.81,0,95,0,Finance
user_enterprise_2252,780,0,8,21.6,24,8018.17,0,0,0,0,0.7,0,92,0,SaaS
user_enterprise_2253,498,24,0,0.0,12,4270.51,0,0,1,0,0.61,0,91,0,Finance
user_enterprise_2254,977,8,13,25.6,28,2900.1,1,0,0,0,0.86,0,86,1,SaaS
user_enterprise_2255,777,9,9,10.5,20,7251.57,0,1,0,0,0.73,0,68,3,E-commerce
user_enterprise_2256,704,31,1,1.6,15,3166.02,0,0,1,0,0.76,0,53,4,SaaS
user_enterprise_2257,958,8,22,42.7,30,8388.82,0,0,0,0,0.83,0,53,4,SaaS
user_enterprise_2258,670,0,5,3.4,17,8343.8,0,1,3,0,0.78,0,75,2,Finance
user_enterprise_2259,596,6,11,5.6,16,7291.77,0,4,2,0,0.9,0,59,4,Education
user_enterprise_2260,600,6,14,27.0,13,6284.84,0,1,1,0,0.92,0,79,2,E-commerce
user_enterprise_2261,447,10,10,22.4,8,2178.3,0,0,2,0,0.75,0,69,3,Marketing
user_enterprise_2262,783,29,4,6.6,24,10037.22,0,0,4,0,0.79,0,68,3,E-commerce
user_enterprise_2263,561,0,18,14.3,12,2956.32,0,0,5,1,0.76,0,80,2,Marketing
user_enterprise_2264,773,51,0,0.0,19,3768.47,0,0,0,0,0.8,0,53,4,E-commerce
user_enterprise_2265,630,2,16,32.2,13,2316.77,0,2,1,0,0.81,0,84,1,Finance
user_enterprise_2266,927,54,4,5.7,22,1331.03,0,0,1,0,0.79,0,86,1,Marketing
user_enterprise_2267,690,4,25,29.7,17,6805.44,0,0,4,1,0.66,0,77,2,Finance
user_enterprise_2268,757,7,9,25.4,14,3395.73,0,2,0,0,0.89,0,73,2,SaaS
user_enterprise_2269,490,4,17,47.7,10,3464.29,0,0,0,0,0.84,0,92,0,Finance
user_enterprise_2270,968,37,2,3.1,29,5774.01,0,0,0,0,0.82,0,69,3,SaaS
user_enterprise_2271,493,1,17,47.4,10,719.33,0,1,0,0,0.76,0,79,2,SaaS
user_enterprise_2272,600,5,18,53.0,18,4381.63,0,1,0,0,1.0,0,92,0,SaaS
user_enterprise_2273,797,7,28,78.9,23,3645.53,0,0,0,0,0.78,0,60,4,Marketing
user_enterprise_2274,812,4,14,31.3,14,1166.28,0,0,1,0,0.66,0,72,2,E-commerce
user_enterprise_2275,696,6,5,5.1,21,3019.63,2,0,0,0,0.93,0,71,2,SaaS
user_enterprise_2276,469,2,13,20.0,14,3202.83,0,0,3,5,0.76,0,92,0,Finance
user_enterprise_2277,506,12,14,23.0,11,4437.24,1,0,0,0,0.69,0,75,2,Finance
user_enterprise_2278,566,59,2,4.7,17,6570.23,0,0,0,0,0.75,0,61,3,Education
user_enterprise_2279,779,9,6,11.7,17,1298.5,0,0,0,0,0.85,0,75,2,E-commerce
user_enterprise_2280,1091,6,5,9.4,18,3413.08,0,0,0,0,0.76,0,71,2,Education
user_enterprise_2281,545,19,1,2.5,11,3294.94,0,0,3,1,0.7,0,74,2,Marketing
user_enterprise_2282,1073,9,23,60.6,33,13815.92,0,0,3,0,0.73,0,72,2,Finance
user_enterprise_2283,833,12,27,37.1,22,6144.65,0,1,1,0,0.79,0,63,3,E-commerce
user_enterprise_2284,782,0,15,34.9,14,4783.34,0,0,2,0,0.71,0,79,2,Finance
user_enterprise_2285,805,13,5,12.4,17,5209.61,0,0,0,0,0.94,0,36,6,E-commerce
user_enterprise_2286,1112,13,17,25.4,32,12746.56,0,0,3,1,0.94,0,76,2,SaaS
user_enterprise_2287,519,12,15,19.1,9,1666.44,0,6,3,1,0.9,0,56,4,Education
user_enterprise_2288,695,25,1,1.1,13,3068.94,0,2,0,0,0.86,0,80,2,Education
user_enterprise_2289,623,34,1,2.0,18,1758.82,0,0,1,0,0.74,0,89,1,Marketing
user_enterprise_2290,823,13,18,34.1,25,12298.27,0,0,0,0,0.68,0,53,4,Education
user_enterprise_2291,782,13,18,24.9,18,3568.73,0,0,3,1,0.7,0,82,1,Finance
user_enterprise_2292,470,9,27,40.9,7,2920.17,0,2,2,0,0.81,0,67,3,Education
user_enterprise_2293,296,5,12,12.3,8,2426.16,0,6,0,0,0.67,0,73,2,Finance
user_enterprise_2294,564,3,16,44.6,16,1248.66,0,0,0,0,0.81,0,73,2,SaaS
user_enterprise_2295,647,9,29,63.9,20,5814.72,0,5,0,0,0.67,0,71,2,Education
user_enterprise_2296,450,0,5,2.5,14,5107.86,0,0,0,0,0.81,0,79,2,E-commerce
user_enterprise_2297,668,3,27,75.0,18,8645.28,0,0,3,0,0.72,0,77,2,Education
user_enterprise_2298,316,0,19,51.2,7,1795.01,0,1,1,0,0.87,0,72,2,Education
user_enterprise_2299,223,51,3,6.7,4,265.66,0,0,0,0,0.91,0,87,1,Education
user_enterprise_2300,279,11,8,11.7,6,2714.31,1,0,0,0,0.73,0,80,2,E-commerce
user_enterprise_2301,379,31,4,7.5,6,2636.57,0,0,6,1,0.66,0,85,1,Education
user_enterprise_2302,473,10,20,57.5,10,2862.0,0,0,2,0,0.87,0,79,2,SaaS
user_enterprise_2303,461,17,4,10.4,14,5797.95,0,3,1,0,1.0,0,68,3,Finance
user_enterprise_2304,802,13,28,80.9,19,8965.31,0,0,2,0,0.76,0,82,1,Education
user_enterprise_2305,486,17,1,0.8,11,2571.82,0,0,0,0,0.76,0,69,3,Marketing
user_enterprise_2306,791,7,22,24.5,22,8711.26,0,1,1,0,0.84,0,55,4,Education
user_enterprise_2307,746,0,10,13.3,18,8009.59,0,0,3,1,0.67,0,82,1,SaaS
user_enterprise_2308,528,8,26,54.7,13,4210.89,0,0,1,0,0.9,0,69,3,Finance
user_enterprise_2309,501,4,12,15.6,9,2920.33,0,0,1,0,0.76,0,79,2,SaaS
user_enterprise_2310,853,3,11,19.2,22,5273.39,0,0,1,0,0.73,0,68,3,Finance
user_enterprise_2311,841,38,4,2.5,19,1585.26,0,1,2,0,0.83,0,51,4,Marketing
user_enterprise_2312,1055,9,6,6.7,24,8142.9,0,1,0,0,0.8,0,91,0,Marketing
user_enterprise_2313,698,3,15,27.8,18,3262.58,0,0,0,0,0.83,0,93,0,Finance
user_enterprise_2314,1060,26,1,2.3,24,7418.7,0,0,3,1,0.79,0,66,3,Education
user_enterprise_2315,656,47,2,1.2,19,7705.55,0,0,0,0,0.86,0,77,2,E-commerce
user_enterprise_2316,881,0,9,8.0,27,2648.1,0,0,2,0,0.85,0,86,1,SaaS
user_enterprise_2317,649,4,19,39.9,19,8071.67,0,1,2,0,0.61,0,67,3,Marketing
user_enterprise_2318,564,6,15,8.7,9,3403.73,0,1,1,0,0.81,0,90,1,Education
user_enterprise_2319,734,8,9,12.9,14,4009.67,1,0,0,0,0.93,0,74,2,E-commerce
user_enterprise_2320,754,23,0,0.0,12,4371.38,0,1,1,0,0.96,0,86,1,SaaS
user_enterprise_2321,568,8,11,27.5,14,6107.68,0,3,1,0,0.83,0,71,2,SaaS
user_enterprise_2322,379,2,18,49.7,11,2330.96,0,0,2,0,0.7,0,56,4,Marketing
user_enterprise_2323,908,49,3,1.6,29,12001.68,0,0,0,0,0.87,0,76,2,Finance
user_enterprise_2324,433,24,0,0.0,9,455.55,0,1,0,0,0.78,0,61,3,Education
user_enterprise_2325,816,8,22,55.6,18,1515.34,0,0,2,0,0.95,0,100,0,E-commerce
user_enterprise_2326,559,9,10,6.3,9,633.06,0,0,0,0,0.8,0,60,4,SaaS
user_enterprise_2327,494,11,25,66.9,12,1652.52,0,0,0,0,0.77,0,98,0,Finance
user_enterprise_2328,1139,1,18,13.6,21,3920.32,0,0,0,0,0.86,0,55,4,E-commerce
user_enterprise_2329,566,5,17,28.4,9,2496.29,0,0,1,0,0.8,0,90,1,Finance
user_enterprise_2330,676,1,21,37.7,13,2507.45,0,0,0,0,0.83,0,64,3,Finance
user_enterprise_2331,1145,0,9,14.4,36,13901.15,1,0,1,0,0.77,0,59,4,Marketing
user_enterprise_2332,592,56,3,2.5,14,5521.27,0,0,4,2,0.84,0,89,1,Finance
user_enterprise_2333,542,5,17,34.4,12,1297.09,0,0,1,0,0.88,0,87,1,Finance
user_enterprise_2334,1028,2,23,60.6,19,1530.09,0,0,0,0,0.75,0,100,0,Education
user_enterprise_2335,867,4,16,23.2,20,2825.76,0,0,0,0,0.78,0,72,2,Marketing
user_enterprise_2336,764,10,5,13.5,17,7498.45,0,0,1,0,0.68,0,61,3,E-commerce
user_enterprise_2337,589,10,25,28.4,18,1719.72,0,0,3,1,0.88,0,100,0,Education
user_enterprise_2338,918,12,13,17.0,18,5912.49,0,0,5,1,0.69,0,98,0,Finance
user_enterprise_2339,897,5,18,38.4,20,9298.01,0,0,0,0,0.69,0,70,3,SaaS
user_enterprise_2340,774,12,19,24.5,18,5506.7,0,1,1,0,0.77,0,94,0,SaaS
user_enterprise_2341,605,12,18,15.5,19,1857.63,0,0,5,3,0.81,0,73,2,E-commerce
user_enterprise_2342,516,3,14,22.8,9,4104.88,0,2,0,0,0.65,0,81,1,SaaS
user_enterprise_2343,736,2,29,23.9,20,2380.05,0,0,2,0,0.85,0,87,1,Education
user_enterprise_2344,821,8,24,35.2,25,12243.82,0,0,4,0,0.87,0,94,0,Education
user_enterprise_2345,933,3,21,62.9,19,1756.71,0,3,0,0,0.84,0,80,2,Marketing
user_enterprise_2346,550,9,15,13.3,17,4776.73,0,0,0,0,0.51,0,97,0,Marketing
user_enterprise_2347,824,5,7,6.7,21,3767.77,0,0,7,0,0.85,0,48,5,Marketing
user_enterprise_2348,788,5,18,34.0,14,5497.78,0,2,5,2,0.61,0,80,2,E-commerce
user_enterprise_2349,851,6,6,15.8,19,4134.42,0,0,1,0,0.71,0,69,3,Finance
user_enterprise_2350,720,2,25,52.3,23,11372.86,0,0,0,0,0.69,0,75,2,Education
user_enterprise_2351,783,1,22,28.1,20,4650.45,0,0,1,0,0.8,0,75,2,Finance
user_enterprise_2352,922,53,0,0.0,23,7816.13,0,0,0,0,0.81,0,82,1,Marketing
user_enterprise_2353,822,8,21,37.3,23,9003.48,0,3,1,0,0.82,0,84,1,SaaS
user_enterprise_2354,503,8,8,6.0,8,3647.44,0,0,0,0,0.76,0,61,3,SaaS
user_enterprise_2355,624,53,1,0.5,18,2640.22,0,3,2,0,0.78,0,76,2,Education
user_enterprise_2356,577,8,29,59.1,12,1522.79,1,2,1,0,0.82,0,68,3,Education
user_enterprise_2357,752,11,11,21.9,19,7518.07,0,3,0,0,0.73,0,86,1,E-commerce
user_enterprise_2358,821,13,12,13.8,22,2352.65,0,0,0,0,0.67,0,82,1,Education
user_enterprise_2359,638,8,22,57.1,10,3268.51,0,0,6,0,0.71,0,74,2,E-commerce
user_enterprise_2360,778,2,28,48.3,13,1559.84,0,0,1,0,0.75,0,71,2,SaaS
user_enterprise_2361,543,10,20,55.8,11,1085.52,0,0,0,0,0.68,0,46,5,E-commerce
user_enterprise_2362,535,12,21,28.6,15,5103.78,0,0,0,0,0.83,0,53,4,Finance
user_enterprise_2363,272,6,14,10.2,5,874.64,0,0,0,0,0.9,0,99,0,E-commerce
user_enterprise_2364,726,12,25,60.5,14,785.45,0,0,0,0,0.72,0,79,2,SaaS
user_enterprise_2365,871,10,13,30.2,23,4933.82,0,2,0,0,0.84,0,90,1,Finance
user_enterprise_2366,397,4,17,18.3,11,3169.04,0,0,0,0,0.86,0,59,4,SaaS
user_enterprise_2367,299,10,12,20.0,7,3347.09,0,0,1,0,0.79,0,81,1,Marketing
user_enterprise_2368,736,0,26,54.0,21,3439.37,0,0,0,0,0.65,0,89,1,SaaS
user_enterprise_2369,798,6,12,23.7,20,1731.05,0,0,2,0,0.81,0,90,1,Finance
user_enterprise_2370,742,10,19,24.0,16,2091.8,0,0,3,0,0.84,0,73,2,SaaS
user_enterprise_2371,458,0,9,21.1,9,2092.55,0,0,1,0,0.72,0,85,1,Finance
user_enterprise_2372,596,10,29,76.1,10,4186.94,0,0,1,0,0.85,0,69,3,Education
user_enterprise_2373,606,0,9,20.7,18,4399.81,0,0,1,0,0.79,0,74,2,Marketing
user_enterprise_2374,1142,3,22,16.1,32,9196.31,0,0,0,0,0.81,0,71,2,Marketing
user_enterprise_2375,926,11,27,57.2,16,2340.25,0,2,1,0,0.82,0,54,4,E-commerce
user_enterprise_2376,394,11,14,41.3,7,2181.59,0,0,3,0,0.64,0,82,1,SaaS
user_enterprise_2377,753,11,9,14.0,13,5612.83,0,4,0,0,0.75,0,59,4,Marketing
user_enterprise_2378,555,2,11,28.5,12,1642.96,0,0,5,0,0.73,0,71,2,Finance
user_enterprise_2379,383,50,3,7.5,6,2372.6,0,0,4,2,0.66,0,98,0,Education
user_enterprise_2380,1051,9,23,30.7,26,10502.2,1,1,0,0,0.88,0,57,4,Marketing
user_enterprise_2381,695,42,2,2.3,17,4690.26,0,0,0,0,0.79,0,75,2,SaaS
user_enterprise_2382,363,0,5,11.4,6,666.59,0,0,6,1,0.86,0,86,1,Marketing
user_enterprise_2383,392,39,2,4.5,6,2303.26,0,0,0,0,0.74,0,70,3,Marketing
user_enterprise_2384,1087,11,28,77.3,21,5024.66,0,0,0,0,0.73,0,80,2,Marketing
user_enterprise_2385,815,6,9,19.8,15,3785.97,0,0,1,0,0.74,0,68,3,SaaS
user_enterprise_2386,542,13,17,43.2,10,1731.94,0,0,0,0,0.71,0,63,3,Education
user_enterprise_2387,499,2,24,39.4,11,1367.33,0,1,1,0,0.8,0,85,1,Marketing
user_enterprise_2388,874,9,7,17.6,26,3597.28,0,0,0,0,0.9,0,86,1,SaaS
user_enterprise_2389,903,4,26,39.1,18,2229.79,0,0,0,0,0.73,0,90,1,Education
user_enterprise_2390,624,12,7,12.8,12,3248.35,0,0,0,0,0.97,0,61,3,E-commerce
user_enterprise_2391,740,37,3,5.7,23,9664.56,0,0,1,0,0.78,0,100,0,SaaS
user_enterprise_2392,1131,3,27,50.0,21,5888.15,0,0,1,0,0.68,0,92,0,SaaS
user_enterprise_2393,787,3,17,43.7,20,3834.86,0,0,0,0,0.65,0,100,0,SaaS
user_enterprise_2394,851,45,0,0.0,18,8158.17,0,1,1,0,0.82,0,79,2,Marketing
user_enterprise_2395,867,6,8,19.3,21,9188.85,0,2,0,0,0.67,0,80,2,Marketing
user_enterprise_2396,399,12,12,24.5,10,3709.58,0,0,0,0,0.73,0,76,2,Marketing
user_enterprise_2397,854,5,29,77.4,23,8096.29,1,0,2,0,0.67,0,100,0,Marketing
user_enterprise_2398,873,30,4,7.2,24,4450.36,0,0,0,0,0.87,0,86,1,E-commerce
user_enterprise_2399,737,13,14,29.7,19,4290.28,1,0,0,0,0.66,0,63,3,Marketing
user_enterprise_2400,1147,3,11,24.3,30,7806.51,0,1,1,0,0.92,0,66,3,Finance
user_enterprise_2401,398,4,9,6.2,12,5267.6,0,0,1,0,0.76,0,77,2,Education
user_enterprise_2402,712,12,12,23.2,14,1823.88,0,0,1,0,0.45,0,93,0,Marketing
user_enterprise_2403,508,13,28,43.2,8,2388.02,0,0,0,0,0.87,0,62,3,E-commerce
user_enterprise_2404,837,5,21,24.8,14,3956.01,0,0,0,0,0.87,0,79,2,SaaS
user_enterprise_2405,701,6,10,10.1,12,4083.15,0,0,1,0,0.87,0,74,2,Marketing
user_enterprise_2406,770,56,4,6.1,23,7537.06,0,0,0,0,0.65,0,64,3,Marketing
user_enterprise_2407,812,7,16,32.5,23,10438.52,0,0,0,0,0.7,0,70,3,Finance
user_enterprise_2408,563,8,25,50.0,17,6890.04,0,0,1,0,0.92,0,100,0,Education
user_enterprise_2409,198,5,14,29.6,4,235.86,0,0,1,0,0.76,0,83,1,E-commerce
user_enterprise_2410,1047,36,2,2.8,18,4336.77,0,0,0,0,0.77,0,80,2,SaaS
user_enterprise_2411,447,7,22,46.8,12,925.71,0,0,0,0,0.77,0,76,2,Finance
user_enterprise_2412,819,10,26,22.4,15,2402.11,0,0,0,0,0.68,0,83,1,Education
user_enterprise_2413,848,10,18,10.4,24,3467.51,0,0,2,0,0.83,0,83,1,E-commerce
user_enterprise_2414,680,13,19,53.6,16,7776.75,0,1,0,0,0.88,0,81,1,E-commerce
user_enterprise_2415,862,5,10,15.2,17,4951.75,0,1,0,0,0.69,0,100,0,Marketing
user_enterprise_2416,584,16,4,2.2,17,7359.61,1,1,0,0,0.86,0,91,0,Marketing
user_enterprise_2417,673,26,4,7.7,15,7316.6,0,0,0,0,0.79,0,90,1,Finance
user_enterprise_2418,1062,0,6,3.8,26,7361.43,0,0,3,0,0.75,0,79,2,E-commerce
user_enterprise_2419,684,33,0,0.0,19,5850.42,0,2,1,0,1.0,0,60,4,Education
user_enterprise_2420,873,4,21,29.9,17,4442.17,0,0,0,0,0.68,0,61,3,E-commerce
user_enterprise_2421,385,4,20,13.6,10,2589.13,0,0,0,0,0.99,0,53,4,Education
user_enterprise_2422,636,2,27,74.0,15,7189.29,0,0,1,0,0.71,0,78,2,Education
user_enterprise_2423,946,10,19,13.7,27,9418.91,0,0,0,0,0.95,0,96,0,Finance
user_enterprise_2424,401,13,18,34.7,9,1218.02,0,0,0,0,0.94,0,80,2,E-commerce
user_enterprise_2425,934,40,2,1.7,29,9903.96,0,0,0,0,0.72,0,69,3,SaaS
user_enterprise_2426,423,9,9,22.0,13,2640.41,0,0,0,0,0.85,0,93,0,E-commerce
user_enterprise_2427,426,2,27,68.6,8,473.19,1,0,0,0,0.76,0,74,2,Education
user_enterprise_2428,820,9,12,22.2,17,4743.07,0,0,0,0,0.77,0,64,3,Finance
user_enterprise_2429,917,28,2,5.4,20,1268.9,0,2,1,0,0.85,0,75,2,Finance
user_enterprise_2430,1173,4,28,18.2,38,18160.47,0,0,0,0,0.86,0,68,3,E-commerce
user_enterprise_2431,590,1,13,8.6,12,5303.3,0,0,0,0,0.75,0,84,1,SaaS
user_enterprise_2432,726,11,7,10.9,14,2452.65,0,0,2,0,0.84,0,64,3,Education
user_enterprise_2433,581,12,15,19.6,14,3420.05,0,0,0,0,0.82,0,72,2,Finance
user_enterprise_2434,541,7,10,26.1,13,2700.46,0,0,4,1,0.9,0,79,2,Finance
user_enterprise_2435,1003,12,21,29.4,29,5718.68,0,0,0,0,0.79,0,82,1,Finance
user_enterprise_2436,520,6,25,49.6,8,948.58,0,0,2,0,0.67,0,92,0,Finance
user_enterprise_2437,806,6,23,59.2,13,4090.78,0,0,1,0,0.93,0,73,2,E-commerce
user_enterprise_2438,626,2,10,18.4,11,5264.74,0,0,0,0,0.88,0,87,1,E-commerce
user_enterprise_2439,735,10,10,28.4,16,7423.77,0,0,0,0,0.87,0,98,0,E-commerce
user_enterprise_2440,804,12,29,33.2,18,5972.64,0,1,1,0,0.75,0,75,2,Finance
user_enterprise_2441,248,1,21,54.8,6,2495.57,0,1,0,0,0.59,0,62,3,Finance
user_enterprise_2442,579,8,20,57.1,16,5088.8,0,2,0,0,0.9,0,82,1,Marketing
user_enterprise_2443,647,21,3,2.4,11,3727.15,0,0,0,0,0.76,0,71,2,Education
user_enterprise_2444,399,13,22,58.7,9,698.45,0,0,1,0,1.0,0,53,4,E-commerce
user_enterprise_2445,734,7,12,8.2,15,7154.87,0,0,0,0,0.63,0,81,1,Marketing
user_enterprise_2446,769,25,2,3.8,22,7821.12,0,0,0,0,0.63,0,58,4,E-commerce
user_enterprise_2447,982,7,27,35.9,18,3297.39,0,0,0,0,0.84,0,62,3,E-commerce
user_enterprise_2448,613,13,16,30.1,16,5219.08,0,0,0,0,0.89,0,68,3,Education
user_enterprise_2449,797,11,17,13.4,18,3851.37,0,0,6,0,0.8,0,66,3,Finance
user_enterprise_2450,1096,57,4,9.1,34,12737.94,0,0,1,0,0.84,0,56,4,Finance
user_enterprise_2451,343,32,2,5.3,9,2737.74,0,3,0,0,0.68,0,81,1,Finance
user_enterprise_2452,897,7,16,42.7,22,10898.28,0,1,0,0,0.69,0,78,2,Finance
user_enterprise_2453,606,4,23,29.4,14,3066.69,0,0,1,0,0.77,0,73,2,Finance
user_enterprise_2454,1003,3,12,12.7,26,12348.48,0,0,1,0,0.75,0,85,1,Finance
user_enterprise_2455,467,9,25,15.1,11,662.51,0,0,0,0,0.65,0,60,4,Finance
user_enterprise_2456,900,12,14,8.5,20,1554.85,0,1,0,0,0.83,0,73,2,E-commerce
user_enterprise_2457,538,9,24,65.2,12,2262.71,0,0,0,0,0.76,0,78,2,Education
user_enterprise_2458,694,13,22,62.5,18,3844.4,1,4,2,0,0.71,0,79,2,Marketing
user_enterprise_2459,528,41,4,7.9,12,3843.8,0,0,0,0,0.97,0,73,2,E-commerce
user_enterprise_2460,797,4,27,66.6,20,2363.59,0,1,0,0,0.94,0,78,2,Marketing
user_enterprise_2461,928,10,7,4.4,28,10029.8,0,1,0,0,0.68,0,67,3,Finance
user_enterprise_2462,394,10,23,35.6,7,2200.79,0,4,0,0,0.78,0,79,2,Marketing
user_enterprise_2463,780,5,28,76.7,25,5948.24,1,0,7,1,0.73,0,67,3,Education
user_enterprise_2464,764,12,27,15.6,20,3229.34,0,3,1,0,0.84,0,100,0,SaaS
user_enterprise_2465,415,1,25,43.9,9,2274.7,0,0,2,0,0.63,0,79,2,Education
user_enterprise_2466,684,11,7,17.2,15,4451.96,0,1,3,2,0.87,0,74,2,Education
user_enterprise_2467,563,13,15,27.7,9,3893.18,0,0,0,0,0.88,0,79,2,Finance
user_enterprise_2468,1035,7,21,41.5,32,10137.38,0,2,0,0,0.96,0,82,1,Marketing
user_enterprise_2469,767,55,3,2.7,23,9686.25,1,0,0,0,0.72,0,97,0,Finance
user_enterprise_2470,1066,35,2,2.5,26,4681.17,0,1,0,0,0.92,0,100,0,Finance
user_enterprise_2471,483,55,4,7.3,13,5817.3,0,3,2,0,0.78,0,91,0,E-commerce
user_enterprise_2472,779,31,2,3.0,13,2340.22,0,0,0,0,0.77,0,72,2,SaaS
user_enterprise_2473,666,2,15,41.0,14,6598.18,0,0,1,0,0.84,0,60,4,Marketing
user_enterprise_2474,752,33,1,0.8,15,4775.06,0,0,0,0,0.82,0,81,1,E-commerce
user_enterprise_2475,1049,11,19,41.0,18,5906.74,1,2,0,0,0.73,0,64,3,Marketing
user_enterprise_2476,832,5,22,17.6,18,2002.61,0,0,2,0,0.66,0,85,1,Marketing
user_enterprise_2477,832,11,12,24.8,13,4334.83,0,0,1,0,0.88,0,42,5,E-commerce
user_enterprise_2478,299,55,4,8.3,5,1060.73,0,0,0,0,0.66,0,52,4,SaaS
user_enterprise_2479,904,25,2,4.0,16,4143.38,2,0,2,0,0.83,0,100,0,E-commerce
user_enterprise_2480,697,3,21,36.4,15,1095.85,0,0,1,0,0.84,0,82,1,Marketing
user_enterprise_2481,487,6,22,44.4,11,2496.18,0,1,1,0,0.81,0,65,3,E-commerce
user_enterprise_2482,485,42,4,10.6,14,5112.33,0,0,3,3,0.75,0,93,0,E-commerce
user_enterprise_2483,1141,9,16,8.7,21,9913.43,0,3,0,0,0.66,0,61,3,Education
user_enterprise_2484,697,3,21,61.1,14,5045.19,0,0,1,0,0.94,0,62,3,SaaS
user_enterprise_2485,443,11,6,3.6,8,1355.36,0,0,7,0,0.78,0,79,2,Finance
user_enterprise_2486,460,39,2,2.5,12,664.64,0,0,0,0,0.79,0,74,2,Finance
user_enterprise_2487,730,4,10,29.5,12,3008.41,1,2,0,0,0.74,0,70,3,Finance
user_enterprise_2488,844,9,8,5.4,25,3452.74,0,0,2,0,0.75,0,74,2,Marketing
user_enterprise_2489,449,37,0,0.0,8,3740.01,0,0,0,0,0.8,0,93,0,SaaS
user_enterprise_2490,709,16,3,5.0,14,4954.24,0,0,0,0,0.93,0,38,6,SaaS
user_enterprise_2491,883,3,28,32.0,26,10971.09,0,0,4,0,0.85,0,72,2,Finance
user_enterprise_2492,1049,3,15,23.4,22,6189.07,0,0,3,2,0.65,0,57,4,SaaS
user_enterprise_2493,733,10,13,9.5,21,8752.74,0,0,2,0,0.8,0,89,1,Education
user_enterprise_2494,817,4,22,44.1,22,7859.66,0,3,0,0,0.94,0,74,2,E-commerce
user_enterprise_2495,880,2,8,13.6,28,7323.51,0,0,2,0,0.81,0,84,1,Finance
user_enterprise_2496,644,55,0,0.0,18,4731.81,0,0,0,0,0.81,0,90,1,Marketing
user_enterprise_2497,907,3,18,26.9,25,10237.03,0,5,0,0,0.9,0,89,1,Marketing
user_enterprise_2498,185,1,22,23.5,4,743.89,0,0,1,0,0.65,0,56,4,Marketing
user_enterprise_2499,409,12,25,69.4,12,4086.11,0,1,0,0,0.81,0,92,0,Marketing
user_enterprise_2500,496,5,22,37.5,10,2694.43,0,1,3,2,0.73,0,65,3,Finance
user_enterprise_2501,815,1,7,20.4,16,5855.76,0,0,0,0,0.76,0,58,4,Education
user_enterprise_2502,499,12,26,19.7,13,5463.38,0,1,0,0,0.8,0,69,3,Education
user_enterprise_2503,349,2,22,20.4,10,2740.32,0,0,0,0,0.79,0,93,0,Finance
user_enterprise_2504,686,13,8,6.2,11,4987.23,0,0,1,0,0.83,0,96,0,Marketing
user_enterprise_2505,938,16,2,1.9,22,2194.67,0,1,1,0,0.79,0,100,0,Finance
user_enterprise_2506,496,3,12,17.4,11,793.16,0,0,2,0,0.93,0,67,3,Finance
user_enterprise_2507,641,3,18,50.6,19,5631.77,0,0,1,0,0.65,0,76,2,E-commerce
user_enterprise_2508,621,0,28,15.1,10,690.91,0,0,0,0,0.82,0,80,2,Finance
user_enterprise_2509,589,13,24,64.1,10,3757.58,0,0,4,0,0.83,0,100,0,SaaS
user_enterprise_2510,610,52,3,7.4,14,5229.21,0,0,0,0,0.9,0,79,2,Education
user_enterprise_2511,281,1,19,37.2,5,783.0,0,2,0,0,0.81,0,83,1,Marketing
user_enterprise_2512,753,13,28,53.0,21,8090.36,0,0,0,0,0.57,0,79,2,SaaS
user_enterprise_2513,955,8,27,77.3,30,2677.2,0,0,1,0,1.0,0,84,1,Marketing
user_enterprise_2514,1038,7,14,7.8,25,8393.78,0,0,1,0,0.77,0,82,1,E-commerce
user_enterprise_2515,540,9,13,10.4,13,3620.24,0,0,0,0,0.77,0,95,0,E-commerce
user_enterprise_2516,846,34,4,2.2,14,4062.49,1,0,1,0,0.75,0,88,1,E-commerce
user_enterprise_2517,718,11,7,4.6,15,2951.97,0,0,0,0,0.79,0,67,3,Marketing
user_enterprise_2518,475,5,23,17.4,14,1722.23,0,0,0,0,0.81,0,90,1,Finance
user_enterprise_2519,638,10,8,14.2,16,1105.09,0,1,0,0,0.94,0,86,1,E-commerce
user_enterprise_2520,553,11,25,40.3,16,7480.34,0,0,0,0,0.96,0,79,2,SaaS
user_enterprise_2521,744,2,23,41.1,17,5534.23,0,1,4,1,0.63,0,63,3,SaaS
user_enterprise_2522,389,11,25,62.2,10,4243.48,0,0,0,0,0.82,0,88,1,Finance
user_enterprise_2523,485,9,14,31.9,14,2817.42,0,0,2,0,0.87,0,97,0,Education
user_enterprise_2524,549,15,4,3.0,16,1039.02,0,0,0,0,0.91,0,76,2,E-commerce
user_enterprise_2525,802,20,4,2.3,23,6993.96,0,0,1,0,0.72,0,98,0,E-commerce
user_enterprise_2526,233,4,13,17.4,6,1786.58,0,1,0,0,0.88,0,75,2,SaaS
user_enterprise_2527,785,4,10,17.9,17,7182.63,0,0,0,0,0.85,0,65,3,E-commerce
user_enterprise_2528,686,12,6,3.9,12,4182.45,0,0,0,0,0.87,0,100,0,Education
user_enterprise_2529,551,5,29,46.3,16,1784.54,0,0,0,0,0.78,0,100,0,Marketing
user_enterprise_2530,407,11,12,29.0,11,1795.13,0,0,1,0,0.79,0,86,1,Education
user_enterprise_2531,599,2,27,37.1,14,5580.84,0,0,2,0,0.79,0,97,0,Marketing
user_enterprise_2532,556,10,14,23.6,10,3072.84,1,0,0,0,0.75,0,100,0,Marketing
user_enterprise_2533,1076,13,5,10.9,28,12572.38,0,3,0,0,0.79,0,93,0,Marketing
user_enterprise_2534,894,4,25,58.6,27,11895.61,0,0,0,0,0.82,0,73,2,E-commerce
user_enterprise_2535,555,8,17,22.6,11,1567.81,0,0,1,0,0.87,0,78,2,E-commerce
user_enterprise_2536,611,8,22,64.9,13,1630.5,0,1,0,0,0.62,0,76,2,Marketing
user_enterprise_2537,652,0,17,30.6,17,7970.41,0,1,2,0,0.97,0,57,4,Education
user_enterprise_2538,852,22,4,11.0,21,7909.68,0,0,0,0,0.76,0,100,0,Finance
user_enterprise_2539,722,1,19,45.7,14,1865.67,0,0,3,0,0.8,0,86,1,E-commerce
user_enterprise_2540,610,0,16,32.5,10,2126.58,0,2,2,0,0.84,0,79,2,Marketing
user_enterprise_2541,255,7,24,53.2,4,1238.0,0,0,2,0,0.78,0,67,3,SaaS
user_enterprise_2542,456,11,12,25.2,12,2986.8,0,0,4,1,0.82,0,78,2,SaaS
user_enterprise_2543,516,6,28,74.7,11,1535.05,0,1,0,0,0.66,0,91,0,E-commerce
user_enterprise_2544,654,13,8,21.9,14,1271.78,1,0,0,0,0.87,0,55,4,E-commerce
user_enterprise_2545,685,13,18,37.4,19,2054.02,0,0,1,0,0.8,0,66,3,Education
user_enterprise_2546,1140,11,19,56.4,26,10514.24,1,0,2,0,0.94,0,87,1,Finance
user_enterprise_2547,574,3,9,19.6,14,3391.78,0,1,1,0,0.72,0,86,1,E-commerce
user_enterprise_2548,721,2,23,19.3,14,4933.77,0,0,0,0,0.86,0,100,0,Marketing
user_enterprise_2549,592,9,18,36.4,14,5957.85,1,1,0,0,0.84,0,67,3,SaaS
user_enterprise_2550,820,2,16,47.0,24,9748.14,1,0,1,0,0.71,0,98,0,SaaS
user_enterprise_2551,1076,23,4,8.9,27,3981.46,0,0,0,0,0.92,0,69,3,Education
user_enterprise_2552,571,3,10,23.1,11,1198.57,0,0,0,0,0.69,0,65,3,E-commerce
user_enterprise_2553,291,3,25,59.5,6,1714.53,2,0,1,0,0.5,0,76,2,Finance
user_enterprise_2554,593,8,12,21.9,12,1341.38,0,2,1,0,0.79,0,67,3,Finance
user_enterprise_2555,814,10,16,14.2,23,4562.1,0,0,0,0,0.9,0,73,2,Education
user_enterprise_2556,754,13,15,11.4,16,2500.91,0,2,0,0,0.76,0,89,1,Finance
user_enterprise_2557,740,5,26,20.6,16,4263.95,0,0,1,0,0.88,0,82,1,Education
user_enterprise_2558,548,10,26,56.1,14,5270.96,0,0,2,0,0.92,0,81,1,SaaS
user_enterprise_2559,840,49,0,0.0,16,5181.91,0,0,0,0,1.0,0,71,2,Finance
user_enterprise_2560,674,3,21,47.2,13,1123.32,0,0,0,0,0.81,0,92,0,Finance
user_enterprise_2561,625,17,1,0.7,18,2213.71,0,0,1,0,0.73,0,96,0,E-commerce
user_enterprise_2562,899,4,23,25.5,24,1863.8,1,0,0,0,0.8,0,67,3,SaaS
user_enterprise_2563,896,4,9,5.6,25,7445.03,1,0,1,0,0.82,0,72,2,SaaS
user_enterprise_2564,612,6,19,13.0,15,5247.82,0,0,0,0,0.77,0,76,2,SaaS
user_enterprise_2565,170,36,4,8.6,4,340.35,0,0,5,0,0.8,0,89,1,SaaS
user_enterprise_2566,500,12,23,43.5,14,1491.95,0,0,0,0,0.9,0,100,0,Education
user_enterprise_2567,862,8,20,37.2,21,7744.26,0,0,2,0,0.87,0,88,1,Marketing
user_enterprise_2568,1004,1,17,37.5,32,9752.58,0,0,1,0,0.81,0,80,2,SaaS
user_enterprise_2569,413,11,26,45.6,10,3030.2,0,3,2,0,0.94,0,99,0,Education
user_enterprise_2570,619,8,11,24.1,16,6212.61,0,0,2,0,0.93,0,78,2,SaaS
user_enterprise_2571,888,13,15,11.2,28,2180.56,0,1,0,0,0.92,0,76,2,SaaS
user_enterprise_2572,1080,11,14,34.8,30,10223.17,0,2,1,0,0.81,0,94,0,SaaS
user_enterprise_2573,831,9,10,24.7,24,8855.41,0,0,3,1,0.69,0,91,0,Marketing
user_enterprise_2574,746,9,18,16.0,19,4618.57,0,0,0,0,0.84,0,100,0,Finance
user_enterprise_2575,671,5,7,18.4,15,2327.17,0,0,3,1,0.61,0,94,0,SaaS
user_enterprise_2576,642,46,3,7.4,13,2742.83,0,0,0,0,0.88,0,71,2,Marketing
user_enterprise_2577,632,9,18,35.1,12,3347.39,0,0,6,0,0.87,0,64,3,Marketing
user_enterprise_2578,1112,4,14,7.2,34,2864.93,0,0,3,1,0.77,0,47,5,E-commerce
user_enterprise_2579,941,11,23,62.7,15,3894.6,0,1,2,0,0.82,0,58,4,SaaS
user_enterprise_2580,851,7,19,30.8,27,12060.08,1,1,1,0,1.0,0,70,3,SaaS
user_enterprise_2581,1039,9,19,17.6,22,8965.34,0,0,7,0,0.63,0,71,2,SaaS
user_enterprise_2582,985,9,26,21.7,29,5725.53,0,0,0,0,0.91,0,63,3,Education
user_enterprise_2583,532,11,27,52.5,11,2261.25,0,0,0,0,0.69,0,66,3,Marketing
user_enterprise_2584,810,9,13,30.6,17,7715.76,0,0,1,0,0.81,0,60,4,Education
user_enterprise_2585,623,13,17,16.9,10,1582.94,0,1,0,0,0.8,0,100,0,Finance
user_enterprise_2586,449,13,29,36.6,11,1935.69,0,1,0,0,0.71,0,77,2,SaaS
user_enterprise_2587,649,6,20,41.4,10,4380.19,0,0,4,2,0.85,0,85,1,SaaS
user_enterprise_2588,924,12,11,28.2,17,5836.14,0,1,0,0,1.0,0,95,0,E-commerce
user_enterprise_2589,507,12,22,40.8,10,2375.02,0,0,1,0,0.85,0,93,0,Education
user_enterprise_2590,469,2,11,9.5,12,679.2,0,0,1,0,0.64,0,64,3,SaaS
user_enterprise_2591,787,4,8,17.5,21,1870.84,0,2,1,0,0.71,0,57,4,Marketing
user_enterprise_2592,804,6,22,51.1,20,1861.77,0,2,0,0,0.83,0,95,0,Education
user_enterprise_2593,561,36,0,0.0,11,3677.77,0,1,2,0,0.76,0,59,4,Education
user_enterprise_2594,578,8,14,16.8,15,3635.98,1,0,1,0,0.71,0,93,0,Finance
user_enterprise_2595,732,30,2,3.0,12,2660.87,0,0,0,0,0.94,0,84,1,SaaS
user_enterprise_2596,897,58,0,0.0,21,10223.52,1,0,0,0,0.82,0,97,0,Marketing
user_enterprise_2597,569,35,3,4.3,11,2865.1,0,0,1,0,0.78,0,84,1,Marketing
user_enterprise_2598,746,0,15,41.3,16,1209.37,0,0,0,0,0.65,0,65,3,Finance
user_enterprise_2599,593,12,13,15.0,9,1487.44,0,4,0,0,0.79,0,72,2,Finance
user_enterprise_2600,343,10,21,23.4,6,1270.1,0,0,2,0,0.67,0,70,3,E-commerce
user_enterprise_2601,369,4,13,27.3,7,691.48,0,0,2,0,0.81,0,90,1,SaaS
user_enterprise_2602,1059,8,24,42.8,23,5364.22,0,1,1,0,0.64,0,77,2,Finance
user_enterprise_2603,907,1,9,15.8,25,10468.73,0,5,0,0,0.94,0,73,2,Marketing
user_enterprise_2604,572,10,13,28.2,12,4296.16,0,0,3,0,1.0,0,59,4,Finance
user_enterprise_2605,834,8,29,38.7,26,1719.61,0,0,1,0,0.67,0,61,3,Education
user_enterprise_2606,677,9,22,30.5,16,1398.35,2,2,0,0,0.7,0,78,2,Marketing
user_enterprise_2607,586,5,25,19.4,12,4265.96,0,0,0,0,0.83,0,59,4,Education
user_enterprise_2608,774,0,14,16.8,24,7458.62,0,0,1,0,0.78,0,82,1,SaaS
user_enterprise_2609,587,26,4,7.5,15,2201.25,0,0,0,0,0.58,0,74,2,Finance
user_enterprise_2610,792,6,16,46.8,19,2930.07,0,5,0,0,0.76,0,53,4,Finance
user_enterprise_2611,880,6,14,14.2,17,6920.05,0,0,0,0,0.81,0,100,0,Education
user_enterprise_2612,641,0,14,12.8,13,5314.15,0,0,1,0,0.83,0,77,2,Finance
user_enterprise_2613,806,37,1,0.6,15,7164.2,0,0,0,0,0.75,0,100,0,Finance
user_enterprise_2614,814,6,16,30.5,20,5455.95,0,0,0,0,0.75,0,69,3,Education
user_enterprise_2615,1002,6,21,30.9,22,10128.57,0,0,0,0,0.83,0,96,0,Marketing
user_enterprise_2616,1089,9,24,68.3,22,6570.1,0,3,0,0,0.85,0,100,0,SaaS
user_enterprise_2617,1016,9,11,29.8,29,3457.91,0,0,1,0,0.64,0,74,2,SaaS
user_enterprise_2618,473,0,11,26.5,8,1954.65,0,2,1,0,0.82,0,67,3,SaaS
user_enterprise_2619,709,12,22,50.5,20,6611.63,0,0,3,0,0.64,0,61,3,Finance
user_enterprise_2620,812,25,1,1.3,18,1536.86,0,0,8,0,0.89,0,77,2,Education
user_enterprise_2621,766,1,6,5.0,21,10069.58,0,2,0,0,1.0,0,95,0,SaaS
user_enterprise_2622,455,36,3,7.2,8,492.07,0,0,1,0,0.75,0,69,3,SaaS
user_enterprise_2623,755,12,6,16.8,21,3746.85,0,0,0,0,0.96,0,80,2,Finance
user_enterprise_2624,596,8,27,67.9,12,5443.58,0,0,0,0,0.88,0,52,4,Finance
user_enterprise_2625,1076,11,29,30.9,17,7154.57,0,0,0,0,0.78,0,73,2,E-commerce
user_enterprise_2626,753,13,11,12.8,18,2758.72,0,0,0,0,0.54,0,64,3,Marketing
user_enterprise_2627,765,11,12,17.6,18,1515.94,0,3,0,0,0.76,0,55,4,E-commerce
user_enterprise_2628,544,13,20,18.8,10,3137.3,0,0,2,0,0.68,0,76,2,E-commerce
user_enterprise_2629,617,12,17,48.9,19,1419.79,0,0,0,0,0.78,0,94,0,Education
user_enterprise_2630,801,7,19,20.4,15,1937.74,0,0,1,0,0.96,0,73,2,Education
user_enterprise_2631,1232,7,8,4.1,24,2605.92,0,0,2,0,0.8,0,62,3,Marketing
user_enterprise_2632,551,58,4,11.7,17,5741.59,0,0,1,0,0.85,0,83,1,E-commerce
user_enterprise_2633,715,11,21,36.4,21,9882.11,0,0,1,0,0.7,0,75,2,Education
user_enterprise_2634,892,13,19,56.2,15,4384.35,0,0,0,0,0.82,0,95,0,Marketing
user_enterprise_2635,847,2,15,33.2,21,5381.24,0,0,0,0,0.66,0,92,0,E-commerce
user_enterprise_2636,833,13,16,44.1,22,8616.28,0,0,1,0,0.74,0,85,1,Marketing
user_enterprise_2637,705,1,19,42.1,21,4525.71,0,0,1,0,0.91,0,60,4,Education
user_enterprise_2638,819,35,2,5.6,22,5778.23,0,0,1,0,0.91,0,92,0,Finance
user_enterprise_2639,565,9,14,27.6,15,6130.21,1,0,0,0,0.95,0,100,0,E-commerce
user_enterprise_2640,497,13,23,68.4,10,4962.86,0,0,0,0,0.77,0,67,3,Finance
user_enterprise_2641,903,8,5,14.0,27,12289.76,0,1,2,0,0.86,0,78,2,Marketing
user_enterprise_2642,886,2,16,33.1,20,7610.61,0,0,0,0,0.96,0,90,1,Education
user_enterprise_2643,730,10,14,32.1,14,2658.86,1,0,1,0,0.73,0,85,1,SaaS
user_enterprise_2644,653,43,4,6.6,16,5214.45,1,0,5,1,0.64,0,91,0,Marketing
user_enterprise_2645,373,10,19,26.5,9,1592.74,0,0,0,0,0.77,0,97,0,SaaS
user_enterprise_2646,393,2,5,7.5,6,2866.28,0,0,1,0,0.94,0,93,0,Finance
user_enterprise_2647,506,6,24,48.8,15,6523.28,0,0,1,0,0.89,0,67,3,Education
user_enterprise_2648,797,7,19,32.5,15,4284.59,0,1,2,0,0.75,0,63,3,Finance
user_enterprise_2649,737,55,2,5.0,22,3559.66,0,0,1,0,0.85,0,75,2,Finance
user_enterprise_2650,967,2,5,2.9,30,4019.57,0,0,1,0,0.62,0,78,2,Finance
user_enterprise_2651,410,36,0,0.0,11,1992.86,0,4,0,0,0.96,0,84,1,Marketing
user_enterprise_2652,590,30,3,5.8,16,5721.99,0,0,1,0,0.71,0,61,3,E-commerce
user_enterprise_2653,581,10,7,5.4,18,8783.51,0,0,1,0,0.71,0,89,1,Education
user_enterprise_2654,507,17,3,4.7,11,4692.0,0,0,0,0,0.74,0,80,2,Finance
user_enterprise_2655,764,8,27,54.7,23,8701.33,0,0,0,0,0.76,0,56,4,Marketing
user_enterprise_2656,928,45,0,0.0,17,4456.36,0,1,1,0,0.72,0,69,3,E-commerce
user_enterprise_2657,712,13,18,53.3,18,7937.03,0,0,0,0,0.74,0,90,1,Education
user_enterprise_2658,849,12,22,49.3,21,6317.07,0,0,0,0,0.84,0,77,2,Finance
user_enterprise_2659,547,12,25,25.7,14,4995.41,0,0,0,0,0.78,0,99,0,Marketing
user_enterprise_2660,806,11,21,11.9,17,1277.37,0,0,0,0,0.82,0,100,0,Finance
user_enterprise_2661,658,17,4,8.0,18,8648.85,0,0,0,0,0.85,0,66,3,Marketing
user_enterprise_2662,999,11,15,26.1,29,4119.87,0,1,0,0,0.86,0,85,1,Marketing
user_enterprise_2663,811,3,6,12.8,15,2671.91,0,0,0,0,0.76,0,69,3,SaaS
user_enterprise_2664,778,0,24,27.8,24,11808.21,0,0,1,0,0.95,0,62,3,E-commerce
user_enterprise_2665,463,35,2,3.5,13,1426.62,0,0,4,3,0.58,0,91,0,SaaS
user_enterprise_2666,336,0,18,35.9,6,1478.18,0,0,1,0,0.94,0,73,2,Marketing
user_enterprise_2667,752,11,11,24.9,20,7979.79,0,0,0,0,0.78,0,100,0,Finance
user_enterprise_2668,951,13,5,7.0,28,3194.19,0,0,0,0,0.77,0,86,1,E-commerce
user_enterprise_2669,988,41,0,0.0,20,6883.41,0,1,0,0,0.8,0,100,0,E-commerce
user_enterprise_2670,782,9,13,16.6,24,10031.12,0,1,0,0,0.72,0,98,0,E-commerce
user_enterprise_2671,837,11,6,7.2,24,5363.1,0,0,0,0,0.81,0,100,0,SaaS
user_enterprise_2672,179,13,23,33.2,4,983.79,0,0,0,0,0.85,0,78,2,Education
user_enterprise_2673,656,38,3,3.7,13,3601.25,0,4,0,0,0.84,0,78,2,E-commerce
user_enterprise_2674,1011,0,17,44.5,16,4310.56,0,0,0,0,0.84,0,50,5,Education
user_enterprise_2675,789,11,6,17.0,15,2434.06,1,0,0,0,0.94,0,46,5,Marketing
user_enterprise_2676,770,6,22,19.5,21,5960.74,0,0,0,0,0.85,0,87,1,SaaS
user_enterprise_2677,778,8,18,43.6,23,1399.89,0,0,0,0,0.67,0,61,3,Marketing
user_enterprise_2678,656,6,25,71.4,15,4469.79,0,1,0,0,0.78,0,79,2,SaaS
user_enterprise_2679,257,12,16,12.0,7,2364.5,0,0,0,0,0.78,0,79,2,Marketing
user_enterprise_2680,945,5,17,37.2,29,2765.32,0,0,2,0,0.88,0,95,0,E-commerce
user_enterprise_2681,952,9,11,29.5,25,4078.55,0,2,0,0,0.63,0,70,3,Education
user_enterprise_2682,802,3,8,14.1,18,7805.39,0,4,1,0,0.75,0,70,3,SaaS
user_enterprise_2683,759,1,15,13.2,13,3110.87,0,0,1,0,0.76,0,49,5,SaaS
user_enterprise_2684,546,3,28,46.3,13,5323.72,0,0,0,0,0.76,0,91,0,Finance
user_enterprise_2685,749,0,23,63.7,18,2677.82,0,0,0,0,0.71,0,87,1,Marketing
user_enterprise_2686,258,30,3,3.7,6,648.97,0,0,0,0,0.87,0,100,0,Finance
user_enterprise_2687,793,1,26,33.6,16,3789.53,1,1,0,0,0.88,0,63,3,Marketing
user_enterprise_2688,606,30,0,0.0,19,4354.39,0,0,1,0,0.85,0,73,2,SaaS
user_enterprise_2689,452,24,0,0.0,14,1229.67,0,0,0,0,0.85,0,100,0,Finance
user_enterprise_2690,402,3,12,23.7,8,3442.18,0,0,0,0,0.77,0,77,2,E-commerce
user_enterprise_2691,909,41,3,3.2,18,4476.7,0,0,2,0,0.65,0,100,0,E-commerce
user_enterprise_2692,556,10,16,36.6,14,4061.43,0,0,1,0,0.76,0,74,2,Education
user_enterprise_2693,598,10,26,53.7,13,4849.55,0,0,1,0,0.62,0,96,0,Marketing
user_enterprise_2694,774,10,15,29.8,24,6628.19,0,0,0,0,0.78,0,74,2,Education
user_enterprise_2695,552,11,19,12.9,14,2013.55,0,0,0,0,0.82,0,96,0,Finance
user_enterprise_2696,698,58,2,1.7,20,7869.1,0,0,0,0,0.81,0,52,4,Education
user_enterprise_2697,672,4,28,81.9,13,3117.21,0,0,1,0,1.0,0,83,1,Education
user_enterprise_2698,965,3,22,59.5,25,5979.53,0,0,1,0,0.84,0,81,1,Education
user_enterprise_2699,714,2,19,31.1,13,3252.36,0,0,3,1,0.86,0,83,1,SaaS
user_enterprise_2700,535,6,29,58.6,14,4027.25,0,0,1,0,0.86,0,75,2,SaaS
user_enterprise_2701,721,7,13,36.7,14,4354.9,0,0,0,0,0.75,0,62,3,Education
user_enterprise_2702,622,3,12,28.8,10,3101.55,0,2,0,0,0.72,0,98,0,SaaS
user_enterprise_2703,1151,38,4,7.6,23,1396.82,0,0,1,0,0.94,0,75,2,E-commerce
user_enterprise_2704,1047,2,10,6.0,17,6890.19,0,0,1,0,0.98,0,52,4,SaaS
user_enterprise_2705,658,8,25,60.7,10,2012.22,0,0,0,0,0.86,0,88,1,Marketing
user_enterprise_2706,962,47,1,1.0,20,2664.18,0,0,0,0,0.76,0,72,2,Marketing
user_enterprise_2707,612,6,22,20.3,17,7523.88,0,1,0,0,0.52,0,86,1,Finance
user_enterprise_2708,797,13,22,13.4,17,860.85,0,0,1,0,0.99,0,100,0,Marketing
user_enterprise_2709,319,8,11,13.7,6,2423.81,0,0,1,0,0.78,0,100,0,Marketing
user_enterprise_2710,552,3,24,45.4,15,7353.68,0,0,0,0,0.83,0,48,5,E-commerce
user_enterprise_2711,724,13,21,58.8,19,7445.07,0,0,3,5,0.79,0,60,4,E-commerce
user_enterprise_2712,659,11,7,9.1,14,4813.47,0,2,2,0,0.77,0,55,4,E-commerce
user_enterprise_2713,842,18,4,9.3,19,2597.01,0,0,0,0,0.77,0,84,1,E-commerce
user_enterprise_2714,642,4,19,56.6,10,1744.33,0,0,0,0,0.87,0,68,3,SaaS
user_enterprise_2715,830,2,8,4.3,26,8882.67,0,0,0,0,0.9,0,93,0,E-commerce
user_enterprise_2716,654,6,28,41.5,12,1026.91,1,0,0,0,0.68,0,63,3,E-commerce
user_enterprise_2717,625,9,20,55.7,16,7816.85,0,1,1,0,0.67,0,79,2,Finance
user_enterprise_2718,854,33,0,0.0,27,5317.51,0,0,4,1,1.0,0,66,3,SaaS
user_enterprise_2719,590,0,16,45.7,15,7488.93,0,1,2,0,0.78,0,74,2,Finance
user_enterprise_2720,744,56,0,0.0,14,2806.4,0,0,0,0,0.8,0,82,1,SaaS
user_enterprise_2721,841,6,24,35.5,23,9856.78,0,0,0,0,0.64,0,76,2,Education
user_enterprise_2722,795,12,11,13.5,13,5385.29,1,1,2,0,0.77,0,70,3,E-commerce
user_enterprise_2723,727,1,26,66.0,20,4427.59,0,5,1,0,0.65,0,65,3,Finance
user_enterprise_2724,388,0,10,22.3,11,1659.74,0,0,1,0,0.8,0,91,0,SaaS
user_enterprise_2725,600,1,14,37.0,10,3927.82,0,0,0,0,0.78,0,71,2,E-commerce
user_enterprise_2726,790,4,20,37.8,17,8414.13,0,0,1,0,0.92,0,77,2,E-commerce
user_enterprise_2727,707,6,7,7.1,19,1684.7,0,0,1,0,1.0,0,100,0,E-commerce
user_enterprise_2728,482,9,26,28.9,9,3377.26,0,1,0,0,0.79,0,93,0,Marketing
user_enterprise_2729,522,7,9,14.5,12,3106.34,2,0,5,0,0.76,0,63,3,Marketing
user_enterprise_2730,536,13,11,28.7,9,496.2,0,0,2,0,0.81,0,61,3,Marketing
user_enterprise_2731,592,9,25,64.2,12,5377.17,0,0,10,2,0.84,0,70,3,Marketing
user_enterprise_2732,628,2,29,32.5,10,520.47,0,0,0,0,0.74,0,76,2,SaaS
user_enterprise_2733,873,10,18,32.2,22,3168.29,0,4,0,0,0.82,0,84,1,Education
user_enterprise_2734,905,13,23,16.9,21,5780.94,0,0,6,0,0.89,0,66,3,E-commerce
user_enterprise_2735,523,1,23,24.8,11,735.26,0,0,1,0,0.98,0,86,1,Education
user_enterprise_2736,610,8,28,48.1,15,4818.04,0,0,0,0,0.76,0,75,2,SaaS
user_enterprise_2737,916,7,21,41.4,29,3243.42,1,0,0,0,0.82,0,68,3,SaaS
user_enterprise_2738,786,20,1,1.6,23,5452.22,0,0,1,0,0.74,0,60,4,SaaS
user_enterprise_2739,663,13,5,8.7,21,4655.08,0,0,1,0,0.68,0,83,1,Marketing
user_enterprise_2740,700,5,23,37.9,17,5079.5,0,0,1,0,0.82,0,100,0,Finance
user_enterprise_2741,875,13,6,15.2,27,11992.84,0,0,6,2,0.81,0,99,0,Finance
user_enterprise_2742,635,10,6,9.7,16,4829.02,0,0,3,0,0.87,0,87,1,SaaS
user_enterprise_2743,578,4,16,8.0,16,6724.25,0,0,1,0,0.82,0,64,3,Marketing
user_enterprise_2744,1240,50,4,12.0,29,10704.69,0,1,0,0,0.78,0,68,3,Marketing
user_enterprise_2745,588,7,12,24.9,11,1511.54,1,0,0,0,0.74,0,74,2,SaaS
user_enterprise_2746,867,12,14,9.5,22,3884.53,0,0,0,0,0.85,0,74,2,Finance
user_enterprise_2747,496,1,6,4.2,14,5556.12,0,0,0,0,0.84,0,100,0,Marketing
user_enterprise_2748,832,5,15,38.7,24,8190.96,0,0,0,0,0.68,0,77,2,Education
user_enterprise_2749,171,1,29,58.8,2,989.92,0,0,1,0,0.77,0,63,3,Finance
user_enterprise_2750,831,5,18,14.2,14,2203.16,0,0,0,0,0.81,0,100,0,E-commerce
user_enterprise_2751,483,55,4,5.3,11,2393.98,1,0,0,0,1.0,0,86,1,Education
user_enterprise_2752,837,9,11,6.9,22,7545.96,0,1,2,0,0.81,0,92,0,Finance
user_enterprise_2753,419,10,15,22.1,9,3622.12,2,1,2,0,0.76,0,89,1,Finance
user_enterprise_2754,1009,3,24,64.9,16,1326.46,0,1,2,0,0.78,0,87,1,Marketing
user_enterprise_2755,849,2,14,28.2,24,4755.26,0,0,5,1,0.99,0,79,2,SaaS
user_enterprise_2756,829,0,24,55.8,26,10909.1,0,0,0,0,0.75,0,79,2,E-commerce
user_enterprise_2757,734,0,25,43.4,13,4860.61,0,1,0,0,0.76,0,88,1,Finance
user_enterprise_2758,394,9,24,34.9,9,2332.22,0,0,0,0,0.83,0,92,0,Education
user_enterprise_2759,781,4,20,43.8,16,2263.3,0,0,0,0,0.65,0,68,3,Finance
user_enterprise_2760,755,8,12,17.7,13,4165.54,0,0,2,0,0.69,0,93,0,Finance
user_enterprise_2761,925,7,11,14.0,23,5203.96,0,0,2,0,0.61,0,72,2,Finance
user_enterprise_2762,408,6,8,20.8,10,4653.41,0,0,0,0,0.77,0,43,5,SaaS
user_enterprise_2763,598,11,15,36.2,12,5616.82,0,0,0,0,0.82,0,68,3,E-commerce
user_enterprise_2764,920,10,14,28.8,23,9675.25,0,0,0,0,0.85,0,93,0,Finance
user_enterprise_2765,786,5,11,28.9,17,8015.82,0,0,1,0,0.87,0,67,3,Education
user_enterprise_2766,673,6,13,30.8,14,5527.36,0,1,0,0,0.84,0,59,4,E-commerce
user_enterprise_2767,463,42,2,2.6,12,4895.65,0,0,1,0,0.83,0,68,3,Education
user_enterprise_2768,1003,7,12,18.9,17,4513.1,0,5,0,0,0.88,0,100,0,Education
user_enterprise_2769,853,3,12,14.3,18,3171.36,1,0,0,0,0.76,0,71,2,Education
user_enterprise_2770,671,12,10,19.3,21,2404.4,0,0,0,0,0.75,0,100,0,Finance
user_enterprise_2771,639,12,17,38.6,17,7651.2,0,0,0,0,0.83,0,77,2,Education
user_enterprise_2772,845,8,20,15.6,27,7932.9,0,1,4,1,0.83,0,63,3,E-commerce
user_enterprise_2773,1014,6,20,29.4,17,2991.8,0,0,0,0,0.88,0,80,2,Marketing
user_enterprise_2774,729,0,19,50.8,14,4234.27,0,0,1,0,0.87,0,87,1,Education
user_enterprise_2775,941,5,12,26.7,27,7649.43,0,1,0,0,0.86,0,100,0,E-commerce
user_enterprise_2776,1006,17,1,1.7,19,9103.64,0,0,2,0,0.86,0,69,3,Finance
user_enterprise_2777,504,8,29,28.6,14,5036.39,0,0,0,0,0.71,0,86,1,Finance
user_enterprise_2778,661,6,21,17.1,16,5639.2,0,0,2,0,0.75,0,67,3,Marketing
user_enterprise_2779,851,9,22,64.0,20,4867.2,0,0,0,0,0.87,0,72,2,Education
user_enterprise_2780,632,4,13,34.0,20,2951.89,0,0,1,0,0.97,0,96,0,Marketing
user_enterprise_2781,286,10,17,43.6,5,2082.04,0,0,3,1,0.75,0,81,1,Finance
user_enterprise_2782,730,1,17,11.6,18,1683.52,0,0,0,0,0.88,0,73,2,SaaS
user_enterprise_2783,1056,55,3,1.7,26,3725.23,0,0,0,0,0.75,0,88,1,SaaS
user_enterprise_2784,753,7,17,8.7,20,4807.77,0,1,1,0,0.95,0,78,2,Marketing
user_enterprise_2785,787,3,13,26.8,19,6319.7,0,0,1,0,0.74,0,100,0,Finance
user_enterprise_2786,714,12,9,11.7,22,2113.99,0,0,1,0,0.81,0,91,0,E-commerce
user_enterprise_2787,932,27,1,1.5,27,11337.35,0,0,1,0,0.97,0,82,1,Marketing
user_enterprise_2788,1203,3,16,30.3,20,2271.29,0,2,0,0,0.83,0,65,3,E-commerce
user_enterprise_2789,958,13,28,53.8,24,6713.87,0,3,0,0,0.75,0,80,2,Education
user_enterprise_2790,829,13,17,45.2,24,7744.61,0,0,0,0,0.85,0,69,3,Marketing
user_enterprise_2791,701,0,10,28.0,22,8393.83,0,0,1,0,0.62,0,100,0,Finance
user_enterprise_2792,793,13,28,76.4,13,3985.72,0,0,0,0,0.85,0,58,4,Education
user_enterprise_2793,759,0,9,23.5,21,8725.02,0,0,2,0,0.85,0,51,4,E-commerce
user_enterprise_2794,612,43,4,9.4,10,1892.19,0,2,1,0,0.59,0,61,3,Finance
user_enterprise_2795,389,3,13,6.7,7,3344.1,0,1,0,0,0.88,0,76,2,E-commerce
user_enterprise_2796,735,4,22,36.5,17,6535.46,0,0,1,0,0.77,0,90,1,E-commerce
user_enterprise_2797,865,13,14,8.0,19,3191.93,0,0,2,0,0.86,0,93,0,Marketing
user_enterprise_2798,175,4,17,48.8,4,801.59,0,0,0,0,0.84,0,67,3,E-commerce
user_enterprise_2799,848,7,6,15.4,20,1116.63,0,4,0,0,0.81,0,94,0,SaaS
user_enterprise_2800,508,0,13,34.0,15,7019.89,0,0,0,0,0.69,0,59,4,Education
user_enterprise_2801,833,3,8,9.0,26,11117.83,0,1,0,0,0.83,0,87,1,E-commerce
user_enterprise_2802,537,6,24,47.5,8,1510.96,0,0,0,0,0.72,0,86,1,Marketing
user_enterprise_2803,1109,2,7,17.2,26,7025.59,0,0,0,0,0.68,0,64,3,SaaS
user_enterprise_2804,134,34,1,1.0,3,833.04,0,0,0,0,0.92,0,75,2,E-commerce
user_enterprise_2805,437,13,16,34.3,9,2736.49,0,0,3,1,0.92,0,100,0,SaaS
user_enterprise_2806,849,1,9,13.2,18,5035.5,0,0,2,0,0.86,0,92,0,Marketing
user_enterprise_2807,605,24,1,1.4,16,4129.25,0,0,3,3,0.73,0,75,2,E-commerce
user_enterprise_2808,534,31,1,0.6,15,4739.4,0,0,0,0,0.67,0,98,0,Education
user_enterprise_2809,544,3,28,23.0,15,6787.85,0,0,1,0,0.67,0,76,2,Marketing
user_enterprise_2810,115,48,2,1.5,2,952.05,0,0,2,0,0.89,0,75,2,E-commerce
user_enterprise_2811,374,55,3,8.0,9,3518.54,0,0,0,0,0.98,0,89,1,Finance
user_enterprise_2812,861,3,20,13.6,14,5384.61,0,0,1,0,0.66,0,99,0,E-commerce
user_enterprise_2813,459,48,2,1.1,8,3418.08,2,0,2,0,0.75,0,81,1,SaaS
user_enterprise_2814,646,28,0,0.0,13,859.94,0,0,6,1,0.85,0,78,2,E-commerce
user_enterprise_2815,815,27,4,4.4,22,4806.43,0,0,0,0,0.84,0,82,1,Finance
user_enterprise_2816,549,21,1,1.9,13,3807.21,0,2,1,0,0.9,0,85,1,Marketing
user_enterprise_2817,596,5,10,5.9,11,5042.04,0,0,0,0,0.61,0,97,0,Marketing
user_enterprise_2818,713,11,19,47.5,17,2524.94,0,1,0,0,0.83,0,100,0,Finance
user_enterprise_2819,414,7,29,84.9,8,3142.6,0,0,1,0,0.9,0,67,3,SaaS
user_enterprise_2820,621,10,18,12.0,11,842.1,0,0,0,0,0.77,0,67,3,SaaS
user_enterprise_2821,808,12,9,21.0,18,6478.79,0,2,0,0,0.67,0,65,3,Education
user_enterprise_2822,940,2,14,28.0,17,1381.76,0,0,2,0,0.92,0,99,0,SaaS
user_enterprise_2823,728,28,0,0.0,14,4299.81,0,0,2,0,0.9,0,74,2,Education
user_enterprise_2824,679,44,2,5.9,19,7141.41,1,0,2,0,1.0,0,92,0,SaaS
user_enterprise_2825,569,13,12,8.4,11,2063.21,1,0,1,0,0.93,0,65,3,Education
user_enterprise_2826,747,3,8,7.3,22,8161.59,0,0,3,0,0.71,0,71,2,E-commerce
user_enterprise_2827,951,10,21,15.4,27,10144.12,0,0,0,0,0.68,0,76,2,Marketing
user_enterprise_2828,849,2,29,69.8,20,7570.31,0,0,0,0,0.64,0,79,2,E-commerce
user_enterprise_2829,675,8,11,27.4,19,975.11,0,2,0,0,0.72,0,82,1,Education
user_enterprise_2830,745,8,27,22.9,18,1679.38,0,1,0,0,0.94,0,70,3,Education
user_enterprise_2831,952,0,29,70.2,30,9878.3,0,0,2,0,0.7,0,75,2,E-commerce
user_enterprise_2832,594,0,6,6.6,9,2645.63,0,1,2,0,0.68,0,78,2,Marketing
user_enterprise_2833,918,17,1,1.3,23,4581.39,0,3,4,0,0.79,0,92,0,Education
user_enterprise_2834,536,24,2,3.3,9,1208.81,0,0,0,0,0.89,0,75,2,E-commerce
user_enterprise_2835,465,9,18,40.9,11,2839.54,0,1,2,0,0.81,0,78,2,Finance
user_enterprise_2836,1214,12,15,24.1,30,7500.3,0,2,1,0,0.91,0,76,2,SaaS
user_enterprise_2837,610,3,17,29.8,11,2771.69,0,0,0,0,0.81,0,100,0,Marketing
user_enterprise_2838,691,9,5,13.0,14,1785.03,0,0,1,0,0.72,0,85,1,Education
user_enterprise_2839,650,33,3,8.2,10,1508.81,0,0,2,0,0.69,0,79,2,Education
user_enterprise_2840,241,9,19,56.8,5,1484.5,0,0,1,0,0.76,0,79,2,Education
user_enterprise_2841,585,13,19,36.4,13,5907.4,0,0,2,0,0.76,0,100,0,SaaS
user_enterprise_2842,721,57,2,1.1,17,3946.11,0,0,1,0,0.91,0,77,2,Education
user_enterprise_2843,736,13,25,33.7,16,2060.41,0,0,3,2,0.76,0,85,1,E-commerce
user_enterprise_2844,592,1,11,21.9,18,4015.66,0,0,2,0,0.89,0,61,3,Education
user_enterprise_2845,441,5,9,4.8,12,5726.64,0,3,0,0,0.93,0,68,3,Education
user_enterprise_2846,788,2,14,19.1,20,5582.8,0,0,1,0,0.74,0,100,0,Education
user_enterprise_2847,718,5,5,10.1,11,5399.88,0,0,0,0,0.88,0,62,3,Finance
user_enterprise_2848,628,7,14,36.4,15,2934.84,0,0,1,0,0.83,0,100,0,E-commerce
user_enterprise_2849,411,8,5,9.9,11,4170.73,0,0,0,0,0.85,0,80,2,Marketing
user_enterprise_2850,848,4,10,9.4,22,6649.01,0,1,0,0,0.76,0,70,3,Finance
user_enterprise_2851,412,9,17,41.0,7,3129.11,0,4,0,0,1.0,0,85,1,E-commerce
user_enterprise_2852,976,4,28,66.1,28,8495.27,0,0,1,0,0.9,0,74,2,Finance
user_enterprise_2853,696,10,8,14.4,12,3051.14,0,3,0,0,1.0,0,40,6,SaaS
user_enterprise_2854,806,9,8,8.7,22,2315.18,0,0,1,0,0.83,0,84,1,Marketing
user_enterprise_2855,1317,7,21,30.3,34,12080.72,0,0,3,0,0.78,0,54,4,SaaS
user_enterprise_2856,537,5,8,21.3,16,3890.21,0,1,0,0,0.85,0,92,0,Education
user_enterprise_2857,516,6,25,43.7,16,5429.87,0,1,0,0,0.83,0,83,1,Marketing
user_enterprise_2858,880,8,19,10.6,26,3256.73,0,2,0,0,0.69,0,68,3,Education
user_enterprise_2859,748,13,6,13.8,22,8926.38,0,0,0,0,0.95,0,100,0,Marketing
user_enterprise_2860,920,13,9,17.4,19,2538.89,0,0,0,0,0.64,0,81,1,Education
user_enterprise_2861,806,13,12,11.5,19,1269.63,0,0,0,0,0.87,0,60,4,Finance
user_enterprise_2862,673,8,23,25.6,18,2684.74,0,0,1,0,0.87,0,69,3,Marketing
user_enterprise_2863,497,54,0,0.0,14,3118.91,0,0,3,0,0.67,0,95,0,Marketing
user_enterprise_2864,413,9,14,24.7,6,1891.44,0,0,3,1,0.75,0,99,0,E-commerce
user_enterprise_2865,452,18,1,0.7,9,3717.24,0,0,0,0,0.76,0,74,2,Education
user_enterprise_2866,915,11,25,37.2,29,1951.86,0,0,0,0,0.79,0,76,2,Marketing
user_enterprise_2867,230,5,9,5.4,6,1227.03,0,0,0,0,0.85,0,69,3,E-commerce
user_enterprise_2868,879,5,7,14.3,20,3448.23,0,1,3,2,0.78,0,81,1,Education
user_enterprise_2869,814,52,0,0.0,24,10193.76,0,0,5,1,0.86,0,61,3,Education
user_enterprise_2870,607,0,20,30.8,16,5497.78,1,0,1,0,0.84,0,90,1,Finance
user_enterprise_2871,614,9,18,49.3,12,5598.53,0,0,2,0,0.85,0,62,3,Finance
user_enterprise_2872,372,4,16,37.9,7,2041.04,0,0,0,0,0.83,0,68,3,Finance
user_enterprise_2873,678,0,17,11.3,19,3444.56,0,4,1,0,0.8,0,71,2,Marketing
user_enterprise_2874,1087,59,2,2.1,34,12178.53,0,0,0,0,0.84,0,83,1,Finance
user_enterprise_2875,541,38,3,6.6,11,4453.51,0,0,0,0,0.66,0,100,0,SaaS
user_enterprise_2876,733,8,6,8.3,20,3346.17,0,0,1,0,0.87,0,72,2,Finance
user_enterprise_2877,949,1,24,38.9,18,2146.55,0,1,2,0,0.82,0,91,0,SaaS
user_enterprise_2878,1049,4,26,66.2,30,13688.37,0,0,0,0,0.82,0,84,1,Marketing
user_enterprise_2879,739,5,10,17.9,15,885.45,0,2,0,0,0.8,0,94,0,Marketing
user_enterprise_2880,566,13,14,21.4,16,4734.65,0,0,4,0,0.91,0,96,0,Finance
user_enterprise_2881,960,50,2,1.8,25,1524.24,0,0,0,0,0.82,0,68,3,Education
user_enterprise_2882,985,1,26,26.2,24,4968.28,0,0,0,0,0.69,0,68,3,Education
user_enterprise_2883,613,0,29,66.0,10,2129.84,0,0,0,0,0.9,0,73,2,Finance
user_enterprise_2884,548,49,1,2.8,11,1144.47,0,0,0,0,0.85,0,40,6,E-commerce
user_enterprise_2885,372,13,5,11.9,10,1005.28,0,1,2,0,0.97,0,68,3,Finance
user_enterprise_2886,597,8,7,16.2,16,6115.91,0,0,1,0,0.88,0,91,0,Education
user_enterprise_2887,805,50,4,11.7,24,3337.35,0,0,0,0,0.93,0,100,0,E-commerce
user_enterprise_2888,915,0,24,31.4,26,10103.4,0,0,0,0,0.76,0,77,2,Finance
user_enterprise_2889,445,4,20,50.8,7,2190.34,1,0,0,0,0.8,0,77,2,Marketing
user_enterprise_2890,739,11,26,63.8,13,1110.51,0,1,0,0,0.78,0,88,1,Finance
user_enterprise_2891,522,2,18,27.6,14,3437.13,0,0,1,0,0.84,0,90,1,E-commerce
user_enterprise_2892,846,13,13,22.9,24,7608.64,0,0,0,0,0.67,0,71,2,Finance
user_enterprise_2893,871,37,1,2.4,16,5189.0,0,1,1,0,0.81,0,90,1,Marketing
user_enterprise_2894,1002,0,10,16.6,17,1576.16,3,0,0,0,0.87,0,83,1,Education
user_enterprise_2895,554,6,21,29.3,9,4061.15,1,1,0,0,0.79,0,76,2,SaaS
user_enterprise_2896,664,47,4,5.0,19,6189.43,0,2,0,0,0.88,0,89,1,SaaS
user_enterprise_2897,813,0,7,8.6,17,3443.08,0,2,1,0,0.95,0,78,2,SaaS
user_enterprise_2898,656,6,21,32.3,19,2317.0,0,0,0,0,0.73,0,96,0,E-commerce
user_enterprise_2899,576,3,26,60.5,9,3525.96,1,0,6,2,0.74,0,82,1,SaaS
user_enterprise_2900,582,12,24,20.2,14,944.46,0,0,0,0,0.76,0,91,0,Education
user_enterprise_2901,708,37,0,0.0,18,900.45,0,0,1,0,0.83,0,82,1,E-commerce
user_enterprise_2902,301,9,9,26.9,5,2220.15,0,0,1,0,0.77,0,69,3,Finance
user_enterprise_2903,694,0,23,28.5,11,3849.09,0,0,4,1,0.74,0,75,2,Marketing
user_enterprise_2904,544,38,0,0.0,14,5443.74,0,0,1,0,0.92,0,66,3,Education
user_enterprise_2905,644,4,23,48.0,16,5832.02,0,0,0,0,0.92,0,74,2,Marketing
user_enterprise_2906,624,6,23,21.0,11,3228.83,0,1,2,0,0.91,0,77,2,Education
user_enterprise_2907,919,4,6,8.2,18,5342.76,0,0,1,0,0.56,0,98,0,Finance
user_enterprise_2908,851,2,11,18.4,24,11286.59,1,3,0,0,0.81,0,84,1,E-commerce
user_enterprise_2909,923,10,24,67.7,18,4444.52,0,0,1,0,0.74,0,66,3,SaaS
user_enterprise_2910,765,49,1,1.6,17,3683.71,0,0,0,0,0.85,0,63,3,Education
user_enterprise_2911,614,19,4,3.6,19,4289.64,1,0,0,0,0.88,0,62,3,Education
user_enterprise_2912,821,0,27,57.2,15,3629.04,0,0,1,0,0.88,0,88,1,SaaS
user_enterprise_2913,798,11,12,13.1,25,6596.13,0,0,1,0,0.7,0,100,0,E-commerce
user_enterprise_2914,524,12,12,30.4,16,7026.2,0,0,0,0,0.83,0,100,0,SaaS
user_enterprise_2915,889,2,23,65.6,18,2758.36,0,0,2,0,0.83,0,75,2,SaaS
user_enterprise_2916,552,5,28,60.8,11,2319.13,0,0,0,0,0.84,0,100,0,Finance
user_enterprise_2917,1278,8,25,21.4,41,18751.02,0,0,0,0,0.77,0,90,1,Marketing
user_enterprise_2918,589,25,1,2.9,12,3686.39,0,0,5,0,0.63,0,71,2,Education
user_enterprise_2919,576,12,12,29.8,11,3911.45,0,0,0,0,0.77,0,81,1,Finance
user_enterprise_2920,797,9,16,45.1,14,2061.81,0,0,0,0,0.92,0,50,5,Finance
user_enterprise_2921,856,3,27,51.2,17,2272.63,0,0,1,0,0.85,0,75,2,Marketing
user_enterprise_2922,740,3,26,76.2,12,3152.3,0,0,2,0,0.68,0,91,0,E-commerce
user_enterprise_2923,970,6,11,24.1,24,8287.72,0,0,0,0,0.82,0,84,1,Marketing
user_enterprise_2924,693,54,4,3.5,13,4483.08,0,0,0,0,0.62,0,81,1,Finance
user_enterprise_2925,1101,4,18,47.6,18,4214.8,0,0,5,1,0.72,0,65,3,SaaS
user_enterprise_2926,444,54,0,0.0,10,4519.38,0,0,0,0,0.71,0,58,4,Finance
user_enterprise_2927,774,5,16,29.0,15,6560.84,0,0,0,0,0.61,0,83,1,Finance
user_enterprise_2928,482,1,25,52.7,8,2802.22,0,6,1,0,0.72,0,75,2,Finance
user_enterprise_2929,727,11,13,12.7,17,1177.21,0,0,1,0,0.72,0,92,0,Marketing
user_enterprise_2930,892,5,5,9.2,18,3423.13,0,0,0,0,0.68,0,59,4,SaaS
user_enterprise_2931,853,10,19,15.1,17,1951.09,0,2,1,0,1.0,0,90,1,Finance
user_enterprise_2932,679,0,13,29.5,13,3877.98,0,0,2,0,0.93,0,100,0,SaaS
user_enterprise_2933,489,6,12,13.1,12,5717.31,0,0,4,1,0.74,0,93,0,Education
user_enterprise_2934,266,9,19,51.9,5,1584.24,0,1,4,0,0.78,0,100,0,E-commerce
user_enterprise_2935,608,9,18,49.7,10,1635.67,0,0,2,0,0.83,0,55,4,E-commerce
user_enterprise_2936,1003,8,15,26.0,26,7948.06,0,1,0,0,0.88,0,96,0,SaaS
user_enterprise_2937,633,6,14,27.8,20,3345.0,0,0,2,0,0.84,0,64,3,SaaS
user_enterprise_2938,675,15,0,0.0,17,874.21,0,0,6,2,0.71,0,100,0,SaaS
user_enterprise_2939,765,2,6,7.6,15,2507.56,0,0,0,0,0.83,0,100,0,Marketing
user_enterprise_2940,671,23,2,5.6,16,6486.62,0,0,2,0,0.76,0,100,0,Education
user_enterprise_2941,834,6,18,40.8,24,2960.29,0,0,0,0,0.76,0,93,0,Finance
user_enterprise_2942,510,9,12,29.1,15,5968.96,0,1,1,0,0.75,0,77,2,E-commerce
user_enterprise_2943,752,1,29,35.9,20,5768.28,0,0,6,3,0.83,0,88,1,Marketing
user_enterprise_2944,635,5,18,19.7,14,1462.53,0,0,1,0,0.81,0,88,1,E-commerce
user_enterprise_2945,970,2,19,54.7,22,7840.21,0,0,0,0,0.83,0,74,2,Education
user_enterprise_2946,511,6,20,24.6,14,6088.62,0,1,0,0,0.72,0,97,0,Marketing
user_enterprise_2947,783,11,22,19.6,20,2087.28,0,0,0,0,0.8,0,56,4,SaaS
user_enterprise_2948,565,12,23,52.0,13,5543.27,0,1,3,0,0.72,0,90,1,Finance
user_enterprise_2949,836,0,10,6.1,21,2212.17,0,0,0,0,0.77,0,100,0,Finance
user_enterprise_2950,765,2,28,38.2,19,4815.76,0,0,1,0,0.84,0,90,1,Marketing
user_enterprise_2951,713,0,27,78.9,12,2628.41,0,0,1,0,0.85,0,75,2,Marketing
user_enterprise_2952,715,11,7,9.7,22,9856.82,0,0,0,0,0.76,0,85,1,Education
user_enterprise_2953,842,7,6,13.5,14,2954.69,0,0,0,0,0.88,0,64,3,Education
user_enterprise_2954,808,21,3,8.9,16,7457.69,0,0,0,0,0.82,0,71,2,Finance
user_enterprise_2955,519,2,25,58.5,10,1482.4,0,1,0,0,0.79,0,68,3,E-commerce
user_enterprise_2956,473,8,8,23.8,13,3976.29,0,1,1,0,0.77,0,93,0,Finance
user_enterprise_2957,871,12,15,32.6,25,10223.69,0,1,6,0,0.86,0,95,0,SaaS
user_enterprise_2958,221,6,6,16.4,4,1446.28,0,0,0,0,0.77,0,87,1,Finance
user_enterprise_2959,973,8,6,8.8,28,6210.75,1,1,1,0,0.74,0,100,0,SaaS
user_enterprise_2960,403,39,4,11.7,11,1841.41,0,0,0,0,0.85,0,85,1,E-commerce
user_enterprise_2961,720,10,6,3.1,19,4488.74,0,3,2,0,0.88,0,75,2,E-commerce
user_enterprise_2962,768,3,5,11.3,20,5665.8,0,0,0,0,0.75,0,76,2,Marketing
user_enterprise_2963,713,3,7,20.0,19,7977.66,0,0,0,0,0.67,0,93,0,Marketing
user_enterprise_2964,786,0,28,40.3,22,5896.46,0,0,0,0,0.8,0,79,2,Finance
user_enterprise_2965,592,4,19,57.0,10,4486.65,0,0,1,0,0.81,0,78,2,E-commerce
user_enterprise_2966,1059,6,13,22.5,34,6832.93,0,0,0,0,0.72,0,95,0,Marketing
user_enterprise_2967,720,3,7,10.5,17,7514.98,0,0,0,0,0.63,0,71,2,SaaS
user_enterprise_2968,371,0,17,24.7,6,1554.01,0,0,1,0,0.7,0,73,2,SaaS
user_enterprise_2969,778,7,10,29.0,15,5179.8,0,0,2,0,0.9,0,72,2,SaaS
user_enterprise_2970,795,11,5,4.8,15,5910.22,0,0,1,0,0.83,0,65,3,Marketing
user_enterprise_2971,839,59,3,5.2,16,7138.42,1,0,0,0,0.79,0,82,1,Education
user_enterprise_2972,837,3,6,11.7,24,6716.95,0,0,1,0,0.87,0,71,2,SaaS
user_enterprise_2973,386,8,5,4.7,10,3692.66,0,1,1,0,0.81,0,100,0,Marketing
user_enterprise_2974,627,11,26,40.5,12,4028.57,0,0,2,0,0.83,0,70,3,Marketing
user_enterprise_2975,634,10,6,16.5,12,5118.99,0,0,4,2,0.91,0,100,0,Marketing
user_enterprise_2976,436,2,27,75.1,10,2961.36,0,0,1,0,0.75,0,63,3,Education
user_enterprise_2977,799,10,25,41.5,15,4184.51,2,1,0,0,0.7,0,70,3,E-commerce
user_enterprise_2978,677,0,15,22.8,20,8167.14,0,0,0,0,0.72,0,73,2,Education
user_enterprise_2979,568,13,8,15.5,12,3550.42,0,0,1,0,0.64,0,70,3,E-commerce
user_enterprise_2980,726,0,9,24.4,23,6793.57,0,0,0,0,0.76,0,100,0,E-commerce
user_enterprise_2981,1006,11,18,51.1,18,2939.07,0,0,2,0,0.75,0,52,4,E-commerce
user_enterprise_2982,522,59,4,3.9,16,4325.85,0,0,0,0,0.92,0,83,1,Education
user_enterprise_2983,775,42,0,0.0,20,8048.25,0,0,0,0,0.78,0,69,3,E-commerce
user_enterprise_2984,904,10,21,59.6,23,9200.02,0,0,4,0,0.61,0,65,3,SaaS
user_enterprise_2985,579,2,28,35.9,17,8399.34,0,0,0,0,0.55,0,69,3,E-commerce
user_enterprise_2986,444,16,1,2.6,9,3782.34,0,0,1,0,0.74,0,98,0,Marketing
user_enterprise_2987,987,13,7,14.3,23,1433.51,0,0,0,0,0.57,0,100,0,Marketing
user_enterprise_2988,656,46,1,1.9,15,4500.59,0,0,5,1,0.82,0,83,1,Marketing
user_enterprise_2989,621,23,3,5.2,12,2503.74,0,0,2,0,0.76,0,72,2,E-commerce
user_enterprise_2990,401,23,1,1.9,10,3769.04,0,0,1,0,0.57,0,59,4,Marketing
user_enterprise_2991,677,7,28,34.2,19,5853.54,0,0,1,0,1.0,0,88,1,E-commerce
user_enterprise_2992,715,8,12,29.6,18,5244.52,0,0,0,0,0.86,0,70,3,E-commerce
user_enterprise_2993,862,8,8,17.9,27,2629.91,0,1,0,0,0.8,0,83,1,Finance
user_enterprise_2994,792,2,8,5.0,23,2569.94,0,0,2,0,0.66,0,90,1,SaaS
user_enterprise_2995,455,9,28,80.7,9,3886.4,0,0,0,0,0.63,0,82,1,SaaS
user_enterprise_2996,968,11,6,16.7,21,3340.02,0,1,1,0,0.7,0,48,5,Marketing
user_enterprise_2997,652,6,11,13.9,17,2997.49,0,0,3,0,0.81,0,69,3,Education
user_enterprise_2998,622,24,0,0.0,11,4781.33,0,0,2,0,0.81,0,63,3,Marketing
user_enterprise_2999,882,1,25,71.9,14,5109.84,1,0,0,0,0.67,0,82,1,SaaS
user_enterprise_3000,734,6,23,23.3,13,1270.69,0,0,0,0,0.76,0,77,2,Education
user_enterprise_3001,842,35,3,6.0,15,4605.46,0,0,0,0,0.9,0,100,0,Education
user_enterprise_3002,559,4,25,54.8,12,3951.06,0,0,0,0,0.95,0,78,2,SaaS
user_enterprise_3003,589,13,26,27.6,11,1062.86,0,0,0,0,0.96,0,77,2,Finance
user_enterprise_3004,440,11,19,38.1,9,2390.7,0,2,0,0,0.9,0,75,2,Finance
user_enterprise_3005,541,45,1,1.2,9,517.39,0,0,0,0,0.71,0,100,0,Finance
user_enterprise_3006,780,12,21,28.2,17,5590.25,0,0,0,0,0.89,0,61,3,Marketing
user_enterprise_3007,490,6,6,9.7,13,1313.75,2,0,1,0,0.84,0,65,3,E-commerce
user_enterprise_3008,345,0,29,15.4,10,3992.45,0,0,1,0,0.86,0,90,1,Marketing
user_enterprise_3009,469,7,27,66.1,10,4269.58,0,2,1,0,0.86,0,80,2,Finance
user_enterprise_3010,515,4,24,24.6,13,1089.8,0,0,0,0,0.85,0,100,0,E-commerce
user_enterprise_3011,631,13,24,30.4,13,1775.92,0,0,0,0,0.78,0,93,0,Marketing
user_enterprise_3012,885,13,9,4.9,25,9695.2,0,0,0,0,0.82,0,79,2,E-commerce
user_enterprise_3013,499,0,5,7.7,9,1857.51,2,1,0,0,0.79,0,69,3,SaaS
user_enterprise_3014,571,12,19,29.2,18,4491.46,0,0,2,0,0.91,0,79,2,Marketing
user_enterprise_3015,836,52,4,9.8,21,10087.66,0,0,0,0,0.88,0,92,0,SaaS
user_enterprise_3016,639,13,11,11.1,13,2715.74,1,2,0,0,0.81,0,80,2,Education
user_enterprise_3017,1025,6,5,13.5,30,5752.36,0,1,1,0,1.0,0,71,2,Finance
user_enterprise_3018,749,0,12,26.5,20,8550.19,0,0,0,0,0.99,0,100,0,Finance
user_enterprise_3019,464,24,1,2.8,12,4500.24,1,0,5,0,0.67,0,87,1,E-commerce
user_enterprise_3020,915,8,22,19.5,18,8772.5,0,0,0,0,0.77,0,60,4,Education
user_enterprise_3021,765,58,2,6.0,18,3893.77,0,1,0,0,0.97,0,91,0,E-commerce
user_enterprise_3022,627,3,25,35.2,19,1647.11,0,0,0,0,0.75,0,85,1,Marketing
user_enterprise_3023,851,35,3,5.3,19,9283.65,0,0,1,0,0.78,0,100,0,Education
user_enterprise_3024,862,12,5,4.8,16,1444.65,0,0,1,0,0.86,0,67,3,SaaS
user_enterprise_3025,532,11,16,9.4,10,1655.29,0,1,1,0,0.66,0,90,1,Finance
user_enterprise_3026,600,58,4,2.3,16,1773.13,0,1,0,0,0.91,0,85,1,Marketing
user_enterprise_3027,953,9,20,18.7,25,6306.13,0,0,7,1,0.72,0,88,1,Education
user_enterprise_3028,973,5,15,25.6,24,3023.76,0,0,0,0,0.8,0,98,0,SaaS
user_enterprise_3029,722,4,13,14.1,21,5846.72,0,1,0,0,0.63,0,88,1,Marketing
user_enterprise_3030,667,7,7,12.8,16,2973.1,0,0,1,0,0.74,0,60,4,Finance
user_enterprise_3031,313,25,2,2.5,7,2901.94,1,0,3,0,0.79,0,90,1,Finance
user_enterprise_3032,670,1,11,18.0,15,6172.25,0,0,0,0,0.68,0,51,4,Finance
user_enterprise_3033,746,0,26,26.6,20,9273.31,0,0,2,0,0.7,0,73,2,Education
user_enterprise_3034,556,11,28,69.8,17,7500.26,0,2,0,0,0.8,0,100,0,SaaS
user_enterprise_3035,495,4,14,14.0,11,2983.84,0,0,6,2,0.8,0,67,3,SaaS
user_enterprise_3036,820,11,10,9.9,13,2022.71,0,0,1,0,0.82,0,75,2,SaaS
user_enterprise_3037,496,10,18,54.0,14,4111.87,0,0,0,0,0.65,0,85,1,E-commerce
user_enterprise_3038,482,12,12,22.4,9,1516.74,0,0,2,0,0.62,0,90,1,Education
user_enterprise_3039,724,12,6,3.9,17,2423.92,0,0,1,0,0.7,0,78,2,SaaS
user_enterprise_3040,1083,9,12,30.3,34,12847.12,0,1,0,0,0.73,0,88,1,Education
user_enterprise_3041,652,9,19,28.5,20,5179.62,0,0,0,0,0.77,0,60,4,E-commerce
user_enterprise_3042,611,7,10,28.3,18,4230.02,1,4,0,0,0.83,0,91,0,E-commerce
user_enterprise_3043,626,55,0,0.0,12,5032.86,0,2,1,0,0.92,0,84,1,SaaS
user_enterprise_3044,613,8,17,30.9,12,1498.27,0,0,1,0,0.81,0,95,0,Education
user_enterprise_3045,710,4,16,42.9,12,5454.33,0,1,2,0,0.86,0,68,3,E-commerce
user_enterprise_3046,420,10,24,65.5,10,3856.53,0,0,0,0,0.68,0,74,2,Finance
user_enterprise_3047,838,27,3,9.0,14,6930.18,0,0,0,0,0.76,0,81,1,E-commerce
user_enterprise_3048,780,2,6,15.0,14,1195.24,0,0,0,0,0.68,0,52,4,Marketing
user_enterprise_3049,706,16,2,1.6,12,4096.59,0,0,3,1,0.9,0,70,3,E-commerce
user_enterprise_3050,706,6,18,35.4,14,6903.27,1,0,6,2,0.8,0,91,0,Finance
user_enterprise_3051,616,4,16,42.9,19,4870.14,0,0,0,0,0.74,0,66,3,E-commerce
user_enterprise_3052,630,54,4,6.5,12,2473.13,0,0,1,0,0.57,0,100,0,E-commerce
user_enterprise_3053,526,3,22,23.5,16,7468.2,0,0,0,0,0.77,0,65,3,Finance
user_enterprise_3054,948,6,19,44.8,18,3215.79,0,0,0,0,0.81,0,66,3,Education
user_enterprise_3055,699,9,14,11.3,21,1220.57,0,0,0,0,0.89,0,77,2,Marketing
user_enterprise_3056,685,9,6,12.6,18,4139.38,0,0,0,0,0.82,0,55,4,SaaS
user_enterprise_3057,704,12,23,18.9,22,5628.84,0,0,1,0,0.83,0,57,4,Marketing
user_enterprise_3058,804,4,16,11.1,21,7278.74,0,0,0,0,0.63,0,73,2,Marketing
user_enterprise_3059,934,19,1,2.9,23,2410.26,0,0,1,0,0.75,0,60,4,SaaS
user_enterprise_3060,799,4,20,24.3,16,5396.66,0,0,1,0,0.7,0,60,4,E-commerce
user_enterprise_3061,788,3,15,36.6,22,5387.98,0,0,2,0,0.76,0,65,3,Finance
user_enterprise_3062,403,30,1,0.6,11,576.05,0,0,0,0,0.8,0,65,3,Marketing
user_enterprise_3063,899,56,2,5.6,19,3362.51,0,0,1,0,0.67,0,95,0,SaaS
user_enterprise_3064,930,47,4,10.5,28,8969.75,0,6,0,0,0.91,0,86,1,Finance
user_enterprise_3065,511,13,19,15.3,12,3322.34,0,0,1,0,0.73,0,95,0,Finance
user_enterprise_3066,622,10,25,16.3,15,6588.63,0,1,5,0,0.85,0,57,4,SaaS
user_enterprise_3067,579,50,4,3.5,14,6979.74,0,3,0,0,0.72,0,66,3,Finance
user_enterprise_3068,894,9,23,64.3,23,6820.07,0,0,4,0,0.69,0,91,0,Marketing
user_enterprise_3069,756,5,16,30.5,24,11259.99,0,0,0,0,0.87,0,93,0,Education
user_enterprise_3070,779,10,8,19.2,19,7787.41,0,0,0,0,0.82,0,78,2,Marketing
user_enterprise_3071,545,4,11,23.9,10,1273.88,0,0,0,0,0.98,0,95,0,Education
user_enterprise_3072,789,10,29,53.2,25,9842.58,0,0,2,0,0.81,0,94,0,Education
user_enterprise_3073,568,25,1,1.3,15,5349.34,0,0,5,0,0.82,0,79,2,Education
user_enterprise_3074,612,12,24,63.6,15,6147.38,0,1,1,0,0.72,0,71,2,Finance
user_enterprise_3075,710,3,25,71.3,12,2492.75,0,0,1,0,0.86,0,77,2,E-commerce
user_enterprise_3076,557,11,14,12.3,16,2090.47,0,0,0,0,0.84,0,58,4,E-commerce
user_enterprise_3077,757,16,4,6.4,23,9568.74,0,0,0,0,1.0,0,75,2,E-commerce
user_enterprise_3078,626,9,27,63.3,14,5284.4,0,0,0,0,0.71,0,91,0,SaaS
user_enterprise_3079,647,28,4,7.5,20,5039.89,0,0,4,0,0.79,0,73,2,Marketing
user_enterprise_3080,350,13,26,58.1,10,1601.03,0,0,0,0,0.61,0,85,1,Marketing
user_enterprise_3081,810,13,17,12.9,22,2844.5,0,0,2,0,0.74,0,57,4,E-commerce
user_enterprise_3082,797,49,0,0.0,15,4157.65,0,0,1,0,0.79,0,84,1,SaaS
user_enterprise_3083,879,4,22,50.7,15,1714.69,0,1,0,0,0.75,0,64,3,SaaS
user_enterprise_3084,251,3,25,52.2,5,476.8,0,1,1,0,0.77,0,72,2,Marketing
user_enterprise_3085,626,3,25,73.9,15,5092.22,0,0,1,0,0.87,0,99,0,SaaS
user_enterprise_3086,889,8,14,18.3,22,1782.45,0,0,1,0,0.88,0,90,1,E-commerce
user_enterprise_3087,877,3,13,27.6,25,6437.86,0,0,1,0,0.9,0,100,0,Marketing
user_enterprise_3088,888,12,16,45.5,22,3235.49,0,0,2,0,0.92,0,92,0,Marketing
user_enterprise_3089,685,8,9,10.7,12,1087.01,1,2,5,1,0.76,0,92,0,Education
user_enterprise_3090,800,13,6,7.9,21,6739.96,0,0,0,0,0.86,0,57,4,Education
user_enterprise_3091,908,5,14,13.1,18,5074.67,0,0,3,1,0.94,0,80,2,Marketing
user_enterprise_3092,674,10,16,37.9,15,3480.85,0,2,2,0,0.78,0,87,1,SaaS
user_enterprise_3093,1003,10,23,47.4,29,13664.99,1,0,0,0,0.76,0,97,0,SaaS
user_enterprise_3094,874,17,1,2.1,21,8471.59,1,0,1,0,0.73,0,85,1,Education
user_enterprise_3095,824,20,2,1.6,15,7320.87,0,1,0,0,0.74,0,76,2,Finance
user_enterprise_3096,768,8,9,8.5,19,7206.68,0,2,1,0,0.85,0,93,0,Marketing
user_enterprise_3097,1134,0,13,7.4,23,9671.52,0,2,1,0,0.87,0,82,1,Finance
user_enterprise_3098,847,9,16,29.9,20,2359.17,0,0,2,0,0.49,0,91,0,E-commerce
user_enterprise_3099,515,2,27,67.4,11,4777.84,0,0,2,0,0.73,0,90,1,E-commerce
user_enterprise_3100,789,8,9,17.3,21,4788.83,0,1,0,0,0.81,0,100,0,SaaS
user_enterprise_3101,599,12,11,13.0,11,1200.4,0,0,0,0,0.53,0,85,1,E-commerce
user_enterprise_3102,1035,9,25,54.1,18,3000.06,0,0,0,0,0.88,0,94,0,Education
user_enterprise_3103,588,40,1,1.4,16,7105.23,1,0,0,0,1.0,0,30,7,Marketing
user_enterprise_3104,392,57,4,2.4,11,3182.77,0,0,1,0,0.84,0,81,1,Finance
user_enterprise_3105,830,7,14,30.2,15,4758.7,0,0,0,0,0.65,0,90,1,E-commerce
user_enterprise_3106,609,1,26,18.2,18,2210.5,0,1,0,0,0.88,0,100,0,Marketing
user_enterprise_3107,399,4,11,10.4,10,3351.62,0,0,0,0,0.95,0,85,1,Finance
user_enterprise_3108,767,56,0,0.0,14,4613.78,0,0,0,0,0.59,0,92,0,Education
user_enterprise_3109,643,1,24,68.4,13,5569.25,0,0,0,0,0.72,0,64,3,E-commerce
user_enterprise_3110,673,2,9,19.3,12,656.98,0,0,1,0,0.72,0,51,4,Marketing
user_enterprise_3111,803,4,7,13.4,21,7401.84,0,0,1,0,0.81,0,66,3,Marketing
user_enterprise_3112,664,1,6,14.7,20,1044.63,0,0,0,0,0.57,0,52,4,Finance
user_enterprise_3113,368,11,27,49.1,6,1432.73,0,0,0,0,0.81,0,63,3,E-commerce
user_enterprise_3114,1005,10,16,40.0,23,4238.81,2,0,2,0,1.0,0,64,3,E-commerce
user_enterprise_3115,383,8,8,14.2,7,1600.25,0,0,0,0,0.86,0,82,1,SaaS
user_enterprise_3116,862,12,26,36.0,16,2796.14,0,2,1,0,0.79,0,70,3,Finance
user_enterprise_3117,820,26,3,6.9,22,2322.09,0,3,0,0,0.76,0,91,0,Education
user_enterprise_3118,275,58,3,6.2,5,2341.95,0,0,0,0,0.83,0,87,1,Education
user_enterprise_3119,516,4,25,71.3,13,1205.74,0,3,2,0,0.89,0,69,3,E-commerce
user_enterprise_3120,472,2,14,7.6,9,3393.91,0,0,0,0,0.79,0,80,2,E-commerce
user_enterprise_3121,375,47,2,5.4,7,1792.8,0,0,0,0,0.83,0,59,4,Education
user_enterprise_3122,863,7,10,25.6,22,7911.48,0,0,0,0,0.8,0,87,1,SaaS
user_enterprise_3123,653,13,21,31.8,11,2461.39,0,0,5,1,0.76,0,63,3,SaaS
user_enterprise_3124,802,37,2,5.3,19,1760.23,0,0,1,0,0.57,0,55,4,SaaS
user_enterprise_3125,576,0,21,16.4,14,1091.0,0,1,9,0,0.67,0,90,1,SaaS
user_enterprise_3126,686,7,24,55.9,18,7083.41,0,0,1,0,0.72,0,92,0,Marketing
user_enterprise_3127,1033,5,22,24.0,26,3758.55,0,0,2,0,0.78,0,83,1,SaaS
user_enterprise_3128,862,3,28,22.8,23,2396.96,0,3,0,0,0.83,0,100,0,SaaS
user_enterprise_3129,594,8,27,18.7,16,2490.0,0,0,0,0,0.62,0,64,3,Marketing
user_enterprise_3130,641,12,15,41.6,13,4995.41,0,0,7,1,0.77,0,83,1,Marketing
user_enterprise_3131,722,9,26,30.5,22,1808.07,0,1,0,0,0.88,0,71,2,Marketing
user_enterprise_3132,379,15,1,1.7,8,1909.45,0,0,4,0,0.73,0,100,0,Marketing
user_enterprise_3133,642,10,23,56.3,12,902.08,0,0,2,0,0.69,0,87,1,E-commerce
user_enterprise_3134,715,3,25,52.9,14,6949.42,0,0,0,0,0.88,0,90,1,SaaS
user_enterprise_3135,813,12,25,61.1,18,8348.01,0,0,0,0,0.75,0,66,3,Education
user_enterprise_3136,1059,1,14,37.7,33,14771.97,0,0,0,0,0.83,0,60,4,Education
user_enterprise_3137,790,12,24,34.7,16,6464.99,0,4,1,0,0.8,0,87,1,Education
user_enterprise_3138,143,58,1,1.4,3,800.52,0,0,1,0,0.91,0,90,1,Finance
user_enterprise_3139,1052,12,24,15.0,33,11609.07,0,1,0,0,0.9,0,100,0,Marketing
user_enterprise_3140,502,0,11,30.9,11,4465.46,0,0,0,0,0.88,0,100,0,E-commerce
user_enterprise_3141,1211,3,16,37.3,22,1705.35,1,0,1,0,0.77,0,75,2,E-commerce
user_enterprise_3142,500,7,11,27.4,13,1681.64,0,3,1,0,0.79,0,86,1,Finance
user_enterprise_3143,430,4,28,31.0,12,4656.56,1,1,0,0,0.68,0,65,3,E-commerce
user_enterprise_3144,499,6,27,57.5,13,6351.59,0,0,0,0,0.91,0,64,3,Finance
user_enterprise_3145,698,6,29,76.9,15,3595.84,0,0,0,0,0.76,0,69,3,Finance
user_enterprise_3146,649,0,9,18.2,18,7916.74,0,0,4,2,0.78,0,65,3,E-commerce
user_enterprise_3147,676,11,12,21.6,13,4955.54,0,0,1,0,0.89,0,78,2,E-commerce
user_enterprise_3148,1167,6,9,15.7,26,10637.57,0,1,0,0,0.76,0,74,2,E-commerce
user_enterprise_3149,900,9,14,38.6,18,2240.9,0,0,1,0,0.62,0,77,2,E-commerce
user_enterprise_3150,897,2,16,9.3,26,5684.23,0,0,0,0,0.79,0,100,0,Finance
user_enterprise_3151,707,0,16,18.1,11,3589.41,0,0,1,0,0.87,0,66,3,SaaS
user_enterprise_3152,913,0,15,30.1,25,8980.51,0,0,0,0,0.84,0,49,5,Finance
user_enterprise_3153,911,11,19,52.9,29,9512.95,0,0,0,0,0.79,0,76,2,Marketing
user_enterprise_3154,711,1,7,19.2,15,1430.32,0,0,5,0,0.83,0,95,0,Finance
user_enterprise_3155,570,13,23,67.1,12,3128.89,0,0,1,0,0.71,0,88,1,Finance
user_enterprise_3156,646,3,14,35.2,15,5010.69,0,0,2,0,0.76,0,75,2,SaaS
user_enterprise_3157,338,12,7,9.9,5,1429.79,0,1,0,0,0.79,0,74,2,SaaS
user_enterprise_3158,549,8,29,38.4,9,944.47,0,0,0,0,0.9,0,73,2,Education
user_enterprise_3159,938,3,20,23.0,25,8634.52,0,0,0,0,0.86,0,93,0,E-commerce
user_enterprise_3160,766,5,12,19.5,18,5770.02,0,2,1,0,0.69,0,55,4,Marketing
user_enterprise_3161,876,9,18,47.9,21,8997.76,1,0,4,1,0.94,0,75,2,Finance
user_enterprise_3162,793,8,10,19.6,13,2764.3,2,0,0,0,0.69,0,84,1,Finance
user_enterprise_3163,653,9,11,10.1,14,4173.76,0,0,0,0,0.9,0,100,0,Finance
user_enterprise_3164,794,2,25,40.5,15,5140.63,0,1,0,0,0.76,0,79,2,SaaS
user_enterprise_3165,595,19,4,2.9,16,3697.39,0,0,1,0,0.81,0,90,1,E-commerce
user_enterprise_3166,613,7,21,30.8,17,8404.79,0,0,2,0,0.97,0,67,3,Education
user_enterprise_3167,566,37,1,1.5,15,2205.72,0,0,0,0,0.68,0,76,2,Education
user_enterprise_3168,729,9,16,34.6,20,3496.59,0,0,1,0,1.0,0,72,2,SaaS
user_enterprise_3169,527,10,24,52.5,8,3590.97,0,0,0,0,0.81,0,61,3,Marketing
user_enterprise_3170,999,1,15,28.5,18,6653.42,0,0,0,0,0.62,0,64,3,Marketing
user_enterprise_3171,857,26,0,0.0,20,1969.4,0,2,2,0,0.77,0,78,2,E-commerce
user_enterprise_3172,865,52,2,4.7,16,6729.64,0,0,0,0,0.66,0,80,2,SaaS
user_enterprise_3173,904,8,26,49.5,25,3380.44,0,0,0,0,0.71,0,69,3,Education
user_enterprise_3174,618,12,9,4.9,12,1525.73,0,0,3,1,0.85,0,66,3,Finance
user_enterprise_3175,880,3,9,5.2,27,5846.31,0,0,0,0,0.62,0,83,1,Finance
user_enterprise_3176,504,13,18,41.5,12,3940.74,0,0,0,0,0.78,0,72,2,Education
user_enterprise_3177,1006,4,16,43.2,29,4386.93,0,0,1,0,0.72,0,81,1,Finance
user_enterprise_3178,625,37,4,8.1,15,2078.28,1,0,0,0,0.75,0,73,2,E-commerce
user_enterprise_3179,761,12,6,10.6,20,9907.13,0,3,1,0,0.83,0,84,1,E-commerce
user_enterprise_3180,956,9,17,26.0,17,1646.55,0,0,1,0,0.75,0,73,2,Finance
user_enterprise_3181,1173,7,6,14.6,34,10754.09,0,3,6,1,0.82,0,54,4,Finance
user_enterprise_3182,885,5,14,28.8,16,1156.06,0,0,1,0,0.94,0,89,1,SaaS
user_enterprise_3183,623,0,8,17.0,13,2706.96,0,0,0,0,0.92,0,74,2,Marketing
user_enterprise_3184,799,48,1,2.9,18,5542.85,1,0,0,0,0.86,0,89,1,Finance
user_enterprise_3185,701,34,0,0.0,19,1949.26,0,1,0,0,0.75,0,61,3,Marketing
user_enterprise_3186,907,5,10,14.2,22,9895.1,0,0,0,0,0.56,0,74,2,E-commerce
user_enterprise_3187,972,11,20,22.9,27,13156.96,0,0,1,0,0.65,0,77,2,Marketing
user_enterprise_3188,805,9,26,51.4,13,3499.08,0,0,1,0,0.99,0,100,0,SaaS
user_enterprise_3189,575,0,23,11.7,17,6318.43,0,1,1,0,0.9,0,62,3,Finance
user_enterprise_3190,807,13,26,49.9,14,2675.15,0,0,0,0,0.79,0,58,4,Education
user_enterprise_3191,260,44,3,5.0,5,2123.31,0,1,0,0,0.9,0,82,1,SaaS
user_enterprise_3192,747,25,0,0.0,22,6958.69,0,0,1,0,0.8,0,67,3,Finance
user_enterprise_3193,741,39,0,0.0,15,1103.21,0,0,2,0,0.78,0,80,2,SaaS
user_enterprise_3194,905,4,18,37.7,29,8529.24,0,0,5,0,0.91,0,84,1,SaaS
user_enterprise_3195,415,8,28,45.3,8,1549.37,0,1,0,0,0.77,0,74,2,Finance
user_enterprise_3196,703,2,17,36.4,13,4627.42,2,2,10,2,0.64,0,67,3,Marketing
user_enterprise_3197,858,7,6,12.6,21,1191.73,0,0,3,1,0.71,0,80,2,E-commerce
user_enterprise_3198,623,2,27,56.8,13,3318.12,0,3,1,0,0.89,0,90,1,Education
user_enterprise_3199,611,3,12,22.3,15,2853.95,0,0,0,0,0.81,0,90,1,SaaS
user_enterprise_3200,653,11,5,7.6,18,6639.67,0,1,1,0,0.76,0,84,1,Finance
user_enterprise_3201,762,10,6,12.0,18,4083.63,2,0,0,0,0.95,0,80,2,Marketing
user_enterprise_3202,770,2,25,53.8,24,10777.51,0,0,0,0,0.8,0,49,5,E-commerce
user_enterprise_3203,545,13,16,33.9,11,3295.69,0,0,0,0,0.74,0,59,4,Marketing
user_enterprise_3204,881,12,6,15.5,26,11631.04,0,0,0,0,0.87,0,89,1,Marketing
user_enterprise_3205,891,13,25,51.2,26,7714.1,0,0,0,0,0.76,0,69,3,E-commerce
user_enterprise_3206,330,4,5,6.1,10,4355.96,0,0,1,0,0.75,0,100,0,Finance
user_enterprise_3207,468,33,1,2.3,11,991.68,0,1,1,0,0.72,0,78,2,Marketing
user_enterprise_3208,934,28,3,7.7,28,11349.63,0,0,2,0,0.93,0,65,3,SaaS
user_enterprise_3209,1335,0,15,11.6,41,7524.55,0,0,0,0,0.86,0,69,3,Finance
user_enterprise_3210,856,6,18,12.5,26,10188.06,0,4,0,0,0.54,0,76,2,Finance
user_enterprise_3211,551,11,29,30.4,11,2706.61,0,0,0,0,0.71,0,62,3,Marketing
user_enterprise_3212,981,10,27,47.3,22,9293.1,0,2,0,0,0.98,0,78,2,Education
user_enterprise_3213,714,55,1,1.0,16,3868.45,1,0,0,0,0.59,0,78,2,Education
user_enterprise_3214,759,1,24,65.7,22,2614.36,0,1,0,0,0.76,0,52,4,Education
user_enterprise_3215,844,2,6,7.8,22,7938.72,0,1,0,0,0.82,0,100,0,Education
user_enterprise_3216,622,8,24,68.7,18,1295.94,0,0,0,0,0.78,0,48,5,Marketing
user_enterprise_3217,886,9,6,10.7,24,5431.31,0,0,2,0,0.72,0,100,0,E-commerce
user_enterprise_3218,1279,8,5,14.7,39,15644.78,0,0,0,0,0.74,0,75,2,Marketing
user_enterprise_3219,764,0,13,17.0,20,5613.23,0,0,0,0,0.84,0,94,0,SaaS
user_enterprise_3220,662,1,10,10.5,18,2103.31,1,0,4,2,0.81,0,49,5,E-commerce
user_enterprise_3221,718,13,7,11.7,20,7392.27,0,0,0,0,0.76,0,86,1,Education
user_enterprise_3222,579,1,20,30.8,10,4449.75,0,0,0,0,0.69,0,55,4,Marketing
user_enterprise_3223,584,55,0,0.0,16,5439.16,0,5,2,0,0.72,0,80,2,Marketing
user_enterprise_3224,630,3,25,53.0,10,3957.13,0,0,1,0,0.75,0,61,3,Finance
user_enterprise_3225,426,8,21,61.8,8,1487.45,0,0,0,0,0.63,0,60,4,Education
user_enterprise_3226,625,9,29,81.5,19,5181.65,0,0,0,0,0.76,0,92,0,E-commerce
user_enterprise_3227,1004,10,21,56.6,20,6195.11,0,0,0,0,0.73,0,56,4,Marketing
user_enterprise_3228,505,0,14,17.7,13,5067.66,0,0,0,0,0.76,0,61,3,E-commerce
user_enterprise_3229,546,10,18,40.2,9,2448.08,0,3,0,0,0.68,0,75,2,SaaS
user_enterprise_3230,333,5,26,67.4,9,2379.09,0,0,0,0,0.83,0,90,1,Marketing
user_enterprise_3231,885,13,5,6.4,20,8627.02,0,1,0,0,0.99,0,61,3,SaaS
user_enterprise_3232,999,9,18,53.4,32,7009.67,0,1,1,0,0.89,0,100,0,SaaS
user_enterprise_3233,921,5,17,45.3,29,12586.93,0,0,1,0,0.96,0,75,2,E-commerce
user_enterprise_3234,687,39,4,4.6,21,1842.53,2,0,5,0,0.76,0,76,2,E-commerce
user_enterprise_3235,549,48,1,2.3,12,5054.98,0,3,0,0,0.83,0,74,2,Education
user_enterprise_3236,588,8,17,50.0,13,4208.5,0,3,1,0,0.97,0,28,7,Education
user_enterprise_3237,814,51,0,0.0,18,7148.91,0,5,0,0,0.62,0,76,2,Education
user_enterprise_3238,968,11,13,10.5,20,6888.04,0,3,0,0,0.71,0,90,1,Marketing
user_enterprise_3239,1040,3,15,16.9,32,6854.63,0,0,0,0,0.91,0,84,1,SaaS
user_enterprise_3240,903,41,2,4.2,29,11915.48,0,5,1,0,0.82,0,83,1,Marketing
user_enterprise_3241,564,6,21,20.5,11,5405.37,0,1,1,0,0.93,0,52,4,E-commerce
user_enterprise_3242,679,11,8,12.0,13,5377.96,0,0,0,0,0.75,0,46,5,Marketing
user_enterprise_3243,795,9,13,25.8,17,1275.56,0,0,1,0,0.77,0,83,1,Marketing
user_enterprise_3244,937,1,26,19.4,25,2185.41,1,0,1,0,0.65,0,76,2,SaaS
user_enterprise_3245,693,5,21,45.6,15,6838.6,0,2,0,0,0.92,0,71,2,SaaS
user_enterprise_3246,257,15,3,6.5,5,1992.76,0,0,1,0,0.74,0,84,1,Education
user_enterprise_3247,990,6,25,66.9,29,6987.5,0,0,1,0,0.79,0,75,2,Finance
user_enterprise_3248,893,5,19,42.0,26,3343.39,0,2,2,0,0.72,0,75,2,SaaS
user_enterprise_3249,702,11,8,11.4,20,4142.05,0,0,2,0,0.66,0,74,2,E-commerce
user_enterprise_3250,869,7,13,38.1,25,3639.97,1,1,1,0,0.94,0,82,1,E-commerce
user_enterprise_3251,705,12,16,15.1,15,897.19,0,0,0,0,0.88,0,69,3,E-commerce
user_enterprise_3252,846,4,17,31.6,27,11799.87,0,1,0,0,0.65,0,100,0,E-commerce
user_enterprise_3253,838,11,13,11.8,26,7313.57,0,0,2,0,0.82,0,45,5,Education
user_enterprise_3254,783,38,1,2.7,16,6791.15,0,0,0,0,0.75,0,64,3,E-commerce
user_enterprise_3255,416,10,7,9.9,10,1294.96,0,0,0,0,0.88,0,78,2,SaaS
user_enterprise_3256,826,11,26,72.9,20,2881.91,0,1,1,0,0.8,0,85,1,E-commerce
user_enterprise_3257,1005,7,15,16.4,19,8972.56,1,0,1,0,0.84,0,70,3,Finance
user_enterprise_3258,619,54,2,4.2,17,4022.17,0,1,0,0,0.89,0,74,2,Education
user_enterprise_3259,393,3,22,32.1,9,2293.63,0,0,3,0,0.96,0,55,4,E-commerce
user_enterprise_3260,583,0,9,13.1,10,2130.77,0,2,3,3,0.91,0,85,1,Marketing
user_enterprise_3261,227,4,14,13.4,4,1391.03,0,0,0,0,0.67,0,61,3,Finance
user_enterprise_3262,809,53,4,8.8,15,6560.07,0,0,5,0,0.79,0,66,3,E-commerce
user_enterprise_3263,581,45,1,1.9,11,3799.99,0,0,1,0,0.89,0,76,2,Marketing
user_enterprise_3264,649,9,14,17.4,20,7219.74,1,0,1,0,0.8,0,73,2,E-commerce
user_enterprise_3265,794,0,26,16.6,19,3687.61,0,0,0,0,0.78,0,67,3,Finance
user_enterprise_3266,842,4,27,68.8,25,7672.13,0,0,0,0,0.9,0,61,3,SaaS
user_enterprise_3267,881,11,28,24.1,27,7522.66,0,0,0,0,0.87,0,59,4,E-commerce
user_enterprise_3268,733,12,21,21.8,15,2958.06,0,3,1,0,0.67,0,66,3,Marketing
user_enterprise_3269,1030,5,28,19.0,22,6078.38,0,0,0,0,0.75,0,74,2,Marketing
user_enterprise_3270,1012,7,6,6.3,32,11724.01,0,0,1,0,0.68,0,97,0,Education
user_enterprise_3271,691,8,20,12.7,15,6583.74,0,0,0,0,0.66,0,86,1,Finance
user_enterprise_3272,560,4,20,17.2,12,2840.2,0,0,0,0,0.93,0,89,1,SaaS
user_enterprise_3273,829,9,28,24.8,19,2922.13,0,1,1,0,0.72,0,90,1,E-commerce
user_enterprise_3274,339,4,14,41.2,10,1737.1,0,3,0,0,0.88,0,86,1,Finance
user_enterprise_3275,855,7,21,38.2,25,9379.93,0,0,0,0,0.81,0,71,2,Education
user_enterprise_3276,904,3,20,10.8,26,11615.07,0,0,0,0,0.88,0,70,3,E-commerce
user_enterprise_3277,715,19,0,0.0,21,4225.38,0,0,0,0,0.75,0,75,2,Finance
user_enterprise_3278,683,13,26,55.6,17,1112.95,0,0,0,0,0.81,0,75,2,Marketing
user_enterprise_3279,317,7,7,12.9,9,752.99,0,2,1,0,0.75,0,63,3,E-commerce
user_enterprise_3280,718,3,6,17.1,18,6072.97,0,0,0,0,0.86,0,85,1,Education
user_enterprise_3281,508,22,0,0.0,14,2078.81,0,1,4,1,0.74,0,83,1,Marketing
user_enterprise_3282,516,7,28,78.2,16,6514.42,0,0,0,0,0.69,0,52,4,Finance
user_enterprise_3283,966,5,27,19.8,19,2459.37,0,1,7,4,0.92,0,82,1,SaaS
user_enterprise_3284,826,19,1,2.2,24,2421.44,1,0,0,0,0.8,0,60,4,E-commerce
user_enterprise_3285,935,4,10,13.1,29,7935.81,0,0,1,0,0.81,0,65,3,Education
user_enterprise_3286,1023,3,12,27.7,33,7077.79,0,1,0,0,0.85,0,49,5,E-commerce
user_enterprise_3287,885,1,16,41.8,24,4450.59,0,0,0,0,0.8,0,49,5,Education
user_enterprise_3288,717,12,6,7.4,21,3739.83,0,0,0,0,0.74,0,71,2,Finance
user_enterprise_3289,622,15,4,9.5,17,2145.5,0,0,1,0,0.94,0,85,1,Education
user_enterprise_3290,330,24,2,4.6,8,1765.22,0,2,1,0,0.81,0,72,2,Finance
user_enterprise_3291,505,5,14,34.1,15,4361.02,0,0,1,0,0.78,0,100,0,SaaS
user_enterprise_3292,1037,5,6,12.2,22,2914.57,0,1,2,0,0.89,0,80,2,Marketing
user_enterprise_3293,547,8,11,22.7,10,2724.78,0,4,0,0,0.92,0,93,0,Education
user_enterprise_3294,741,12,25,29.4,18,1646.82,0,0,0,0,0.99,0,69,3,Education
user_enterprise_3295,711,1,26,31.5,14,2086.83,0,0,1,0,0.83,0,82,1,Education
user_enterprise_3296,857,1,22,55.5,20,8918.17,0,0,1,0,0.97,0,70,3,SaaS
user_enterprise_3297,834,11,22,19.6,21,4945.03,0,0,2,0,0.72,0,73,2,SaaS
user_enterprise_3298,972,44,2,1.6,19,1367.61,0,0,2,0,0.74,0,100,0,Finance
user_enterprise_3299,700,1,19,28.9,21,7641.27,0,0,1,0,0.69,0,95,0,Education
user_enterprise_3300,634,40,4,9.0,11,4245.64,0,0,1,0,0.81,0,92,0,Education
user_enterprise_3301,714,2,23,21.2,11,1744.75,0,1,0,0,0.89,0,78,2,Education
user_enterprise_3302,798,0,7,10.0,18,2402.05,0,0,1,0,0.77,0,100,0,Finance
user_enterprise_3303,575,10,18,35.5,15,5619.14,0,0,3,0,0.8,0,82,1,Marketing
user_enterprise_3304,1070,5,15,31.1,20,8830.32,0,1,1,0,0.78,0,88,1,E-commerce
user_enterprise_3305,876,7,6,5.6,20,8460.73,0,0,1,0,0.97,0,98,0,Marketing
user_enterprise_3306,645,56,1,1.1,19,8619.39,0,0,0,0,0.89,0,96,0,E-commerce
user_enterprise_3307,693,13,6,17.2,21,1345.75,0,0,1,0,0.82,0,74,2,SaaS
user_enterprise_3308,236,34,1,1.9,5,928.2,0,0,0,0,0.85,0,63,3,Marketing
user_enterprise_3309,659,27,0,0.0,16,7573.4,0,0,2,0,0.7,0,100,0,Finance
user_enterprise_3310,533,2,9,24.8,14,2549.82,0,0,1,0,0.84,0,89,1,Education
user_enterprise_3311,513,11,5,13.0,11,4673.99,0,0,0,0,0.84,0,85,1,Marketing
user_enterprise_3312,283,37,4,10.5,5,1662.0,0,0,0,0,0.81,0,83,1,SaaS
user_enterprise_3313,379,22,0,0.0,7,496.04,0,0,0,0,0.88,0,75,2,Education
user_enterprise_3314,976,11,14,41.8,30,9783.86,0,0,1,0,0.81,0,99,0,SaaS
user_enterprise_3315,491,6,21,38.1,13,3480.12,0,0,1,0,1.0,0,50,5,Marketing
user_enterprise_3316,694,11,19,47.3,17,6968.21,0,0,3,0,0.89,0,78,2,Marketing
user_enterprise_3317,422,10,21,47.0,11,3789.97,0,0,1,0,0.67,0,70,3,SaaS
user_enterprise_3318,748,1,24,41.5,12,5881.25,0,3,0,0,0.97,0,83,1,SaaS
user_enterprise_3319,921,9,21,59.9,29,10225.3,0,0,1,0,0.66,0,76,2,Education
user_enterprise_3320,587,3,19,44.9,18,8149.22,0,0,1,0,0.86,0,97,0,SaaS
user_enterprise_3321,816,45,3,3.4,16,2499.11,0,0,0,0,0.66,0,57,4,E-commerce
user_enterprise_3322,923,7,28,81.1,18,7728.73,0,1,3,3,0.77,0,92,0,Marketing
user_enterprise_3323,615,15,4,2.8,13,6229.17,0,0,0,0,0.93,0,100,0,Marketing
user_enterprise_3324,878,56,4,7.2,21,9759.24,0,0,0,0,0.98,0,82,1,Marketing
user_enterprise_3325,734,1,8,14.0,19,5991.44,0,2,0,0,0.85,0,68,3,SaaS
user_enterprise_3326,921,5,12,28.7,23,10156.74,0,0,0,0,0.7,0,73,2,SaaS
user_enterprise_3327,549,7,17,29.3,14,4384.13,0,1,1,0,0.91,0,86,1,Finance
user_enterprise_3328,560,25,4,6.2,10,4433.3,0,0,1,0,0.66,0,86,1,Marketing
user_enterprise_3329,558,7,16,9.9,15,5111.93,0,0,0,0,0.87,0,44,5,SaaS
user_enterprise_3330,686,2,13,10.7,14,2183.82,0,0,1,0,0.77,0,87,1,Education
user_enterprise_3331,562,0,9,18.2,15,3127.81,0,0,0,0,0.83,0,81,1,SaaS
user_enterprise_3332,768,2,22,40.1,19,3883.93,0,0,0,0,0.84,0,77,2,E-commerce
user_enterprise_3333,279,45,2,5.1,5,442.3,0,3,1,0,0.93,0,76,2,SaaS
user_enterprise_3334,1101,12,27,16.6,25,4916.89,2,0,2,0,0.7,0,80,2,Marketing
user_enterprise_3335,974,13,14,12.9,29,8031.85,0,0,0,0,0.7,0,86,1,Education
user_enterprise_3336,650,2,27,34.3,14,2742.49,0,0,1,0,0.97,0,78,2,E-commerce
user_enterprise_3337,564,56,2,5.8,9,4278.6,0,0,3,0,0.98,0,100,0,E-commerce
user_enterprise_3338,676,0,28,47.1,13,2833.9,0,0,0,0,0.84,0,90,1,E-commerce
user_enterprise_3339,732,0,28,49.4,12,2636.22,2,0,0,0,0.75,0,87,1,Education
user_enterprise_3340,617,12,10,10.1,13,855.34,0,0,4,2,0.95,0,60,4,Education
user_enterprise_3341,676,9,17,22.8,21,8968.77,1,1,0,0,0.77,0,67,3,SaaS
user_enterprise_3342,931,35,1,2.3,16,2575.97,0,0,1,0,0.77,0,41,5,E-commerce
user_enterprise_3343,1131,2,29,86.7,31,12628.63,0,0,0,0,0.85,0,53,4,Marketing
user_enterprise_3344,1139,8,7,16.2,31,6432.6,0,2,1,0,0.79,0,64,3,E-commerce
user_enterprise_3345,1085,2,6,4.6,30,13844.98,0,0,0,0,0.93,0,82,1,Marketing
user_enterprise_3346,648,9,29,65.1,20,6840.84,0,0,3,4,0.84,0,87,1,SaaS
user_enterprise_3347,581,49,1,1.9,17,6463.42,0,0,2,0,0.88,0,75,2,Education
user_enterprise_3348,479,33,2,5.0,11,780.73,0,1,1,0,0.71,0,57,4,Finance
user_enterprise_3349,798,4,15,16.3,18,2143.69,0,1,0,0,0.73,0,77,2,E-commerce
user_enterprise_3350,451,3,23,43.0,7,3029.04,0,1,0,0,0.72,0,84,1,Marketing
user_enterprise_3351,697,0,21,42.1,19,4154.66,0,0,2,0,0.97,0,83,1,Marketing
user_enterprise_3352,531,8,22,29.4,10,2975.07,2,0,0,0,0.59,0,99,0,Marketing
user_enterprise_3353,769,1,21,63.0,23,6076.25,0,0,0,0,0.89,0,100,0,E-commerce
user_enterprise_3354,298,9,20,14.6,8,2710.77,1,0,0,0,0.69,0,92,0,Education
user_enterprise_3355,741,37,0,0.0,19,2255.35,0,0,1,0,0.8,0,83,1,Marketing
user_enterprise_3356,667,6,8,11.5,21,7727.7,0,0,2,0,0.85,0,60,4,Marketing
user_enterprise_3357,688,39,4,7.7,12,4437.74,1,2,0,0,1.0,0,79,2,SaaS
user_enterprise_3358,623,9,23,20.3,18,906.86,0,0,0,0,0.89,0,72,2,SaaS
user_enterprise_3359,850,4,7,4.3,16,6856.69,0,0,1,0,0.86,0,76,2,Education
user_enterprise_3360,441,5,25,26.7,10,1656.71,0,0,0,0,0.85,0,50,5,Education
user_enterprise_3361,897,11,8,5.4,18,8781.14,0,0,1,0,0.69,0,100,0,SaaS
user_enterprise_3362,689,1,5,14.3,20,4245.65,0,0,1,0,0.81,0,91,0,Marketing
user_enterprise_3363,719,17,3,6.4,18,5082.04,0,0,0,0,0.47,0,63,3,Education
user_enterprise_3364,704,5,26,38.6,17,8163.53,0,0,0,0,0.84,0,34,6,Finance
user_enterprise_3365,665,0,28,49.9,19,7287.53,0,0,3,0,0.79,0,66,3,Education
user_enterprise_3366,393,8,27,67.3,6,2883.92,0,0,4,1,0.65,0,77,2,Marketing
user_enterprise_3367,599,0,13,13.3,17,8122.5,0,1,0,0,0.8,0,96,0,Finance
user_enterprise_3368,1069,10,7,16.9,34,14973.33,1,0,1,0,0.71,0,95,0,SaaS
user_enterprise_3369,514,3,27,16.7,16,7977.65,0,1,1,0,0.74,0,83,1,E-commerce
user_enterprise_3370,670,13,18,43.5,19,4758.29,0,0,2,0,0.83,0,100,0,SaaS
user_enterprise_3371,950,11,9,19.3,24,2368.71,1,0,0,0,0.82,0,100,0,SaaS
user_enterprise_3372,437,10,6,9.1,7,384.18,0,0,0,0,0.69,0,72,2,Education
user_enterprise_3373,428,1,23,53.9,10,2569.11,0,0,0,0,0.71,0,65,3,Marketing
user_enterprise_3374,545,10,5,10.1,12,2391.44,0,0,1,0,1.0,0,71,2,E-commerce
user_enterprise_3375,770,3,19,42.2,15,2851.38,0,3,2,0,0.54,0,94,0,Education
user_enterprise_3376,566,4,12,30.5,15,1316.74,0,1,2,0,0.74,0,67,3,Finance
user_enterprise_3377,373,8,19,28.7,10,716.01,0,1,0,0,0.94,0,78,2,Education
user_enterprise_3378,838,7,24,71.0,25,8957.91,0,0,0,0,0.9,0,63,3,Marketing
user_enterprise_3379,475,11,5,7.2,10,4977.48,0,0,4,3,0.91,0,79,2,Marketing
user_enterprise_3380,597,9,28,43.6,11,2086.21,0,0,0,0,0.7,0,72,2,Finance
user_enterprise_3381,406,5,28,62.2,7,2677.11,0,6,0,0,0.79,0,79,2,E-commerce
user_enterprise_3382,761,48,4,2.1,21,5661.26,0,0,0,0,0.68,0,70,3,Marketing
user_enterprise_3383,715,0,14,37.7,14,3876.53,0,0,0,0,0.68,0,68,3,E-commerce
user_enterprise_3384,896,12,24,50.4,21,1897.85,0,3,0,0,0.9,0,100,0,Education
user_enterprise_3385,797,6,13,13.9,21,5396.95,0,1,3,1,0.78,0,84,1,Marketing
user_enterprise_3386,932,8,7,19.6,19,2430.12,0,0,1,0,0.78,0,100,0,SaaS
user_enterprise_3387,705,21,3,3.9,15,4236.15,0,0,0,0,0.68,0,80,2,SaaS
user_enterprise_3388,995,27,4,8.5,20,7700.11,0,0,0,0,0.94,0,66,3,E-commerce
user_enterprise_3389,1094,11,23,34.7,34,16628.42,1,0,0,0,0.8,0,61,3,Education
user_enterprise_3390,1153,10,19,27.5,27,12322.3,0,0,0,0,0.69,0,70,3,Finance
user_enterprise_3391,623,2,16,9.1,14,2030.15,0,0,0,0,0.74,0,100,0,SaaS
user_enterprise_3392,576,17,2,1.6,18,4291.0,0,0,0,0,0.76,0,61,3,SaaS
user_enterprise_3393,802,7,11,28.0,16,879.33,1,0,0,0,0.96,0,74,2,E-commerce
user_enterprise_3394,614,52,1,2.9,12,3134.42,0,0,1,0,0.81,0,60,4,Education
user_enterprise_3395,790,7,24,26.0,13,1154.39,0,1,0,0,0.71,0,100,0,Education
user_enterprise_3396,910,5,7,12.0,26,7183.5,0,0,1,0,0.64,0,86,1,SaaS
user_enterprise_3397,643,10,29,78.3,14,4562.79,0,3,0,0,0.68,0,69,3,Marketing
user_enterprise_3398,551,0,18,51.6,12,1855.74,0,0,0,0,0.8,0,97,0,SaaS
user_enterprise_3399,1021,31,0,0.0,21,1311.49,0,0,4,0,0.84,0,85,1,Finance
user_enterprise_3400,543,10,27,54.3,9,2504.39,0,0,0,0,0.88,0,79,2,E-commerce
user_enterprise_3401,564,3,24,28.8,16,5937.35,1,1,1,0,0.77,0,99,0,Finance
user_enterprise_3402,387,5,5,9.5,9,642.56,0,0,0,0,0.64,0,94,0,E-commerce
user_enterprise_3403,586,6,7,13.5,15,5862.34,0,0,0,0,0.69,0,58,4,Education
user_enterprise_3404,925,3,14,38.5,21,7409.75,0,0,0,0,0.84,0,94,0,Finance
user_enterprise_3405,647,2,6,7.9,12,1077.68,0,0,0,0,0.78,0,63,3,Marketing
user_enterprise_3406,662,9,9,15.2,17,2502.04,0,4,1,0,0.82,0,62,3,SaaS
user_enterprise_3407,1092,16,2,1.3,31,11063.81,0,1,0,0,0.96,0,59,4,Education
user_enterprise_3408,850,9,5,5.4,16,3983.53,0,0,2,0,0.79,0,49,5,Finance
user_enterprise_3409,427,0,20,56.0,9,2692.37,0,1,2,0,0.79,0,65,3,SaaS
user_enterprise_3410,1006,5,7,10.8,29,9876.3,1,1,1,0,0.84,0,81,1,Finance
user_enterprise_3411,738,11,24,17.6,19,4138.44,0,3,0,0,0.83,0,78,2,E-commerce
user_enterprise_3412,656,10,15,33.4,15,3030.89,0,0,0,0,0.91,0,86,1,SaaS
user_enterprise_3413,596,12,29,14.8,14,2904.02,0,1,3,0,0.82,0,74,2,Education
user_enterprise_3414,700,10,13,16.4,17,7354.87,0,2,0,0,0.7,0,44,5,E-commerce
user_enterprise_3415,510,23,0,0.0,9,2027.66,0,1,0,0,1.0,0,74,2,Marketing
user_enterprise_3416,544,12,12,20.6,16,7438.9,0,0,3,0,0.68,0,74,2,Marketing
user_enterprise_3417,598,10,29,19.4,12,4970.56,0,0,1,0,0.63,0,80,2,Education
user_enterprise_3418,650,7,20,24.3,20,6817.97,0,2,7,0,0.68,0,84,1,Education
user_enterprise_3419,609,33,1,1.1,17,5196.95,1,1,1,0,0.81,0,74,2,Marketing
user_enterprise_3420,596,8,7,9.7,14,4406.72,0,0,6,1,0.71,0,92,0,E-commerce
user_enterprise_3421,998,8,26,33.4,18,8876.32,0,3,0,0,0.78,0,87,1,E-commerce
user_enterprise_3422,631,10,14,33.9,12,3272.27,0,0,0,0,0.67,0,81,1,E-commerce
user_enterprise_3423,985,8,14,26.6,30,4556.45,0,1,0,0,0.84,0,100,0,Education
user_enterprise_3424,843,8,18,29.3,16,2749.56,0,0,2,0,0.81,0,90,1,Marketing
user_enterprise_3425,659,13,8,5.6,20,9721.73,0,5,1,0,0.81,0,96,0,Marketing
user_enterprise_3426,602,10,26,25.0,12,2106.14,0,0,2,0,0.77,0,79,2,Marketing
user_enterprise_3427,715,28,0,0.0,11,4552.01,0,0,2,0,0.8,0,81,1,Education
user_enterprise_3428,481,9,20,29.2,10,3356.1,0,1,1,0,0.9,0,66,3,Education
user_enterprise_3429,747,48,2,2.2,16,4055.69,0,0,3,1,0.82,0,68,3,E-commerce
user_enterprise_3430,794,5,20,31.9,24,4875.93,0,0,5,0,0.76,0,82,1,E-commerce
user_enterprise_3431,664,8,11,20.5,15,1495.13,0,0,1,0,0.77,0,74,2,Finance
user_enterprise_3432,377,13,29,45.2,11,1117.43,0,0,0,0,0.73,0,100,0,Finance
user_enterprise_3433,414,0,10,9.2,12,5946.37,0,0,2,0,0.76,0,79,2,E-commerce
user_enterprise_3434,1095,0,25,45.2,19,4611.65,0,0,0,0,0.89,0,98,0,Education
user_enterprise_3435,705,4,10,22.8,18,6628.0,0,0,2,0,0.91,0,94,0,Education
user_enterprise_3436,1000,6,25,17.2,23,11211.21,0,1,0,0,0.82,0,64,3,Marketing
user_enterprise_3437,982,3,24,14.1,22,4889.11,0,0,4,2,0.88,0,58,4,Finance
user_enterprise_3438,562,53,4,11.3,15,3995.45,0,0,4,0,0.84,0,100,0,Education
user_enterprise_3439,557,47,3,4.5,17,6421.44,0,0,1,0,0.73,0,83,1,SaaS
user_enterprise_3440,623,13,26,57.2,15,3615.74,0,1,5,0,0.95,0,73,2,Marketing
user_enterprise_3441,309,25,1,2.1,5,2001.95,0,0,1,0,0.79,0,73,2,Finance
user_enterprise_3442,812,6,14,30.2,19,2516.35,0,0,0,0,0.74,0,73,2,Finance
user_enterprise_3443,504,6,24,41.7,8,3531.89,0,5,0,0,0.78,0,94,0,Education
user_enterprise_3444,1026,48,4,7.9,29,3723.27,0,1,0,0,0.75,0,68,3,SaaS
user_enterprise_3445,715,2,16,31.2,19,1892.13,0,0,1,0,0.87,0,69,3,Finance
user_enterprise_3446,712,5,23,67.8,22,2334.78,0,1,7,3,0.82,0,65,3,SaaS
user_enterprise_3447,908,10,19,35.2,29,13836.46,0,0,0,0,0.71,0,83,1,E-commerce
user_enterprise_3448,716,11,14,27.9,16,5581.46,0,2,0,0,0.79,0,76,2,Education
user_enterprise_3449,549,15,0,0.0,11,3642.76,0,0,0,0,0.74,0,69,3,SaaS
user_enterprise_3450,797,4,25,34.3,20,6669.65,0,1,0,0,0.78,0,86,1,E-commerce
user_enterprise_3451,664,6,6,13.7,12,5972.51,0,0,0,0,0.77,0,100,0,Education
user_enterprise_3452,597,35,4,2.3,11,858.12,0,0,3,1,0.99,0,79,2,Education
user_enterprise_3453,819,1,12,16.1,19,6658.56,0,0,3,0,1.0,0,94,0,Finance
user_enterprise_3454,999,25,1,0.8,26,2091.43,0,0,2,0,0.83,0,95,0,Marketing
user_enterprise_3455,579,5,13,18.0,11,3744.24,0,0,0,0,0.7,0,41,5,Marketing
user_enterprise_3456,689,9,21,62.2,16,7899.98,0,0,0,0,0.93,0,92,0,Marketing
user_enterprise_3457,653,5,12,19.5,13,5198.75,0,0,0,0,0.94,0,57,4,SaaS
user_enterprise_3458,835,1,20,20.0,16,3909.6,0,0,0,0,0.67,0,86,1,E-commerce
user_enterprise_3459,773,11,13,29.8,12,2252.93,1,0,4,1,0.86,0,83,1,E-commerce
user_enterprise_3460,644,9,7,11.5,12,1523.16,0,1,0,0,0.54,0,85,1,Marketing
user_enterprise_3461,457,6,10,14.3,10,1898.72,0,1,1,0,0.94,0,75,2,Education
user_enterprise_3462,960,2,24,37.0,29,3060.33,0,0,0,0,0.95,0,61,3,Finance
user_enterprise_3463,886,3,29,87.0,20,1712.66,0,0,0,0,0.9,0,86,1,SaaS
user_enterprise_3464,787,3,11,22.5,15,963.41,2,0,1,0,0.81,0,62,3,Marketing
user_enterprise_3465,763,31,0,0.0,13,5253.93,0,0,1,0,0.81,0,72,2,SaaS
user_enterprise_3466,840,1,11,19.7,16,4527.18,0,0,2,0,0.79,0,100,0,Education
user_enterprise_3467,427,26,3,7.2,7,2415.19,0,0,1,0,1.0,0,100,0,Finance
user_enterprise_3468,644,1,18,25.5,16,2303.26,0,0,1,0,0.71,0,70,3,SaaS
user_enterprise_3469,441,1,21,50.5,7,2557.98,0,0,0,0,0.78,0,81,1,Education
user_enterprise_3470,767,26,0,0.0,22,1248.55,0,0,0,0,0.87,0,47,5,Marketing
user_enterprise_3471,776,7,11,32.5,24,6621.7,0,0,0,0,0.69,0,100,0,Marketing
user_enterprise_3472,603,5,22,39.4,12,1702.86,0,0,0,0,0.76,0,64,3,Finance
user_enterprise_3473,778,13,6,3.6,21,7384.45,0,0,0,0,0.71,0,50,5,Marketing
user_enterprise_3474,699,1,19,36.7,18,8363.43,0,0,1,0,0.76,0,97,0,Education
user_enterprise_3475,551,4,20,55.6,10,4583.77,0,0,1,0,0.89,0,85,1,E-commerce
user_enterprise_3476,955,8,25,47.2,23,4653.59,0,0,4,1,0.78,0,68,3,Finance
user_enterprise_3477,708,11,28,58.1,15,4134.82,0,0,0,0,1.0,0,77,2,E-commerce
user_enterprise_3478,698,8,28,80.6,20,8624.14,0,0,2,0,0.6,0,81,1,Marketing
user_enterprise_3479,709,29,4,3.7,20,1020.65,0,0,4,1,0.58,0,60,4,Finance
user_enterprise_3480,591,4,7,16.2,12,5679.13,0,0,0,0,0.98,0,99,0,SaaS
user_enterprise_3481,972,1,28,14.5,29,6523.46,0,0,1,0,0.82,0,91,0,SaaS
user_enterprise_3482,662,8,15,15.5,12,1127.07,0,0,0,0,0.79,0,81,1,Marketing
user_enterprise_3483,578,42,4,11.3,13,3042.68,0,3,0,0,0.78,0,83,1,Education
user_enterprise_3484,917,9,29,17.3,19,4926.37,0,2,0,0,0.96,0,79,2,Finance
user_enterprise_3485,544,10,14,40.5,12,5060.37,0,0,0,0,0.72,0,70,3,Education
user_enterprise_3486,795,12,13,30.7,23,8520.06,0,0,0,0,0.83,0,80,2,Finance
user_enterprise_3487,885,4,16,29.2,24,11145.02,0,0,0,0,0.96,0,69,3,Finance
user_enterprise_3488,675,3,7,19.2,14,3770.76,0,0,0,0,0.8,0,75,2,Finance
user_enterprise_3489,1148,8,17,42.1,25,10981.55,0,0,0,0,0.78,0,88,1,Marketing
user_enterprise_3490,951,10,29,64.7,19,1820.13,0,1,1,0,0.68,0,89,1,Education
user_enterprise_3491,940,34,3,8.8,29,2130.25,0,0,2,0,0.98,0,100,0,Marketing
user_enterprise_3492,965,12,15,20.2,27,7817.1,0,0,0,0,0.8,0,65,3,Marketing
user_enterprise_3493,762,6,11,17.5,17,1240.37,0,3,1,0,0.63,0,78,2,Education
user_enterprise_3494,586,9,23,39.9,15,7374.08,0,0,0,0,0.95,0,65,3,Finance
user_enterprise_3495,850,5,25,55.5,23,6725.2,0,0,1,0,0.79,0,86,1,Finance
user_enterprise_3496,799,0,12,29.4,14,1263.65,0,0,0,0,0.81,0,87,1,SaaS
user_enterprise_3497,878,47,4,4.5,16,859.28,0,0,0,0,0.77,0,72,2,SaaS
user_enterprise_3498,765,2,29,75.5,22,9058.17,0,0,4,2,0.79,0,67,3,Finance
user_enterprise_3499,566,6,7,3.7,15,3255.74,0,0,0,0,0.67,0,60,4,E-commerce
user_enterprise_3500,395,48,1,0.9,8,1732.38,0,1,0,0,0.89,0,74,2,Marketing
