user_id,days_since_signup,days_since_last_activity,logins_last_30_days,total_active_hours,payments_made,lifetime_value_dollars,payment_failures_count,pricing_page_visits,support_tickets,open_complaint_tickets,sentiment_score,failed_onboarding_steps,plan_utilization_percent,core_features_untouched,primary_use_case
user_midmarket_1,257,1,16,23.5,4,1394.31,0,0,1,0,0.52,0,30,7,Marketing
user_midmarket_2,315,7,29,38.2,9,509.25,0,2,2,0,0.0,0,78,2,Education
user_midmarket_3,433,11,12,11.5,8,2712.78,0,2,0,0,0.57,0,35,6,SaaS
user_midmarket_4,404,8,16,10.0,9,2441.71,0,2,0,0,0.67,0,73,2,Marketing
user_midmarket_5,349,28,3,4.9,8,2030.52,0,1,4,1,0.9,0,78,2,E-commerce
user_midmarket_6,333,55,3,1.7,9,4441.02,0,1,0,0,0.39,0,62,3,E-commerce
user_midmarket_7,323,48,2,4.7,9,713.29,0,1,3,1,0.72,0,37,6,Finance
user_midmarket_8,188,57,1,1.0,5,1050.86,0,0,0,0,0.53,0,45,5,Marketing
user_midmarket_9,475,6,10,19.9,7,3000.12,0,0,4,2,0.42,0,65,3,SaaS
user_midmarket_10,502,40,1,0.9,9,1162.88,0,0,6,1,0.79,0,33,6,SaaS
user_midmarket_11,346,31,1,2.6,7,405.97,0,0,1,0,0.37,0,77,2,E-commerce
user_midmarket_12,316,13,11,26.1,5,254.98,1,0,6,4,0.33,0,53,4,SaaS
user_midmarket_13,218,44,2,5.9,6,1543.38,0,2,4,1,0.37,0,84,1,SaaS
user_midmarket_14,376,5,17,14.5,7,493.15,0,4,5,2,0.73,0,40,6,Education
user_midmarket_15,372,10,17,13.9,10,3501.48,0,0,0,0,0.58,0,29,7,E-commerce
user_midmarket_16,350,9,7,4.1,6,538.52,0,0,0,0,0.56,0,56,4,Marketing
user_midmarket_17,341,40,3,6.3,8,1636.26,0,0,0,0,0.43,0,29,7,E-commerce
user_midmarket_18,542,0,10,10.0,16,1593.96,0,3,0,0,0.61,0,81,1,E-commerce
user_midmarket_19,321,3,10,14.4,8,2444.8,3,3,2,0,0.35,0,77,2,Finance
user_midmarket_20,268,59,2,2.8,7,1340.21,0,1,5,0,0.88,0,37,6,Finance
user_midmarket_21,477,4,14,12.7,10,1204.94,2,0,0,0,0.59,0,40,6,Education
user_midmarket_22,294,10,29,78.7,7,3155.44,1,0,0,0,0.55,0,50,5,SaaS
user_midmarket_23,207,45,1,1.4,4,937.33,0,0,0,0,0.38,0,24,7,Finance
user_midmarket_24,515,8,23,45.5,11,1024.42,0,0,3,1,0.77,0,48,5,E-commerce
user_midmarket_25,527,33,0,0.0,16,4320.7,1,0,0,0,0.33,0,59,4,Marketing
user_midmarket_26,247,32,4,10.6,4,565.09,0,1,1,0,0.19,0,87,1,Education
user_midmarket_27,471,12,9,15.7,12,4592.84,0,3,0,0,0.56,0,33,6,Marketing
user_midmarket_28,507,8,15,40.3,14,4153.18,0,0,3,0,0.85,0,18,8,Education
user_midmarket_29,428,39,1,0.8,12,4164.59,0,4,0,0,0.68,0,58,4,E-commerce
user_midmarket_30,475,13,18,28.6,11,2709.69,0,0,0,0,0.72,0,64,3,Marketing
user_midmarket_31,475,16,0,0.0,8,3483.16,0,0,0,0,0.45,0,68,3,E-commerce
user_midmarket_32,353,27,1,2.3,9,4322.53,0,0,1,0,0.59,0,60,4,SaaS
user_midmarket_33,301,0,20,10.5,9,3457.92,0,1,0,0,0.63,0,62,3,Finance
user_midmarket_34,369,11,6,14.4,9,4216.26,0,4,3,4,0.55,0,50,5,E-commerce
user_midmarket_35,498,7,13,19.6,11,1218.36,0,0,4,2,0.35,0,9,9,SaaS
user_midmarket_36,313,7,13,19.0,9,922.3,0,1,2,0,0.49,0,98,0,Marketing
user_midmarket_37,355,13,8,6.5,6,860.89,0,3,0,0,0.57,0,79,2,Education
user_midmarket_38,240,48,3,5.9,7,1465.99,0,1,3,0,0.33,0,49,5,SaaS
user_midmarket_39,204,33,4,3.5,4,682.92,0,5,2,0,0.76,0,85,1,Marketing
user_midmarket_40,366,58,3,3.3,11,4693.68,0,0,0,0,0.74,0,50,5,E-commerce
user_midmarket_41,530,39,3,6.4,15,2705.54,2,0,2,0,0.69,0,28,7,E-commerce
user_midmarket_42,275,48,1,0.6,5,960.73,0,0,0,0,0.65,0,59,4,E-commerce
user_midmarket_43,424,23,2,3.1,13,5606.55,0,0,1,0,0.57,0,39,6,SaaS
user_midmarket_44,462,3,29,42.4,7,1213.78,0,1,4,2,0.85,0,51,4,Finance
user_midmarket_45,481,25,0,0.0,12,5721.43,1,1,4,3,0.73,0,99,0,SaaS
user_midmarket_46,417,3,25,17.7,7,1132.07,0,1,0,0,0.27,0,0,10,E-commerce
user_midmarket_47,309,36,3,2.5,8,966.5,0,0,1,0,0.37,0,76,2,Education
user_midmarket_48,384,9,12,13.6,10,4969.97,0,0,5,4,1.0,0,62,3,SaaS
user_midmarket_49,169,0,14,23.6,4,1483.35,0,0,6,0,0.5,0,93,0,SaaS
user_midmarket_50,439,0,7,13.1,12,3804.04,0,0,3,1,0.8,0,66,3,Education
user_midmarket_51,406,6,5,11.6,8,3780.21,0,0,0,0,0.62,0,58,4,Finance
user_midmarket_52,558,24,3,7.9,17,4845.01,0,1,0,0,0.27,0,28,7,Education
user_midmarket_53,251,13,28,52.3,4,923.94,0,0,2,0,0.75,0,63,3,Education
user_midmarket_54,294,0,5,8.0,6,2799.49,0,0,0,0,0.57,0,60,4,SaaS
user_midmarket_55,323,8,22,27.8,6,675.89,0,0,0,0,0.81,0,51,4,SaaS
user_midmarket_56,424,12,15,18.5,10,2161.81,0,0,4,0,0.48,0,61,3,Marketing
user_midmarket_57,237,12,24,15.9,6,1862.37,0,0,0,0,0.96,0,59,4,E-commerce
user_midmarket_58,189,10,14,22.3,3,1113.23,0,0,1,0,0.85,0,53,4,Marketing
user_midmarket_59,457,9,6,3.3,14,1942.82,1,3,4,0,0.86,0,29,7,Marketing
user_midmarket_60,205,2,23,52.6,3,1494.71,0,0,0,0,0.58,0,25,7,E-commerce
user_midmarket_61,362,1,8,7.2,10,2914.38,0,0,0,0,0.45,0,63,3,SaaS
user_midmarket_62,459,10,9,10.7,9,3338.46,0,0,3,0,0.41,0,38,6,Finance
user_midmarket_63,318,9,9,8.1,9,3777.72,0,0,0,0,0.49,0,13,8,Education
user_midmarket_64,437,35,4,7.8,9,699.92,0,0,4,1,0.97,0,77,2,SaaS
user_midmarket_65,367,49,0,0.0,11,1645.35,0,2,5,0,0.67,0,84,1,Education
user_midmarket_66,292,4,29,50.0,5,2045.74,0,0,2,0,0.63,0,12,8,Marketing
user_midmarket_67,288,51,2,4.1,7,2716.78,0,0,1,0,0.8,0,97,0,Finance
user_midmarket_68,348,8,19,25.1,10,4229.66,0,2,5,0,0.53,0,71,2,E-commerce
user_midmarket_69,152,10,12,33.6,2,912.92,2,0,1,0,0.73,0,59,4,Marketing
user_midmarket_70,461,11,8,4.9,12,2457.04,0,2,4,2,0.49,0,100,0,Education
user_midmarket_71,329,0,6,6.2,9,3701.29,0,3,1,0,0.26,0,74,2,SaaS
user_midmarket_72,338,13,17,26.0,7,1624.89,0,2,1,0,0.82,0,72,2,Marketing
user_midmarket_73,435,4,8,9.4,10,2138.14,0,0,0,0,0.96,0,97,0,Marketing
user_midmarket_74,341,13,15,32.7,8,2111.68,1,2,0,0,0.51,0,48,5,SaaS
user_midmarket_75,423,4,21,27.9,9,868.1,0,1,3,0,0.51,0,37,6,Education
user_midmarket_76,199,51,4,7.6,4,795.64,0,1,2,0,0.77,0,45,5,Marketing
user_midmarket_77,280,59,0,0.0,6,902.25,0,1,3,2,0.41,0,53,4,SaaS
user_midmarket_78,348,6,16,41.9,10,3119.23,0,1,1,0,0.88,0,33,6,Finance
user_midmarket_79,539,4,28,14.2,15,1656.8,0,1,2,0,0.88,0,19,8,Finance
user_midmarket_80,239,10,20,12.4,6,1738.82,0,0,2,0,0.65,0,30,7,E-commerce
user_midmarket_81,311,44,4,11.9,6,2794.58,0,0,3,2,0.63,0,36,6,Finance
user_midmarket_82,478,13,14,33.4,14,5775.74,0,0,0,0,0.17,0,44,5,SaaS
user_midmarket_83,327,41,1,1.8,7,591.15,0,0,1,0,0.54,0,38,6,Finance
user_midmarket_84,595,7,29,49.8,16,3773.23,0,2,0,0,0.39,0,61,3,E-commerce
user_midmarket_85,262,55,0,0.0,5,2172.01,0,2,1,0,0.62,0,62,3,Education
user_midmarket_86,350,1,27,47.8,10,1057.47,0,2,4,0,0.6,0,19,8,Marketing
user_midmarket_87,362,11,6,8.2,10,2797.89,0,0,0,0,1.0,0,56,4,Finance
user_midmarket_88,431,35,0,0.0,12,3592.84,0,0,1,0,0.12,0,60,4,Marketing
user_midmarket_89,474,53,0,0.0,9,2088.51,0,1,1,0,0.6,0,66,3,SaaS
user_midmarket_90,455,56,1,2.1,14,1789.23,0,1,0,0,0.63,0,36,6,SaaS
user_midmarket_91,221,26,0,0.0,4,1821.76,0,2,0,0,0.77,0,20,8,Education
user_midmarket_92,436,30,3,7.0,7,1822.44,0,2,3,3,0.74,0,72,2,Marketing
user_midmarket_93,299,52,1,2.2,6,397.01,0,0,1,0,0.49,0,66,3,Education
user_midmarket_94,583,46,4,10.9,11,5070.46,1,0,3,1,0.59,0,14,8,Finance
user_midmarket_95,222,2,6,4.6,5,1180.93,0,4,0,0,0.42,0,67,3,Education
user_midmarket_96,536,32,1,0.7,14,3559.33,0,4,1,0,0.29,0,55,4,SaaS
user_midmarket_97,431,10,20,13.3,7,453.3,0,0,1,0,0.2,0,43,5,Marketing
user_midmarket_98,368,16,1,0.9,7,2464.16,0,0,1,0,0.43,0,57,4,Education
user_midmarket_99,306,0,18,53.0,7,2000.6,0,0,0,0,0.36,0,57,4,SaaS
user_midmarket_100,447,5,27,29.7,8,3412.84,0,4,1,0,0.92,0,31,6,Finance
user_midmarket_101,322,47,2,1.6,8,986.99,0,1,1,0,0.46,0,67,3,SaaS
user_midmarket_102,369,34,4,6.5,8,1211.28,0,0,1,0,0.85,0,69,3,Education
user_midmarket_103,318,46,4,10.5,5,2062.31,0,0,0,0,0.43,0,49,5,Marketing
user_midmarket_104,543,10,16,42.6,11,2840.62,0,1,3,2,0.74,0,42,5,SaaS
user_midmarket_105,345,4,28,19.8,6,1921.3,1,0,1,0,0.52,0,74,2,E-commerce
user_midmarket_106,393,5,16,44.8,8,407.4,0,2,3,0,0.94,0,64,3,Education
user_midmarket_107,330,40,2,5.3,9,3076.98,0,1,2,0,0.74,0,4,9,SaaS
user_midmarket_108,438,8,14,11.1,11,1212.17,1,0,1,0,0.76,0,22,7,SaaS
user_midmarket_109,402,0,12,9.1,10,4418.91,0,2,0,0,0.47,0,59,4,Finance
user_midmarket_110,457,10,12,9.9,12,1137.74,0,4,1,0,0.65,0,47,5,Finance
user_midmarket_111,495,3,11,24.4,10,1104.2,1,0,0,0,0.8,0,11,8,Finance
user_midmarket_112,313,1,12,15.7,7,3170.14,0,1,0,0,0.39,0,57,4,E-commerce
user_midmarket_113,587,27,3,8.3,9,658.23,0,0,0,0,0.42,0,33,6,Marketing
user_midmarket_114,405,12,29,20.7,6,1008.39,0,2,0,0,0.39,0,88,1,Marketing
user_midmarket_115,515,6,28,52.1,9,3842.43,0,2,2,0,0.49,0,58,4,Finance
user_midmarket_116,273,58,2,1.1,8,1576.27,1,1,0,0,0.54,0,38,6,E-commerce
user_midmarket_117,402,3,14,37.0,6,637.78,0,4,5,0,0.25,0,0,10,Education
user_midmarket_118,136,9,22,23.8,2,789.14,1,0,5,0,0.36,0,56,4,Finance
user_midmarket_119,221,54,2,3.8,4,904.9,0,0,3,5,0.54,0,41,5,SaaS
user_midmarket_120,207,7,6,8.4,4,1288.13,0,0,0,0,0.5,0,27,7,SaaS
user_midmarket_121,367,13,18,44.3,8,2241.46,0,2,0,0,0.44,0,0,10,E-commerce
user_midmarket_122,540,9,20,16.9,13,5601.39,0,0,0,0,0.7,0,61,3,Marketing
user_midmarket_123,452,6,26,75.4,12,2819.32,0,1,6,0,0.66,0,17,8,E-commerce
user_midmarket_124,512,34,1,2.3,16,2620.49,0,0,6,2,0.43,0,49,5,Finance
user_midmarket_125,526,31,1,2.6,16,4673.08,0,2,2,0,0.51,0,68,3,Finance
user_midmarket_126,402,13,29,18.2,8,3844.7,0,1,0,0,0.65,0,20,8,SaaS
user_midmarket_127,360,28,2,2.1,11,1787.91,0,2,0,0,0.58,0,53,4,Marketing
user_midmarket_128,334,0,13,18.2,5,2264.37,0,0,1,0,0.65,0,70,3,Education
user_midmarket_129,484,5,26,19.8,8,2972.02,1,2,1,0,0.27,0,49,5,E-commerce
user_midmarket_130,457,11,19,20.8,13,672.11,0,0,1,0,0.6,0,65,3,SaaS
user_midmarket_131,322,21,4,4.9,5,1356.97,0,4,3,0,0.68,0,56,4,Finance
user_midmarket_132,341,3,18,34.1,9,1003.81,0,0,0,0,0.81,0,84,1,E-commerce
user_midmarket_133,306,41,1,2.3,8,1451.95,0,0,5,1,0.75,0,46,5,Education
user_midmarket_134,367,22,3,8.0,6,1844.33,0,0,3,2,0.55,0,60,4,Education
user_midmarket_135,456,18,4,7.7,11,3666.47,0,0,1,0,0.75,0,33,6,Education
user_midmarket_136,260,18,0,0.0,5,1199.06,0,3,1,0,0.46,0,100,0,E-commerce
user_midmarket_137,240,1,22,43.0,6,334.63,0,2,4,0,0.35,0,64,3,Education
user_midmarket_138,538,8,22,12.2,13,6308.67,1,3,0,0,0.23,0,80,2,Marketing
user_midmarket_139,316,13,19,34.0,5,832.85,0,1,5,0,0.74,0,73,2,Finance
user_midmarket_140,438,2,15,20.6,9,3949.23,0,1,4,2,0.67,0,58,4,E-commerce
user_midmarket_141,478,43,1,0.5,10,4427.48,0,3,0,0,0.73,0,20,8,Finance
user_midmarket_142,397,55,1,1.2,12,5883.62,0,0,2,0,0.27,0,42,5,E-commerce
user_midmarket_143,314,0,21,55.1,8,1421.97,0,0,2,0,0.51,0,100,0,Education
user_midmarket_144,335,20,0,0.0,6,1464.67,0,0,7,2,0.82,0,42,5,Education
user_midmarket_145,261,4,28,35.9,7,2677.72,0,0,1,0,0.76,0,34,6,Marketing
user_midmarket_146,166,11,20,25.0,3,398.89,0,0,0,0,0.54,0,38,6,SaaS
user_midmarket_147,438,2,28,64.6,7,404.1,1,0,1,0,0.0,0,41,5,SaaS
user_midmarket_148,367,12,16,12.5,8,3075.47,0,1,2,0,0.46,0,66,3,Education
user_midmarket_149,536,59,1,1.5,14,2050.02,0,2,7,1,0.54,0,53,4,Finance
user_midmarket_150,429,51,3,7.6,13,5513.05,0,0,0,0,0.38,0,5,9,SaaS
user_midmarket_151,478,10,16,40.0,13,3712.38,0,0,0,0,0.51,0,40,6,Finance
user_midmarket_152,405,44,2,1.2,7,2076.51,0,3,3,2,0.54,0,51,4,Education
user_midmarket_153,319,7,12,24.0,6,2648.8,0,3,2,0,0.45,0,94,0,Education
user_midmarket_154,463,9,17,26.6,10,2661.13,1,1,6,3,0.71,0,58,4,E-commerce
user_midmarket_155,428,50,4,4.5,8,1598.92,0,0,1,0,0.91,0,52,4,E-commerce
user_midmarket_156,450,53,4,10.3,8,1250.37,0,1,4,0,0.47,0,15,8,SaaS
user_midmarket_157,258,29,4,3.5,5,1991.39,0,1,5,1,0.78,0,67,3,Marketing
user_midmarket_158,356,45,4,9.8,7,478.64,0,0,4,2,0.67,0,45,5,SaaS
user_midmarket_159,360,10,14,17.5,11,3098.3,0,0,0,0,0.61,0,51,4,SaaS
user_midmarket_160,377,26,0,0.0,8,2176.14,0,0,1,0,0.53,0,36,6,Marketing
user_midmarket_161,383,11,18,33.2,11,768.56,0,0,2,0,0.61,0,33,6,SaaS
user_midmarket_162,389,26,3,4.4,7,1170.49,0,0,0,0,0.82,0,100,0,Finance
user_midmarket_163,370,21,4,8.1,7,3419.56,0,2,5,1,0.61,0,61,3,E-commerce
user_midmarket_164,159,8,23,17.2,2,750.66,1,0,0,0,0.88,0,92,0,Finance
user_midmarket_165,367,43,1,2.4,6,2395.7,0,0,0,0,0.46,0,46,5,SaaS
user_midmarket_166,322,7,8,16.1,6,1806.67,0,0,1,0,0.81,0,56,4,E-commerce
user_midmarket_167,327,12,20,41.6,9,4253.79,0,1,0,0,0.48,0,100,0,Finance
user_midmarket_168,465,58,3,3.1,12,5680.12,0,0,1,0,0.86,0,60,4,SaaS
user_midmarket_169,357,46,4,3.2,7,1938.23,0,0,2,0,0.64,0,100,0,Education
user_midmarket_170,462,0,23,24.8,11,4992.87,0,3,0,0,0.38,0,53,4,Finance
user_midmarket_171,189,9,13,15.0,4,233.82,0,1,0,0,0.76,0,39,6,Education
user_midmarket_172,406,13,22,16.7,10,1810.71,0,1,2,0,0.45,0,32,6,E-commerce
user_midmarket_173,322,7,5,7.9,9,1132.3,1,2,5,1,0.49,0,59,4,E-commerce
user_midmarket_174,459,15,4,2.2,11,3511.98,0,0,1,0,0.56,0,92,0,Finance
user_midmarket_175,441,13,15,28.5,12,2176.77,0,0,1,0,0.56,0,78,2,Marketing
user_midmarket_176,268,48,4,3.0,6,948.52,0,1,2,0,0.22,0,63,3,Finance
user_midmarket_177,482,50,0,0.0,8,2788.54,0,0,1,0,0.94,0,62,3,Marketing
user_midmarket_178,401,56,2,4.1,11,2226.83,0,0,1,0,0.85,0,67,3,E-commerce
user_midmarket_179,355,10,24,54.0,9,2794.25,1,2,1,0,0.73,0,71,2,Education
user_midmarket_180,366,24,1,1.1,9,1074.68,0,0,3,2,1.0,0,59,4,E-commerce
user_midmarket_181,391,11,16,47.3,9,1791.96,0,0,1,0,0.47,0,58,4,Finance
user_midmarket_182,506,10,15,22.0,15,2763.5,0,0,0,0,0.72,0,71,2,Finance
user_midmarket_183,305,45,1,2.6,6,1827.59,0,0,2,0,0.64,0,64,3,Finance
user_midmarket_184,217,29,4,5.9,3,1252.53,0,0,0,0,0.57,0,100,0,E-commerce
user_midmarket_185,363,6,14,32.5,11,3513.49,0,5,1,0,0.96,0,54,4,SaaS
user_midmarket_186,223,58,3,2.5,5,561.4,0,0,0,0,0.95,0,67,3,Marketing
user_midmarket_187,440,11,29,24.7,10,3582.76,0,1,2,0,0.41,0,53,4,E-commerce
user_midmarket_188,374,7,26,31.1,8,1559.6,0,0,0,0,0.64,0,44,5,Marketing
user_midmarket_189,429,9,28,54.5,10,2516.82,0,1,4,1,0.93,0,94,0,SaaS
user_midmarket_190,503,3,26,18.7,13,933.52,0,0,0,0,0.84,0,37,6,Education
user_midmarket_191,335,9,9,13.2,9,2439.38,1,2,0,0,0.64,0,68,3,SaaS
user_midmarket_192,279,12,16,41.6,7,1944.66,1,3,1,0,0.55,0,23,7,Education
user_midmarket_193,243,13,21,39.7,6,972.5,0,0,2,0,0.19,0,42,5,Finance
user_midmarket_194,133,6,24,30.7,3,1261.73,0,0,1,0,0.55,0,86,1,Education
user_midmarket_195,586,7,17,33.0,17,3426.51,0,0,1,0,0.12,0,83,1,Finance
user_midmarket_196,349,26,2,5.4,7,1318.15,0,0,2,0,0.51,0,33,6,SaaS
user_midmarket_197,300,11,7,9.6,5,1557.83,0,0,2,0,0.32,0,34,6,Education
user_midmarket_198,342,11,8,10.4,8,3538.11,0,0,0,0,0.6,0,24,7,SaaS
user_midmarket_199,405,43,2,1.8,9,532.29,0,1,1,0,0.36,0,23,7,Marketing
user_midmarket_200,488,10,13,26.9,15,3527.7,0,0,0,0,0.54,0,100,0,Education
user_midmarket_201,283,5,13,20.3,8,2547.11,0,0,0,0,0.54,0,40,6,E-commerce
user_midmarket_202,385,15,2,2.2,6,1575.15,0,0,0,0,0.54,0,54,4,Marketing
user_midmarket_203,267,2,15,36.3,6,389.51,0,0,0,0,0.1,0,58,4,Finance
user_midmarket_204,264,12,16,43.2,5,2404.99,0,4,1,0,0.41,0,65,3,Finance
user_midmarket_205,392,8,11,28.6,9,2920.43,0,1,6,1,0.72,0,37,6,Finance
user_midmarket_206,173,0,12,24.7,4,671.71,0,2,0,0,0.35,0,60,4,E-commerce
user_midmarket_207,360,1,21,22.2,7,1287.47,0,0,1,0,0.79,0,78,2,Marketing
user_midmarket_208,313,4,12,9.9,9,2164.02,0,0,0,0,0.63,0,26,7,Education
user_midmarket_209,449,40,4,2.7,10,4008.81,0,0,2,0,0.26,0,82,1,Education
user_midmarket_210,453,49,3,4.7,10,4462.84,0,0,3,1,0.36,0,69,3,SaaS
user_midmarket_211,305,10,29,43.7,6,2611.39,0,1,0,0,0.64,0,60,4,SaaS
user_midmarket_212,379,11,5,10.8,11,2884.33,0,0,0,0,0.58,0,56,4,Marketing
user_midmarket_213,456,0,27,40.1,11,1816.14,2,0,0,0,0.64,0,68,3,Education
user_midmarket_214,326,7,27,61.8,9,2589.92,0,1,2,0,0.7,0,47,5,Finance
user_midmarket_215,407,39,2,2.7,6,2107.63,0,0,0,0,0.52,0,10,9,E-commerce
user_midmarket_216,284,19,1,2.3,6,754.6,0,0,1,0,0.7,0,99,0,Education
user_midmarket_217,525,30,2,2.6,12,2431.6,0,0,2,0,0.59,0,62,3,SaaS
user_midmarket_218,444,8,14,37.3,9,3143.31,0,6,3,2,0.91,0,83,1,Marketing
user_midmarket_219,214,5,8,9.6,5,1110.26,0,3,0,0,0.84,0,54,4,Education
user_midmarket_220,478,1,7,6.6,12,3787.46,0,3,1,0,0.58,0,26,7,Education
user_midmarket_221,392,35,3,5.9,10,2082.12,0,0,0,0,0.17,0,63,3,SaaS
user_midmarket_222,357,12,10,25.9,10,4744.69,0,1,1,0,0.81,0,88,1,SaaS
user_midmarket_223,169,5,29,20.1,3,1308.9,0,0,0,0,0.73,0,28,7,Education
user_midmarket_224,305,26,1,2.6,6,1840.85,0,2,4,0,0.26,0,62,3,Finance
user_midmarket_225,428,10,11,18.4,11,3627.76,0,0,0,0,0.78,0,34,6,Finance
user_midmarket_226,284,2,21,33.0,4,1135.31,0,0,2,0,0.94,0,57,4,Education
user_midmarket_227,310,12,8,19.5,6,2419.74,0,0,0,0,0.61,0,44,5,Education
user_midmarket_228,455,2,27,21.8,10,2323.23,0,0,2,0,0.56,0,73,2,Education
user_midmarket_229,500,4,17,20.0,9,1600.18,0,0,4,0,0.4,0,77,2,E-commerce
user_midmarket_230,392,0,27,44.2,12,1827.76,0,0,0,0,0.57,0,30,7,Marketing
user_midmarket_231,213,0,14,30.4,4,1068.98,0,1,0,0,0.57,0,45,5,Marketing
user_midmarket_232,480,9,29,80.5,14,3055.48,0,1,1,0,0.8,0,70,3,E-commerce
user_midmarket_233,364,57,0,0.0,9,2386.94,0,0,0,0,0.8,0,20,8,SaaS
user_midmarket_234,228,24,2,5.1,4,303.87,0,0,0,0,0.73,0,10,9,Education
user_midmarket_235,316,8,9,25.6,7,1973.86,0,0,0,0,0.85,0,5,9,Marketing
user_midmarket_236,475,5,8,6.9,9,4443.49,3,0,2,0,0.7,0,25,7,SaaS
user_midmarket_237,261,54,4,8.4,6,970.18,0,2,1,0,0.5,0,35,6,Marketing
user_midmarket_238,361,59,3,5.2,9,3734.54,0,0,0,0,0.77,0,48,5,Marketing
user_midmarket_239,388,18,0,0.0,11,2914.34,0,0,3,1,0.58,0,60,4,E-commerce
user_midmarket_240,398,8,25,37.5,9,3770.33,0,2,5,0,0.46,0,62,3,Finance
user_midmarket_241,388,5,9,11.4,11,1340.47,0,0,0,0,0.47,0,0,10,Finance
user_midmarket_242,382,50,3,8.2,11,4665.43,0,0,0,0,1.0,0,42,5,SaaS
user_midmarket_243,358,32,2,4.4,7,1982.19,0,0,1,0,0.66,0,38,6,Finance
user_midmarket_244,413,8,6,6.3,7,3376.54,0,0,0,0,0.79,0,48,5,E-commerce
user_midmarket_245,393,9,23,20.9,7,1353.2,0,3,0,0,0.82,0,98,0,SaaS
user_midmarket_246,327,10,20,53.5,5,1418.02,0,0,2,0,0.76,0,69,3,Education
user_midmarket_247,348,12,9,9.6,6,2336.03,0,3,1,0,0.31,0,79,2,SaaS
user_midmarket_248,532,5,23,29.7,14,1214.3,0,0,0,0,0.56,0,54,4,SaaS
user_midmarket_249,385,5,9,13.4,9,2755.16,0,1,0,0,0.54,0,81,1,E-commerce
user_midmarket_250,298,8,5,2.7,4,1568.12,0,0,0,0,0.62,0,46,5,Education
user_midmarket_251,315,5,6,17.1,5,436.11,0,2,4,0,0.57,0,46,5,Marketing
user_midmarket_252,299,2,7,4.7,8,3020.31,1,1,0,0,0.77,0,63,3,Finance
user_midmarket_253,406,34,0,0.0,11,1463.63,1,0,2,0,0.46,0,42,5,E-commerce
user_midmarket_254,387,6,15,31.8,8,3949.79,0,1,1,0,0.49,0,100,0,E-commerce
user_midmarket_255,471,3,12,15.8,10,1090.95,0,5,3,1,0.36,0,100,0,SaaS
user_midmarket_256,385,9,7,7.9,8,1992.23,0,0,0,0,0.6,0,59,4,SaaS
user_midmarket_257,288,9,12,24.8,5,481.33,0,0,1,0,0.64,0,48,5,E-commerce
user_midmarket_258,373,4,27,42.8,6,950.57,0,0,4,1,0.45,0,98,0,SaaS
user_midmarket_259,575,48,1,0.6,12,1912.31,2,0,1,0,0.74,0,0,10,SaaS
user_midmarket_260,467,8,9,11.2,9,3726.44,0,0,0,0,0.62,0,27,7,Marketing
user_midmarket_261,402,9,17,18.1,9,4392.67,0,3,1,0,0.67,0,55,4,Finance
user_midmarket_262,348,1,7,10.3,8,3316.53,0,0,0,0,0.82,0,36,6,Education
user_midmarket_263,251,15,3,4.1,4,1196.83,0,0,0,0,0.32,0,17,8,SaaS
user_midmarket_264,423,11,9,21.9,8,1664.97,0,0,0,0,0.55,0,89,1,Education
user_midmarket_265,412,0,7,5.1,12,1707.0,3,0,6,0,0.44,0,85,1,E-commerce
user_midmarket_266,166,9,24,47.1,3,260.11,0,0,2,0,0.45,0,41,5,SaaS
user_midmarket_267,483,5,16,30.2,14,4482.51,1,0,0,0,0.54,0,66,3,SaaS
user_midmarket_268,252,31,1,1.0,4,529.55,0,1,1,0,0.53,0,38,6,E-commerce
user_midmarket_269,366,8,24,39.3,10,2427.78,0,0,4,2,0.52,0,86,1,Finance
user_midmarket_270,458,5,8,13.0,10,1528.67,0,0,0,0,0.76,0,58,4,Education
user_midmarket_271,231,13,9,6.3,4,223.96,0,0,4,0,0.57,0,41,5,Finance
user_midmarket_272,286,37,4,6.5,4,930.91,0,2,0,0,0.66,0,24,7,E-commerce
user_midmarket_273,308,19,1,2.2,8,1901.73,0,0,3,0,0.78,0,0,10,Marketing
user_midmarket_274,386,50,2,1.3,6,2793.96,0,0,0,0,0.64,0,83,1,Marketing
user_midmarket_275,427,39,0,0.0,10,2221.54,0,1,5,2,0.71,0,100,0,Marketing
user_midmarket_276,344,10,28,60.4,8,955.37,1,0,0,0,0.75,0,16,8,SaaS
user_midmarket_277,413,13,28,14.7,10,3602.46,0,3,7,0,0.44,0,51,4,Marketing
user_midmarket_278,403,5,15,34.6,11,1200.37,0,4,1,0,0.9,0,69,3,Finance
user_midmarket_279,518,8,10,24.3,15,4484.71,0,0,2,0,0.73,0,59,4,E-commerce
user_midmarket_280,372,34,3,5.0,8,1375.75,0,0,2,0,0.56,0,72,2,Finance
user_midmarket_281,455,8,10,29.2,8,3910.06,0,1,1,0,0.54,0,56,4,Marketing
user_midmarket_282,408,3,29,60.7,7,2156.47,0,0,1,0,1.0,0,68,3,Education
user_midmarket_283,312,43,2,4.9,6,2338.21,0,1,2,0,0.58,0,66,3,Education
user_midmarket_284,305,5,24,49.3,7,1301.44,0,1,0,0,0.8,0,39,6,E-commerce
user_midmarket_285,233,1,7,19.5,6,1958.31,0,0,5,0,0.82,0,34,6,Marketing
user_midmarket_286,232,13,6,5.3,5,1619.49,0,0,1,0,0.68,0,75,2,Education
user_midmarket_287,307,29,0,0.0,6,2552.02,2,0,0,0,0.18,0,55,4,E-commerce
user_midmarket_288,278,52,3,7.0,7,2424.5,0,3,0,0,0.52,0,68,3,Marketing
user_midmarket_289,403,10,28,52.8,6,2706.4,2,0,1,0,0.77,0,92,0,Finance
user_midmarket_290,342,6,28,23.5,10,2935.95,0,0,4,0,0.89,0,21,7,E-commerce
user_midmarket_291,442,53,0,0.0,13,3971.52,0,0,0,0,0.51,0,16,8,E-commerce
user_midmarket_292,326,15,0,0.0,5,636.37,0,2,3,3,0.92,0,88,1,E-commerce
user_midmarket_293,274,20,3,8.6,6,475.04,1,0,5,2,0.63,0,66,3,Education
user_midmarket_294,168,12,24,52.0,2,370.37,0,0,0,0,0.34,0,47,5,Education
user_midmarket_295,157,43,0,0.0,3,1065.36,0,0,0,0,0.62,0,29,7,Marketing
user_midmarket_296,347,13,10,23.8,9,1834.93,0,0,2,0,0.3,0,85,1,Finance
user_midmarket_297,278,52,1,2.5,7,1278.56,0,4,0,0,0.31,0,66,3,SaaS
user_midmarket_298,282,6,29,41.9,6,816.46,0,0,1,0,0.27,0,28,7,E-commerce
user_midmarket_299,432,17,1,1.3,9,1869.36,0,1,0,0,0.25,0,64,3,Marketing
user_midmarket_300,203,41,1,0.9,5,265.01,0,3,0,0,0.81,0,79,2,Marketing
user_midmarket_301,256,54,4,2.7,6,310.69,0,1,2,0,0.42,0,64,3,Marketing
user_midmarket_302,500,8,11,12.5,9,502.76,3,0,2,0,0.69,0,100,0,Finance
user_midmarket_303,332,4,17,45.4,7,1319.95,1,1,0,0,1.0,0,34,6,Marketing
user_midmarket_304,268,5,23,28.4,5,1388.68,0,0,0,0,0.72,0,53,4,SaaS
user_midmarket_305,245,4,12,20.2,6,1831.06,0,0,3,2,0.51,0,82,1,Education
user_midmarket_306,283,2,6,12.9,6,501.26,0,1,2,0,0.25,0,67,3,Marketing
user_midmarket_307,366,2,24,12.8,10,1289.44,0,3,1,0,0.74,0,67,3,SaaS
user_midmarket_308,375,39,4,9.6,10,642.57,0,0,1,0,1.0,0,90,1,Marketing
user_midmarket_309,456,42,3,4.8,11,1435.42,0,0,0,0,0.68,0,12,8,E-commerce
user_midmarket_310,500,2,29,63.5,9,1439.61,0,0,0,0,0.37,0,55,4,Education
user_midmarket_311,378,2,19,26.4,11,2016.68,0,0,1,0,0.86,0,71,2,Marketing
user_midmarket_312,446,2,5,9.6,10,1106.16,0,0,0,0,0.66,0,41,5,Marketing
user_midmarket_313,432,0,26,30.2,10,2810.81,0,1,3,0,0.83,0,58,4,SaaS
user_midmarket_314,135,10,14,38.8,3,1114.57,0,1,2,0,0.41,0,19,8,Education
user_midmarket_315,283,13,15,36.9,5,1495.04,0,0,2,0,0.42,0,100,0,Education
user_midmarket_316,376,55,2,2.0,6,1230.27,0,0,0,0,0.34,0,48,5,Finance
user_midmarket_317,224,2,9,13.4,6,1190.77,0,2,0,0,0.55,0,72,2,Finance
user_midmarket_318,282,26,1,2.6,7,1013.45,0,4,1,0,0.62,0,48,5,E-commerce
user_midmarket_319,289,52,0,0.0,6,1880.39,0,0,1,0,0.45,0,52,4,SaaS
user_midmarket_320,378,24,0,0.0,11,4106.55,0,0,1,0,0.38,0,63,3,SaaS
user_midmarket_321,342,22,2,5.9,6,1954.26,0,0,3,2,0.62,0,89,1,Finance
user_midmarket_322,277,0,20,24.1,8,2318.56,0,0,0,0,0.55,0,34,6,SaaS
user_midmarket_323,333,3,8,11.2,6,2649.12,0,0,0,0,0.65,0,83,1,E-commerce
user_midmarket_324,277,42,4,6.4,5,879.12,0,0,1,0,0.84,0,70,3,Education
user_midmarket_325,353,50,1,2.2,9,1283.53,0,3,1,0,0.55,0,45,5,Finance
user_midmarket_326,394,1,17,31.6,6,1883.77,0,0,1,0,0.7,0,82,1,Marketing
user_midmarket_327,275,45,4,4.5,4,1583.73,0,0,1,0,0.67,0,41,5,Finance
user_midmarket_328,171,12,11,6.0,2,577.13,0,1,1,0,0.85,0,14,8,Marketing
user_midmarket_329,379,3,11,31.8,8,2535.31,0,3,0,0,0.57,0,44,5,Education
user_midmarket_330,433,0,15,28.6,10,1170.3,1,0,2,0,0.95,0,31,6,E-commerce
user_midmarket_331,144,10,28,62.4,2,727.09,0,0,1,0,0.33,0,73,2,Education
user_midmarket_332,558,55,4,7.3,14,4706.97,0,3,0,0,0.77,0,97,0,Marketing
user_midmarket_333,336,12,23,63.0,10,2841.32,0,0,2,0,0.93,0,66,3,Marketing
user_midmarket_334,458,57,4,7.5,8,3134.15,0,0,0,0,0.55,0,32,6,SaaS
user_midmarket_335,522,27,1,0.7,13,6229.56,0,0,0,0,0.7,0,37,6,SaaS
user_midmarket_336,446,11,19,46.7,7,3277.9,3,2,5,0,0.35,0,76,2,SaaS
user_midmarket_337,254,7,11,12.1,7,2526.39,1,1,8,1,0.45,0,57,4,Marketing
user_midmarket_338,302,17,1,1.7,7,778.7,2,0,0,0,0.42,0,70,3,E-commerce
user_midmarket_339,430,46,0,0.0,7,3179.84,1,0,0,0,0.3,0,29,7,Finance
user_midmarket_340,462,9,18,27.9,7,2850.06,0,0,2,0,0.72,0,9,9,SaaS
user_midmarket_341,433,17,0,0.0,10,4817.49,2,0,0,0,0.33,0,15,8,Education
user_midmarket_342,111,23,0,0.0,2,554.36,0,0,0,0,0.91,0,63,3,SaaS
user_midmarket_343,508,11,18,49.4,12,1228.45,0,1,0,0,0.87,0,54,4,SaaS
user_midmarket_344,354,55,2,1.6,7,1698.39,0,0,2,0,0.51,0,96,0,E-commerce
user_midmarket_345,505,58,2,2.7,11,1999.33,0,0,6,0,0.83,0,25,7,Education
user_midmarket_346,418,7,8,17.1,9,3035.2,1,0,0,0,0.51,0,91,0,E-commerce
user_midmarket_347,254,7,14,41.0,6,1621.43,0,0,2,0,0.76,0,100,0,Education
user_midmarket_348,373,0,27,72.5,10,2486.68,0,0,0,0,0.66,0,46,5,Education
user_midmarket_349,230,10,18,47.9,6,1762.09,0,0,0,0,0.68,0,9,9,Finance
user_midmarket_350,440,34,2,2.8,12,2778.26,0,1,4,1,0.48,0,69,3,Marketing
user_midmarket_351,382,24,2,1.4,10,4006.82,1,3,0,0,0.66,0,100,0,Marketing
user_midmarket_352,353,8,24,65.3,7,2657.4,0,0,1,0,0.64,0,29,7,Education
user_midmarket_353,92,9,16,12.9,2,672.82,0,0,0,0,0.28,0,48,5,E-commerce
user_midmarket_354,357,56,3,7.6,7,2964.14,0,0,1,0,0.85,0,49,5,SaaS
user_midmarket_355,437,10,29,74.9,11,1001.09,0,2,1,0,0.89,0,36,6,E-commerce
user_midmarket_356,511,3,16,36.7,15,2066.84,0,2,3,2,0.35,0,39,6,SaaS
user_midmarket_357,340,0,9,10.6,9,3991.96,0,2,1,0,0.49,0,45,5,E-commerce
user_midmarket_358,354,13,28,71.9,10,2341.49,0,0,0,0,0.61,0,40,6,SaaS
user_midmarket_359,475,0,8,23.1,9,676.49,0,0,0,0,0.44,0,77,2,Finance
user_midmarket_360,258,8,9,20.2,4,1185.02,0,0,1,0,0.64,0,73,2,E-commerce
user_midmarket_361,360,57,3,2.9,10,2090.69,0,3,7,1,0.78,0,37,6,Marketing
user_midmarket_362,340,48,0,0.0,9,1413.55,0,2,0,0,0.71,0,66,3,E-commerce
user_midmarket_363,367,16,4,8.0,10,746.76,1,2,0,0,0.83,0,80,2,Marketing
user_midmarket_364,246,8,10,28.7,6,1234.37,0,1,0,0,0.42,0,54,4,Finance
user_midmarket_365,151,33,0,0.0,2,413.82,0,0,1,0,0.78,0,70,3,Finance
user_midmarket_366,533,2,24,30.4,12,924.64,0,1,1,0,0.67,0,38,6,SaaS
user_midmarket_367,522,8,26,33.5,12,2652.71,0,0,3,1,0.71,0,55,4,Education
user_midmarket_368,389,7,24,46.5,9,1646.89,0,0,1,0,0.47,0,61,3,Marketing
user_midmarket_369,272,11,6,8.7,5,1969.3,0,0,4,1,0.62,0,53,4,E-commerce
user_midmarket_370,359,29,1,2.4,9,1881.71,0,1,3,1,0.53,0,88,1,Finance
user_midmarket_371,344,7,22,17.5,5,2125.21,0,0,0,0,0.76,0,9,9,E-commerce
user_midmarket_372,341,2,13,25.1,8,2953.19,1,0,0,0,0.58,0,97,0,Marketing
user_midmarket_373,225,24,1,2.5,5,363.62,0,0,4,1,0.84,0,84,1,Finance
user_midmarket_374,520,31,2,1.3,15,779.5,0,0,1,0,0.34,0,63,3,Education
user_midmarket_375,320,10,9,24.5,8,1172.18,0,0,0,0,0.36,0,59,4,E-commerce
user_midmarket_376,457,0,13,32.9,7,577.36,0,1,6,1,0.68,0,56,4,Education
user_midmarket_377,360,31,0,0.0,11,4437.87,0,0,2,0,0.77,0,19,8,Finance
user_midmarket_378,329,40,3,7.6,9,3791.21,0,0,1,0,0.0,0,60,4,Marketing
user_midmarket_379,507,10,12,27.1,12,4618.09,1,1,1,0,0.85,0,47,5,Education
user_midmarket_380,294,7,14,21.0,6,2482.7,1,1,0,0,0.97,0,60,4,SaaS
user_midmarket_381,570,3,29,32.5,9,1481.97,0,0,0,0,0.82,0,57,4,Marketing
user_midmarket_382,438,35,2,4.7,7,1485.02,0,3,3,0,0.74,0,40,6,SaaS
user_midmarket_383,514,16,3,2.4,10,1581.82,0,2,2,0,0.39,0,45,5,Finance
user_midmarket_384,211,47,4,8.3,6,2166.25,0,0,5,1,0.71,0,46,5,Education
user_midmarket_385,273,13,16,24.6,8,1273.28,0,0,4,0,0.56,0,60,4,Marketing
user_midmarket_386,277,41,2,5.2,7,2000.97,0,2,0,0,0.48,0,26,7,Education
user_midmarket_387,533,2,14,9.5,10,4681.05,1,0,0,0,0.81,0,48,5,Finance
user_midmarket_388,299,2,17,20.0,6,1788.19,0,0,6,0,0.47,0,8,9,Finance
user_midmarket_389,417,55,0,0.0,8,2695.7,0,1,0,0,0.59,0,52,4,SaaS
user_midmarket_390,434,3,7,6.5,7,2406.25,0,0,2,0,0.63,0,100,0,Finance
user_midmarket_391,205,5,17,31.2,5,703.7,1,0,1,0,0.68,0,42,5,Marketing
user_midmarket_392,473,16,3,3.3,12,5934.96,0,3,4,1,0.53,0,44,5,Education
user_midmarket_393,310,4,29,81.6,7,1914.34,0,3,0,0,0.96,0,35,6,Finance
user_midmarket_394,407,55,1,2.5,7,2251.23,1,1,0,0,0.51,0,58,4,E-commerce
user_midmarket_395,244,4,26,13.1,6,2936.68,0,2,0,0,0.6,0,87,1,Marketing
user_midmarket_396,254,44,2,5.1,6,1390.71,0,0,1,0,0.79,0,87,1,Education
user_midmarket_397,600,0,15,18.6,13,4104.19,0,0,0,0,0.7,0,80,2,E-commerce
user_midmarket_398,297,13,29,44.3,7,1201.02,0,3,0,0,0.66,0,86,1,Finance
user_midmarket_399,373,12,17,11.0,8,1776.42,1,2,0,0,0.6,0,37,6,Education
user_midmarket_400,427,1,14,16.9,12,2408.38,0,0,1,0,0.64,0,61,3,Marketing
user_midmarket_401,457,30,2,1.4,9,4089.19,0,0,0,0,0.7,0,45,5,Marketing
user_midmarket_402,357,59,2,1.7,6,895.73,0,1,2,0,0.64,0,43,5,SaaS
user_midmarket_403,340,58,4,9.4,5,310.66,0,0,4,0,0.82,0,26,7,SaaS
user_midmarket_404,457,9,16,25.4,7,2942.86,0,0,0,0,0.69,0,3,9,E-commerce
user_midmarket_405,354,8,24,54.0,9,3188.43,0,0,0,0,0.55,0,61,3,Marketing
user_midmarket_406,311,9,8,16.4,7,2755.47,0,0,0,0,0.69,0,96,0,Finance
user_midmarket_407,365,8,18,45.7,6,1011.45,2,0,1,0,0.37,0,0,10,Marketing
user_midmarket_408,360,11,21,15.8,8,2438.63,0,0,0,0,0.96,0,13,8,E-commerce
user_midmarket_409,238,47,1,0.8,3,203.37,0,0,1,0,0.69,0,57,4,Finance
user_midmarket_410,390,5,9,22.5,9,4279.52,1,0,0,0,0.42,0,52,4,Education
user_midmarket_411,469,52,2,5.2,12,3888.66,0,0,0,0,0.6,0,28,7,Marketing
user_midmarket_412,450,12,10,18.9,11,915.99,0,0,0,0,0.45,0,32,6,Education
user_midmarket_413,418,2,25,31.8,9,4269.65,0,1,2,0,0.8,0,64,3,E-commerce
user_midmarket_414,60,13,23,26.7,1,122.0,0,4,2,0,0.85,0,47,5,SaaS
user_midmarket_415,310,0,6,8.9,9,3714.13,1,0,0,0,0.62,0,94,0,Finance
user_midmarket_416,311,11,8,11.2,9,3718.48,0,0,1,0,0.67,0,84,1,Education
user_midmarket_417,299,4,9,23.1,5,1688.8,0,0,2,0,0.67,0,56,4,Finance
user_midmarket_418,323,8,21,51.6,6,1488.34,0,0,4,0,0.44,0,100,0,Education
user_midmarket_419,409,2,17,21.8,9,4148.39,0,0,4,0,0.9,0,71,2,Marketing
user_midmarket_420,148,54,1,1.3,2,839.91,0,0,1,0,0.51,0,39,6,Education
user_midmarket_421,308,12,17,33.0,7,2430.97,1,1,1,0,0.55,0,72,2,Marketing
user_midmarket_422,345,9,6,8.9,6,2815.48,0,4,0,0,0.7,0,79,2,Finance
user_midmarket_423,408,28,0,0.0,11,5055.16,0,0,4,2,0.84,0,87,1,Marketing
user_midmarket_424,488,23,4,7.9,15,6344.97,0,0,0,0,0.54,0,45,5,SaaS
user_midmarket_425,373,7,9,8.4,7,1561.49,1,1,0,0,0.4,0,100,0,Finance
user_midmarket_426,422,15,1,1.0,7,3271.48,0,2,5,0,0.46,0,94,0,Education
user_midmarket_427,336,11,5,4.0,10,4305.79,0,2,1,0,0.54,0,34,6,Education
user_midmarket_428,309,26,2,2.0,8,1620.62,0,0,1,0,0.44,0,54,4,E-commerce
user_midmarket_429,341,56,4,6.0,10,3855.13,0,3,1,0,0.65,0,35,6,Marketing
user_midmarket_430,341,1,14,21.9,7,2577.74,0,1,1,0,0.26,0,46,5,Education
user_midmarket_431,452,10,28,42.7,10,621.8,0,1,0,0,0.96,0,75,2,SaaS
user_midmarket_432,335,8,27,42.3,5,469.1,1,0,2,0,0.68,0,49,5,SaaS
user_midmarket_433,391,50,3,4.1,11,3439.24,0,0,2,0,0.53,0,100,0,SaaS
user_midmarket_434,388,8,28,55.4,10,1462.84,0,0,1,0,0.51,0,80,2,Finance
user_midmarket_435,433,6,17,48.7,10,2181.31,0,0,5,1,0.35,0,10,9,E-commerce
user_midmarket_436,245,10,16,13.5,4,1136.48,0,0,2,0,0.59,0,70,3,Education
user_midmarket_437,466,12,20,54.4,10,2598.54,0,1,0,0,0.56,0,66,3,Marketing
user_midmarket_438,389,54,3,7.3,9,4480.74,0,2,1,0,0.55,0,46,5,Education
user_midmarket_439,503,3,28,71.5,15,3543.63,0,0,4,0,0.5,0,51,4,SaaS
user_midmarket_440,523,30,1,2.3,14,1342.15,0,1,0,0,0.74,0,11,8,Finance
user_midmarket_441,441,2,27,64.9,13,2070.35,1,0,1,0,0.89,0,64,3,Marketing
user_midmarket_442,411,52,4,6.2,11,806.75,0,1,4,2,0.49,0,80,2,E-commerce
user_midmarket_443,295,9,13,24.5,8,3883.74,0,6,2,0,0.76,0,47,5,Education
user_midmarket_444,410,3,25,43.8,12,5043.25,0,0,1,0,0.57,0,5,9,Finance
user_midmarket_445,327,59,1,1.2,5,794.69,0,0,3,0,0.87,0,33,6,Education
user_midmarket_446,284,7,8,21.9,6,2238.51,0,2,0,0,0.61,0,48,5,Marketing
user_midmarket_447,314,11,26,15.2,9,546.3,0,0,0,0,0.71,0,76,2,E-commerce
user_midmarket_448,313,0,16,19.7,7,2832.87,0,3,2,0,0.31,0,60,4,Finance
user_midmarket_449,510,7,5,12.0,14,997.55,0,0,2,0,0.52,0,49,5,Education
user_midmarket_450,632,2,17,18.4,17,1632.26,0,0,0,0,0.95,0,58,4,SaaS
user_midmarket_451,407,13,12,18.1,11,2202.61,1,1,0,0,0.57,0,85,1,Finance
user_midmarket_452,376,5,16,21.0,10,2674.97,0,2,1,0,0.32,0,66,3,E-commerce
user_midmarket_453,411,6,10,28.6,10,4930.06,0,0,7,0,0.57,0,87,1,Education
user_midmarket_454,539,56,2,3.4,13,3940.0,0,1,3,2,0.59,0,0,10,SaaS
user_midmarket_455,449,54,2,2.2,7,636.18,0,1,1,0,0.51,0,58,4,Marketing
user_midmarket_456,302,13,20,34.0,7,2134.28,0,0,0,0,0.77,0,33,6,SaaS
user_midmarket_457,263,38,3,6.6,6,2887.55,0,0,6,2,0.84,0,71,2,Marketing
user_midmarket_458,181,7,12,14.0,4,1477.16,0,1,2,0,0.35,0,0,10,SaaS
user_midmarket_459,278,5,22,17.2,7,2256.6,0,0,1,0,0.56,0,59,4,Marketing
user_midmarket_460,337,9,19,16.1,10,2499.38,0,0,0,0,0.37,0,29,7,Marketing
user_midmarket_461,488,9,16,26.9,15,954.75,0,1,0,0,0.76,0,37,6,Marketing
user_midmarket_462,448,1,28,21.5,7,1428.97,0,0,1,0,0.61,0,76,2,E-commerce
user_midmarket_463,543,13,26,31.7,13,6142.09,0,0,2,0,0.27,0,99,0,SaaS
user_midmarket_464,406,10,21,12.8,11,3650.14,0,1,4,1,0.84,0,49,5,Education
user_midmarket_465,447,4,11,28.6,13,4955.14,1,0,1,0,0.29,0,43,5,E-commerce
user_midmarket_466,462,9,18,16.6,10,2718.99,0,2,0,0,0.16,0,55,4,E-commerce
user_midmarket_467,369,13,7,20.8,6,1935.98,1,0,3,0,0.66,0,42,5,Marketing
user_midmarket_468,383,9,29,42.3,7,1861.92,0,0,0,0,0.53,0,6,9,Finance
user_midmarket_469,182,15,0,0.0,3,633.84,1,0,1,0,0.63,0,15,8,E-commerce
user_midmarket_470,390,6,20,46.1,8,1164.89,0,0,1,0,0.56,0,26,7,Finance
user_midmarket_471,192,39,2,5.6,3,998.8,1,2,2,0,0.2,0,80,2,Marketing
user_midmarket_472,322,19,4,8.7,8,1697.98,1,0,1,0,0.46,0,58,4,SaaS
user_midmarket_473,316,7,25,58.9,6,418.55,0,0,1,0,0.61,0,48,5,Marketing
user_midmarket_474,451,23,2,4.0,11,4087.69,2,0,2,0,0.82,0,49,5,SaaS
user_midmarket_475,452,13,6,10.9,8,3029.61,0,0,0,0,1.0,0,60,4,Education
user_midmarket_476,324,32,4,6.0,5,768.11,0,0,8,1,0.65,0,9,9,E-commerce
user_midmarket_477,327,48,3,7.1,5,1970.74,0,0,0,0,0.74,0,27,7,E-commerce
user_midmarket_478,352,3,28,71.2,9,2720.32,0,1,0,0,0.4,0,70,3,Finance
user_midmarket_479,399,52,0,0.0,12,4642.51,0,1,0,0,0.68,0,53,4,Marketing
user_midmarket_480,297,4,14,8.9,7,2531.33,0,0,2,0,0.5,0,60,4,Finance
user_midmarket_481,307,4,24,44.6,9,3612.63,0,0,1,0,0.39,0,50,5,Marketing
user_midmarket_482,290,9,7,17.0,7,1498.46,0,0,1,0,0.42,0,54,4,SaaS
user_midmarket_483,281,4,6,16.5,8,2463.22,0,0,2,0,0.5,0,67,3,Finance
user_midmarket_484,443,2,14,28.7,11,3465.72,0,0,0,0,0.36,0,80,2,SaaS
user_midmarket_485,247,36,4,8.7,7,579.96,0,1,1,0,1.0,0,54,4,E-commerce
user_midmarket_486,443,11,20,10.7,8,2895.47,0,1,1,0,1.0,0,70,3,Marketing
user_midmarket_487,381,12,17,38.3,8,3025.71,0,1,0,0,0.87,0,41,5,Education
user_midmarket_488,254,36,1,0.9,5,2113.17,1,3,4,0,0.47,0,74,2,SaaS
user_midmarket_489,481,3,17,35.5,9,816.03,1,0,5,0,0.63,0,23,7,Finance
user_midmarket_490,294,0,12,11.0,6,1590.2,0,0,1,0,0.43,0,60,4,Finance
user_midmarket_491,184,4,14,40.8,5,2048.52,0,1,2,0,0.25,0,13,8,E-commerce
user_midmarket_492,329,0,17,42.9,7,352.96,0,1,4,1,0.61,0,66,3,SaaS
user_midmarket_493,528,47,4,3.4,13,4984.44,0,0,4,1,0.23,0,100,0,Finance
user_midmarket_494,486,30,1,2.2,13,2931.61,0,0,1,0,0.86,0,66,3,E-commerce
user_midmarket_495,286,8,18,48.5,4,1396.76,1,0,5,1,0.81,0,34,6,Finance
user_midmarket_496,322,13,25,62.6,8,1092.27,0,6,1,0,0.22,0,34,6,Marketing
user_midmarket_497,531,8,22,61.5,9,4231.85,0,2,6,1,0.39,0,35,6,E-commerce
user_midmarket_498,401,4,6,7.7,6,1728.79,0,0,0,0,0.62,0,27,7,Education
user_midmarket_499,507,11,24,68.2,8,2423.65,0,1,0,0,0.56,0,77,2,Finance
user_midmarket_500,235,8,10,28.3,4,926.74,0,1,1,0,0.63,0,56,4,Education
user_midmarket_501,368,59,2,4.9,9,691.04,0,0,1,0,0.44,0,34,6,Marketing
user_midmarket_502,308,8,22,28.7,5,1457.32,0,0,1,0,0.74,0,53,4,E-commerce
user_midmarket_503,450,4,19,52.5,12,1923.03,0,0,2,0,0.73,0,65,3,Finance
user_midmarket_504,291,9,26,22.3,5,1467.96,1,0,0,0,0.27,0,78,2,Marketing
user_midmarket_505,308,12,6,17.0,6,1349.56,0,0,2,0,0.83,0,92,0,Finance
user_midmarket_506,430,12,24,17.9,13,4424.13,0,0,4,4,0.51,0,52,4,SaaS
user_midmarket_507,344,6,5,8.5,8,2098.75,1,2,1,0,0.27,0,33,6,Finance
user_midmarket_508,334,5,5,12.7,9,1833.44,0,0,0,0,0.51,0,85,1,E-commerce
user_midmarket_509,447,5,7,13.5,13,4678.46,0,0,1,0,0.55,0,40,6,SaaS
user_midmarket_510,368,39,1,0.6,8,2333.71,0,1,3,0,0.09,0,64,3,Education
user_midmarket_511,285,4,24,13.3,7,822.89,0,0,2,0,0.53,0,13,8,Education
user_midmarket_512,404,19,4,10.4,11,4946.96,0,0,2,0,0.23,0,68,3,SaaS
user_midmarket_513,475,44,1,1.8,13,5758.83,0,1,3,2,0.83,0,62,3,Marketing
user_midmarket_514,295,2,6,17.1,6,2450.32,0,0,1,0,0.31,0,70,3,Finance
user_midmarket_515,281,12,8,7.2,5,1833.66,0,0,1,0,0.44,0,5,9,E-commerce
user_midmarket_516,350,35,4,4.3,9,4195.28,0,4,0,0,0.92,0,30,7,Finance
user_midmarket_517,262,11,16,27.0,4,720.82,0,0,0,0,0.55,0,46,5,Finance
user_midmarket_518,396,9,27,32.3,7,3132.31,0,1,1,0,0.51,0,38,6,Finance
user_midmarket_519,212,10,13,6.5,6,1855.41,0,0,2,0,0.84,0,0,10,Finance
user_midmarket_520,311,2,6,7.0,8,2155.71,0,2,0,0,0.28,0,42,5,Finance
user_midmarket_521,451,7,15,9.9,14,5572.84,0,0,0,0,0.76,0,34,6,Marketing
user_midmarket_522,216,52,3,9.0,4,1942.71,0,2,3,1,0.69,0,31,6,Marketing
user_midmarket_523,493,53,1,0.6,11,1538.25,0,2,0,0,0.62,0,80,2,SaaS
user_midmarket_524,407,41,3,7.3,12,2485.01,1,1,3,0,0.51,0,67,3,Marketing
user_midmarket_525,389,1,19,46.7,11,3759.59,0,3,1,0,0.49,0,22,7,Finance
user_midmarket_526,246,10,25,51.6,5,1092.84,1,4,0,0,0.49,0,91,0,Marketing
user_midmarket_527,492,4,25,63.3,9,675.45,0,0,0,0,0.81,0,82,1,E-commerce
user_midmarket_528,404,37,2,5.3,7,2096.72,0,0,0,0,0.66,0,62,3,Marketing
user_midmarket_529,473,37,2,4.1,11,3307.25,0,0,1,0,0.68,0,52,4,Education
user_midmarket_530,198,29,3,4.1,4,808.6,1,0,2,0,0.62,0,55,4,E-commerce
user_midmarket_531,404,59,2,3.9,11,4262.67,1,0,1,0,0.79,0,71,2,Finance
user_midmarket_532,647,0,18,16.0,17,1448.07,0,1,0,0,0.35,0,13,8,SaaS
user_midmarket_533,374,4,11,12.4,9,3426.51,0,3,1,0,0.66,0,74,2,Education
user_midmarket_534,261,8,9,12.7,4,1974.58,0,2,3,2,0.71,0,66,3,Marketing
user_midmarket_535,361,11,7,10.9,10,1264.99,0,3,3,1,0.82,0,47,5,Finance
user_midmarket_536,402,53,1,1.6,9,1161.55,0,1,0,0,0.34,0,94,0,E-commerce
user_midmarket_537,601,4,23,29.9,19,4296.46,2,0,1,0,0.63,0,32,6,Education
user_midmarket_538,454,8,12,29.2,10,4327.68,0,1,1,0,0.77,0,39,6,E-commerce
user_midmarket_539,331,8,27,47.7,10,2534.96,0,0,4,2,0.74,0,35,6,E-commerce
user_midmarket_540,538,9,20,48.5,13,5366.67,0,1,2,0,0.0,0,64,3,E-commerce
user_midmarket_541,245,4,12,32.5,4,220.18,0,2,1,0,0.6,0,19,8,E-commerce
user_midmarket_542,349,1,25,49.2,9,3736.85,0,2,2,0,0.51,0,39,6,E-commerce
user_midmarket_543,455,24,2,4.0,10,1535.31,0,0,0,0,0.4,0,67,3,SaaS
user_midmarket_544,400,31,3,3.2,6,1620.08,0,0,4,0,0.62,0,100,0,Finance
user_midmarket_545,216,5,17,44.5,3,869.27,0,1,1,0,0.57,0,41,5,Finance
user_midmarket_546,339,58,4,8.9,7,2444.34,0,2,0,0,0.74,0,80,2,Education
user_midmarket_547,280,39,3,6.1,7,2053.05,0,0,2,0,0.25,0,60,4,Finance
user_midmarket_548,310,57,2,1.5,8,1317.72,0,0,2,0,0.46,0,72,2,E-commerce
user_midmarket_549,423,1,29,49.9,13,2720.84,0,4,2,0,0.72,0,22,7,Education
user_midmarket_550,544,10,29,47.4,17,2251.44,0,0,1,0,0.55,0,67,3,Finance
user_midmarket_551,309,1,22,49.9,7,2981.8,1,0,0,0,0.85,0,60,4,Education
user_midmarket_552,345,19,3,6.3,7,2251.72,1,1,0,0,0.52,0,79,2,Marketing
user_midmarket_553,333,46,4,3.7,9,4117.45,1,0,5,1,0.58,0,71,2,Marketing
user_midmarket_554,343,28,4,10.5,7,2659.72,0,1,1,0,1.0,0,44,5,Finance
user_midmarket_555,252,5,20,41.8,5,1391.02,0,2,4,0,0.96,0,32,6,Marketing
user_midmarket_556,276,7,8,14.5,5,1881.41,0,1,1,0,0.52,0,80,2,Education
user_midmarket_557,454,43,3,7.4,9,3848.9,0,0,4,2,0.49,0,57,4,Education
user_midmarket_558,495,23,1,1.3,8,3526.11,0,0,1,0,0.49,0,74,2,Finance
user_midmarket_559,238,3,10,26.4,5,1951.43,0,0,1,0,0.56,0,26,7,Marketing
user_midmarket_560,299,12,8,10.9,7,2127.35,0,5,2,0,0.58,0,82,1,E-commerce
user_midmarket_561,407,13,10,7.8,10,2237.83,0,1,1,0,0.95,0,19,8,Marketing
user_midmarket_562,245,18,3,4.4,7,721.84,0,0,0,0,0.65,0,70,3,SaaS
user_midmarket_563,350,0,26,16.2,8,2876.05,1,0,0,0,0.55,0,50,5,SaaS
user_midmarket_564,229,37,2,2.0,6,2952.73,1,1,0,0,0.5,0,92,0,Education
user_midmarket_565,356,2,7,6.9,10,3388.97,1,0,4,0,0.46,0,60,4,SaaS
user_midmarket_566,341,13,7,18.0,7,2077.85,0,0,6,0,0.5,0,70,3,E-commerce
user_midmarket_567,439,12,17,24.2,12,3419.47,0,1,1,0,0.52,0,0,10,Finance
user_midmarket_568,372,10,10,15.1,11,2995.82,0,0,0,0,0.55,0,17,8,Finance
user_midmarket_569,513,0,27,20.3,10,4584.75,0,3,1,0,0.6,0,63,3,Finance
user_midmarket_570,311,12,12,36.0,8,2785.21,0,1,0,0,0.48,0,79,2,SaaS
user_midmarket_571,443,7,15,22.7,11,3125.16,0,0,0,0,0.88,0,63,3,Education
user_midmarket_572,333,24,4,7.3,7,761.49,0,1,4,1,0.54,0,36,6,Finance
user_midmarket_573,261,45,2,5.0,5,1321.4,0,2,3,0,0.89,0,47,5,SaaS
user_midmarket_574,292,3,6,17.7,5,1909.3,0,0,1,0,0.29,0,25,7,Finance
user_midmarket_575,463,2,23,52.6,11,3867.53,0,0,0,0,0.57,0,42,5,Marketing
user_midmarket_576,225,10,12,13.1,6,2611.26,0,1,1,0,0.68,0,40,6,E-commerce
user_midmarket_577,613,4,23,34.1,16,5538.13,0,0,2,0,0.84,0,28,7,Finance
user_midmarket_578,330,2,24,14.3,9,1572.7,0,4,0,0,0.54,0,72,2,Marketing
user_midmarket_579,342,6,19,36.2,6,1275.43,0,0,4,0,0.54,0,53,4,Education
user_midmarket_580,305,28,0,0.0,6,767.72,0,0,3,1,0.71,0,87,1,Education
user_midmarket_581,416,1,19,35.2,7,2094.3,0,3,4,3,0.64,0,100,0,Marketing
user_midmarket_582,299,23,4,4.5,8,3732.23,0,0,0,0,0.43,0,49,5,Marketing
user_midmarket_583,204,10,27,64.1,3,1180.61,1,1,1,0,0.6,0,47,5,Marketing
user_midmarket_584,519,3,10,21.9,10,3896.51,0,0,1,0,0.43,0,43,5,Marketing
user_midmarket_585,254,23,4,2.8,5,1930.98,0,0,3,1,0.46,0,84,1,Marketing
user_midmarket_586,391,29,3,3.6,9,783.96,0,0,0,0,0.43,0,77,2,Marketing
user_midmarket_587,369,4,16,29.4,11,5300.36,0,2,2,0,0.72,0,71,2,SaaS
user_midmarket_588,273,56,3,7.2,6,2315.85,0,1,3,1,0.22,0,45,5,Finance
user_midmarket_589,453,2,19,31.0,11,2448.61,1,0,1,0,0.75,0,55,4,Finance
user_midmarket_590,287,2,9,5.0,6,2996.09,0,4,0,0,1.0,0,44,5,E-commerce
user_midmarket_591,501,4,5,10.5,12,2326.41,0,3,2,0,0.49,0,42,5,Finance
user_midmarket_592,356,51,0,0.0,7,2604.14,0,0,0,0,0.45,0,45,5,Marketing
user_midmarket_593,272,26,4,2.9,7,3437.03,0,2,1,0,0.61,0,31,6,Education
user_midmarket_594,333,31,4,8.8,8,3161.6,0,0,1,0,0.68,0,49,5,E-commerce
user_midmarket_595,307,12,25,49.2,7,2137.98,0,1,1,0,0.69,0,97,0,E-commerce
user_midmarket_596,340,6,12,13.7,9,718.35,0,4,0,0,0.54,0,69,3,Education
user_midmarket_597,445,9,26,16.5,11,3779.52,0,2,0,0,0.47,0,44,5,E-commerce
user_midmarket_598,393,6,11,31.0,11,2121.82,0,1,3,2,0.61,0,79,2,SaaS
user_midmarket_599,447,54,1,1.3,7,2980.64,0,0,0,0,0.68,0,22,7,SaaS
user_midmarket_600,333,54,4,10.4,6,1802.88,0,4,0,0,0.45,0,44,5,E-commerce
user_midmarket_601,332,23,3,1.8,6,964.13,0,0,2,0,0.34,0,38,6,Education
user_midmarket_602,454,9,27,49.0,8,2038.38,0,0,2,0,0.64,0,92,0,Education
user_midmarket_603,309,2,5,3.1,8,3514.59,2,0,3,0,0.59,0,68,3,E-commerce
user_midmarket_604,441,7,8,23.9,11,2496.19,0,0,1,0,0.5,0,27,7,Education
user_midmarket_605,370,13,26,23.0,10,2769.95,1,0,0,0,0.95,0,98,0,SaaS
user_midmarket_606,441,43,3,7.2,13,1072.82,0,2,1,0,0.65,0,47,5,Finance
user_midmarket_607,380,33,1,2.5,11,5139.78,0,1,2,0,0.49,0,36,6,Marketing
user_midmarket_608,529,39,0,0.0,15,4444.2,0,0,2,0,0.62,0,85,1,Education
user_midmarket_609,359,39,4,2.7,8,1608.9,0,0,0,0,0.82,0,51,4,Finance
user_midmarket_610,273,47,2,1.6,5,429.62,0,3,3,1,0.83,0,22,7,Finance
user_midmarket_611,383,55,0,0.0,10,594.22,0,3,0,0,0.34,0,33,6,SaaS
user_midmarket_612,341,23,3,7.0,9,1229.54,0,1,0,0,0.61,0,7,9,E-commerce
user_midmarket_613,400,44,2,3.3,8,1361.86,0,0,0,0,0.05,0,72,2,Finance
user_midmarket_614,401,3,22,43.2,8,3133.71,0,2,0,0,0.74,0,47,5,E-commerce
user_midmarket_615,500,41,3,4.2,8,2189.5,1,0,5,0,0.97,0,97,0,SaaS
user_midmarket_616,423,42,0,0.0,8,2280.42,0,5,0,0,0.67,0,51,4,Finance
user_midmarket_617,319,31,1,2.0,7,2989.91,0,0,0,0,0.3,0,47,5,Marketing
user_midmarket_618,374,4,18,49.9,11,4256.05,0,3,0,0,0.61,0,61,3,Marketing
user_midmarket_619,394,8,10,18.1,6,906.78,0,0,3,0,0.33,0,60,4,Finance
user_midmarket_620,212,7,19,22.3,3,217.83,0,0,2,0,0.51,0,42,5,Marketing
user_midmarket_621,351,0,24,40.0,10,1033.67,0,0,5,0,0.85,0,73,2,Education
user_midmarket_622,403,22,2,2.0,12,1064.33,0,0,1,0,0.9,0,56,4,SaaS
user_midmarket_623,421,2,16,11.3,12,5923.93,0,0,5,1,0.8,0,43,5,E-commerce
user_midmarket_624,233,11,5,10.7,6,1889.76,0,0,0,0,0.4,0,100,0,Finance
user_midmarket_625,541,5,16,16.4,13,6080.89,0,3,2,0,0.8,0,51,4,Education
user_midmarket_626,208,13,5,10.2,3,449.01,0,0,0,0,0.71,0,72,2,E-commerce
user_midmarket_627,268,46,0,0.0,7,3471.53,0,1,1,0,0.48,0,52,4,Finance
user_midmarket_628,314,7,11,29.6,5,2250.61,0,2,2,0,0.84,0,59,4,Finance
user_midmarket_629,362,8,6,6.2,6,593.51,1,3,0,0,0.83,0,91,0,E-commerce
user_midmarket_630,517,13,18,44.1,11,3346.62,1,1,0,0,0.22,0,34,6,E-commerce
user_midmarket_631,296,9,26,29.0,6,1977.81,0,0,3,2,0.35,0,74,2,E-commerce
user_midmarket_632,127,20,0,0.0,2,509.37,0,0,1,0,0.56,0,38,6,Marketing
user_midmarket_633,371,22,3,2.1,11,3876.62,0,0,0,0,0.41,0,19,8,Education
user_midmarket_634,390,40,4,7.4,8,1911.89,0,1,0,0,0.43,0,88,1,E-commerce
user_midmarket_635,433,0,22,54.8,10,4218.73,0,1,4,1,0.52,0,15,8,Marketing
user_midmarket_636,221,13,29,23.8,5,2042.06,1,1,0,0,0.26,0,63,3,Marketing
user_midmarket_637,233,9,5,8.0,6,1653.27,0,0,3,0,0.38,0,66,3,Education
user_midmarket_638,318,5,9,7.6,6,898.75,0,1,0,0,0.72,0,50,5,SaaS
user_midmarket_639,431,31,1,1.3,8,1803.04,0,3,6,0,0.68,0,29,7,Finance
user_midmarket_640,278,9,15,35.7,7,2718.86,2,4,1,0,0.52,0,100,0,E-commerce
user_midmarket_641,322,9,11,24.6,5,2053.7,1,4,7,0,0.53,0,24,7,E-commerce
user_midmarket_642,164,8,28,36.7,3,789.66,0,0,1,0,0.53,0,35,6,E-commerce
user_midmarket_643,292,10,27,45.9,8,3349.27,3,1,5,2,0.24,0,100,0,E-commerce
user_midmarket_644,602,0,19,25.9,17,3758.77,0,2,0,0,0.98,0,65,3,Education
user_midmarket_645,358,9,25,32.5,7,571.64,0,1,2,0,0.07,0,69,3,Marketing
user_midmarket_646,218,6,20,11.3,3,769.89,0,1,2,0,0.58,0,47,5,SaaS
user_midmarket_647,387,57,3,7.5,9,2343.99,0,0,1,0,0.54,0,73,2,Marketing
user_midmarket_648,330,2,23,13.0,6,1068.28,0,0,0,0,0.46,0,80,2,Marketing
user_midmarket_649,121,42,2,3.6,3,238.74,1,0,6,2,0.36,0,25,7,E-commerce
user_midmarket_650,409,5,12,14.0,6,1238.16,0,2,0,0,0.54,0,60,4,E-commerce
user_midmarket_651,426,58,3,5.0,8,1794.63,0,0,0,0,0.62,0,63,3,Marketing
user_midmarket_652,326,35,2,1.2,6,2520.66,0,0,0,0,0.68,0,17,8,Finance
user_midmarket_653,422,53,1,0.6,7,3292.91,0,0,0,0,0.33,0,44,5,Marketing
user_midmarket_654,406,50,1,1.3,6,1680.12,0,2,2,0,0.92,0,43,5,SaaS
user_midmarket_655,313,8,25,17.7,8,3942.91,0,0,1,0,0.77,0,8,9,SaaS
user_midmarket_656,502,36,1,1.9,15,1806.23,0,0,3,0,0.66,0,38,6,Marketing
user_midmarket_657,381,5,15,8.5,7,3006.84,1,0,0,0,0.73,0,50,5,Education
user_midmarket_658,383,8,5,7.3,7,1280.55,0,5,0,0,0.49,0,55,4,E-commerce
user_midmarket_659,443,48,2,2.1,7,376.65,0,0,4,3,0.83,0,81,1,SaaS
user_midmarket_660,537,50,0,0.0,13,2692.6,1,0,1,0,0.74,0,0,10,SaaS
user_midmarket_661,384,0,17,19.1,8,1262.87,0,3,1,0,0.85,0,57,4,Finance
user_midmarket_662,439,44,3,7.9,11,1665.91,0,0,0,0,1.0,0,91,0,Marketing
user_midmarket_663,487,54,4,7.6,15,6107.69,0,0,0,0,0.5,0,1,9,Finance
user_midmarket_664,340,32,3,4.2,7,443.87,0,3,1,0,0.85,0,73,2,E-commerce
user_midmarket_665,526,58,2,4.2,8,1111.23,0,0,1,0,0.55,0,61,3,Finance
user_midmarket_666,489,29,2,2.8,12,3059.71,0,0,0,0,1.0,0,64,3,Marketing
user_midmarket_667,321,41,4,11.2,9,3823.67,1,0,0,0,0.64,0,33,6,Education
user_midmarket_668,343,10,16,21.3,5,448.71,0,0,0,0,0.34,0,24,7,E-commerce
user_midmarket_669,316,13,8,7.9,5,1835.08,0,1,0,0,0.92,0,67,3,Education
user_midmarket_670,423,30,3,8.0,8,3978.76,0,0,1,0,0.77,0,67,3,Marketing
user_midmarket_671,336,44,3,7.0,8,2302.44,0,0,3,0,0.76,0,73,2,Marketing
user_midmarket_672,370,6,29,38.7,11,2107.93,0,0,0,0,0.91,0,78,2,E-commerce
user_midmarket_673,400,2,17,19.8,7,3090.44,0,0,1,0,0.59,0,52,4,Finance
user_midmarket_674,391,8,24,13.9,12,5150.9,0,0,1,0,0.76,0,37,6,E-commerce
user_midmarket_675,454,12,27,55.7,12,3585.56,0,0,6,0,0.41,0,57,4,E-commerce
user_midmarket_676,524,2,20,39.6,15,7092.67,0,3,1,0,0.39,0,44,5,Education
user_midmarket_677,409,15,3,7.6,7,1326.36,0,1,0,0,0.05,0,46,5,Finance
user_midmarket_678,309,35,1,1.2,5,777.29,0,0,1,0,0.7,0,79,2,Education
user_midmarket_679,291,20,0,0.0,7,992.46,0,4,1,0,0.81,0,54,4,Education
user_midmarket_680,335,4,28,38.7,8,1021.35,0,0,5,2,0.7,0,43,5,Marketing
user_midmarket_681,310,12,8,11.1,6,2732.15,0,0,0,0,0.61,0,64,3,SaaS
user_midmarket_682,136,11,19,11.4,3,1361.31,1,1,3,0,0.4,0,23,7,E-commerce
user_midmarket_683,480,12,20,45.4,8,2287.88,1,0,0,0,0.65,0,67,3,E-commerce
user_midmarket_684,459,5,13,18.5,8,590.83,0,2,2,0,0.78,0,42,5,Marketing
user_midmarket_685,444,39,2,2.0,8,2455.25,0,3,0,0,0.61,0,46,5,Finance
user_midmarket_686,485,5,23,40.9,11,4802.2,0,1,3,2,0.7,0,60,4,Marketing
user_midmarket_687,422,0,24,29.2,12,4957.68,0,0,0,0,0.32,0,80,2,SaaS
user_midmarket_688,460,4,23,65.7,9,814.82,0,4,0,0,0.71,0,93,0,E-commerce
user_midmarket_689,451,13,18,16.3,11,4509.68,0,3,8,0,0.51,0,62,3,SaaS
user_midmarket_690,470,10,27,53.9,13,1502.55,4,0,4,3,0.32,0,46,5,Education
user_midmarket_691,328,37,2,2.8,5,1646.14,0,0,4,0,0.79,0,49,5,Finance
user_midmarket_692,83,35,3,8.1,1,380.95,0,2,0,0,0.78,0,0,10,Marketing
user_midmarket_693,304,2,14,25.5,7,2405.06,0,0,2,0,0.37,0,88,1,Education
user_midmarket_694,405,39,3,8.9,9,4157.57,1,2,2,0,0.9,0,37,6,E-commerce
user_midmarket_695,462,3,22,38.2,10,3317.54,0,0,4,3,0.8,0,29,7,Marketing
user_midmarket_696,236,9,20,52.9,3,634.5,0,2,1,0,0.63,0,63,3,Education
user_midmarket_697,286,12,25,13.9,8,2541.52,0,0,1,0,0.37,0,22,7,Marketing
user_midmarket_698,194,2,5,9.4,4,644.93,0,3,1,0,0.71,0,40,6,SaaS
user_midmarket_699,171,9,14,40.4,4,1137.03,0,0,2,0,0.83,0,84,1,E-commerce
user_midmarket_700,494,11,8,18.8,8,1380.44,1,1,2,0,0.82,0,10,9,Education
user_midmarket_701,439,24,4,7.2,9,1337.82,2,3,0,0,0.62,0,87,1,Finance
user_midmarket_702,338,2,16,14.5,8,3529.39,0,0,1,0,0.65,0,0,10,E-commerce
user_midmarket_703,426,9,5,11.1,13,5873.4,0,0,1,0,0.97,0,63,3,Finance
user_midmarket_704,306,25,2,1.2,6,1669.27,0,0,1,0,0.86,0,24,7,E-commerce
user_midmarket_705,330,34,4,2.9,8,1227.69,0,3,0,0,0.58,0,46,5,Education
user_midmarket_706,308,8,8,21.5,6,747.86,0,2,1,0,0.66,0,12,8,Marketing
user_midmarket_707,359,51,2,4.8,6,2115.82,0,0,3,1,0.62,0,88,1,Education
user_midmarket_708,236,1,5,9.4,4,516.18,1,2,6,0,0.73,0,26,7,Marketing
user_midmarket_709,389,3,20,41.4,8,2510.52,0,3,3,3,0.27,0,40,6,Marketing
user_midmarket_710,387,17,1,1.2,8,3691.67,0,1,4,2,0.58,0,78,2,SaaS
user_midmarket_711,478,13,13,38.8,11,2324.24,1,0,1,0,0.83,0,27,7,Education
user_midmarket_712,548,49,4,5.8,11,4058.42,0,0,6,3,1.0,0,70,3,E-commerce
user_midmarket_713,465,27,0,0.0,8,993.79,1,1,2,0,0.33,0,41,5,SaaS
user_midmarket_714,412,9,16,9.7,9,4413.26,1,2,0,0,0.67,0,34,6,SaaS
user_midmarket_715,484,12,13,24.7,11,5158.96,0,0,0,0,0.71,0,52,4,Finance
user_midmarket_716,185,5,5,14.0,4,1130.16,0,3,1,0,0.63,0,79,2,E-commerce
user_midmarket_717,301,42,3,8.7,9,2510.81,1,0,4,0,0.5,0,45,5,SaaS
user_midmarket_718,268,1,14,40.0,5,1943.16,0,3,4,0,0.33,0,41,5,Education
user_midmarket_719,460,12,6,10.0,8,2655.15,0,0,0,0,0.69,0,33,6,Marketing
user_midmarket_720,318,35,2,5.1,8,3958.68,0,6,1,0,0.55,0,63,3,SaaS
user_midmarket_721,658,4,15,29.3,13,1792.26,0,1,3,0,0.46,0,98,0,Marketing
user_midmarket_722,362,12,20,44.1,11,4214.73,0,1,1,0,0.36,0,44,5,Finance
user_midmarket_723,382,32,3,7.4,9,4207.72,0,3,5,0,0.56,0,81,1,SaaS
user_midmarket_724,397,4,5,8.8,11,3227.51,0,0,1,0,0.64,0,74,2,E-commerce
user_midmarket_725,327,9,27,65.2,5,1842.3,0,0,1,0,0.56,0,84,1,Finance
user_midmarket_726,373,3,21,28.0,8,2419.02,0,2,0,0,1.0,0,51,4,Education
user_midmarket_727,310,4,27,51.3,5,2336.95,0,0,2,0,0.49,0,40,6,Education
user_midmarket_728,263,5,25,64.6,6,1194.15,0,0,0,0,0.46,0,78,2,SaaS
user_midmarket_729,430,3,6,4.9,9,800.01,0,4,0,0,0.76,0,44,5,Finance
user_midmarket_730,325,9,12,22.2,6,948.54,0,0,1,0,0.61,0,35,6,Finance
user_midmarket_731,581,8,19,47.4,12,4405.72,1,0,2,0,0.25,0,0,10,E-commerce
user_midmarket_732,594,10,28,56.9,14,6964.68,0,0,2,0,0.35,0,90,1,SaaS
user_midmarket_733,613,6,28,78.1,15,2987.09,0,0,1,0,0.79,0,71,2,Finance
user_midmarket_734,279,44,3,2.1,7,492.37,0,0,4,3,0.5,0,70,3,SaaS
user_midmarket_735,167,13,11,18.9,4,1783.33,0,0,0,0,0.31,0,85,1,SaaS
user_midmarket_736,131,25,1,2.8,3,781.16,0,1,1,0,0.52,0,72,2,Finance
user_midmarket_737,363,2,7,15.6,10,1150.47,0,0,0,0,0.67,0,0,10,Marketing
user_midmarket_738,329,13,18,12.2,6,1365.21,0,0,5,1,0.81,0,43,5,SaaS
user_midmarket_739,422,26,4,2.6,9,3253.01,0,0,1,0,0.4,0,88,1,SaaS
user_midmarket_740,600,34,4,7.6,11,1341.68,0,0,0,0,0.5,0,20,8,Finance
user_midmarket_741,355,30,4,7.0,8,3090.73,0,5,3,1,0.61,0,28,7,Education
user_midmarket_742,205,35,0,0.0,4,1368.9,0,0,1,0,0.48,0,50,5,Marketing
user_midmarket_743,512,6,17,20.6,10,1940.48,0,0,1,0,0.68,0,54,4,Education
user_midmarket_744,354,4,9,7.3,7,731.03,0,1,3,0,0.63,0,76,2,SaaS
user_midmarket_745,300,0,12,31.7,5,878.09,0,1,0,0,0.76,0,84,1,SaaS
user_midmarket_746,290,57,3,8.7,6,2833.34,0,0,2,0,0.35,0,93,0,Marketing
user_midmarket_747,240,12,18,24.9,7,979.32,0,0,6,3,0.4,0,39,6,Finance
user_midmarket_748,437,6,17,26.1,9,753.16,1,2,1,0,0.71,0,79,2,E-commerce
user_midmarket_749,505,19,4,8.1,14,2192.79,1,1,3,1,0.61,0,85,1,Marketing
user_midmarket_750,149,13,25,28.5,3,917.89,0,0,0,0,0.66,0,82,1,Education
user_midmarket_751,242,6,15,33.0,4,1442.78,0,0,1,0,0.62,0,41,5,SaaS
user_midmarket_752,430,4,13,27.4,9,1993.42,0,1,8,0,0.71,0,25,7,SaaS
user_midmarket_753,292,3,29,82.6,7,669.85,1,0,0,0,0.75,0,19,8,Finance
user_midmarket_754,315,2,13,27.9,5,1180.84,1,0,1,0,0.78,0,48,5,Marketing
user_midmarket_755,488,0,7,19.1,15,5598.63,0,0,5,1,0.39,0,61,3,E-commerce
user_midmarket_756,359,13,25,64.0,10,1332.98,0,0,2,0,1.0,0,16,8,SaaS
user_midmarket_757,283,58,3,7.4,5,610.54,0,0,0,0,0.57,0,85,1,Education
user_midmarket_758,355,29,3,7.2,9,1498.44,0,0,0,0,0.43,0,65,3,Education
user_midmarket_759,344,4,11,20.6,6,2980.67,0,0,2,0,0.5,0,32,6,Finance
user_midmarket_760,273,15,2,5.2,7,2762.8,0,0,2,0,0.48,0,76,2,Marketing
user_midmarket_761,282,44,1,0.5,4,640.53,0,2,0,0,0.59,0,85,1,SaaS
user_midmarket_762,375,37,4,11.8,10,1268.46,0,3,1,0,0.2,0,61,3,E-commerce
user_midmarket_763,448,11,27,24.4,12,3434.35,0,0,0,0,0.71,0,68,3,Finance
user_midmarket_764,440,24,2,1.7,9,627.86,1,1,1,0,0.24,0,60,4,SaaS
user_midmarket_765,338,49,1,2.9,6,1164.21,0,1,2,0,0.63,0,79,2,Finance
user_midmarket_766,355,3,29,27.2,9,1125.84,0,0,1,0,0.4,0,64,3,Marketing
user_midmarket_767,238,34,2,5.8,6,2423.63,0,2,3,2,0.83,0,71,2,Marketing
user_midmarket_768,495,1,27,52.4,12,3871.81,0,0,4,0,0.86,0,60,4,Education
user_midmarket_769,316,12,18,40.0,7,832.23,0,0,1,0,0.83,0,76,2,Finance
user_midmarket_770,462,34,4,3.9,11,610.09,1,5,1,0,0.74,0,80,2,Education
user_midmarket_771,541,4,23,19.7,17,4689.4,1,2,1,0,0.63,0,87,1,Education
user_midmarket_772,571,11,20,31.4,9,950.85,1,0,1,0,0.57,0,69,3,SaaS
user_midmarket_773,287,3,10,12.0,6,2514.48,0,2,4,1,0.16,0,51,4,Marketing
user_midmarket_774,445,24,0,0.0,12,2716.94,2,1,2,0,0.76,0,55,4,Education
user_midmarket_775,191,9,25,30.0,5,363.7,0,2,2,0,0.62,0,66,3,SaaS
user_midmarket_776,341,36,4,11.7,10,983.79,0,0,2,0,0.25,0,49,5,Education
user_midmarket_777,412,3,18,32.5,12,1756.47,0,1,4,2,0.86,0,57,4,E-commerce
user_midmarket_778,413,8,27,29.8,9,3637.84,1,6,1,0,0.72,0,71,2,Education
user_midmarket_779,298,33,3,2.0,8,518.92,0,0,2,0,0.62,0,70,3,SaaS
user_midmarket_780,439,32,1,1.6,11,3717.54,0,0,3,0,0.38,0,78,2,Finance
user_midmarket_781,255,47,4,8.4,5,1373.27,0,0,4,2,0.58,0,85,1,Marketing
user_midmarket_782,210,6,14,8.2,6,465.77,0,1,0,0,0.67,0,53,4,Marketing
user_midmarket_783,485,37,1,1.6,13,2177.61,0,1,0,0,0.66,0,74,2,SaaS
user_midmarket_784,289,10,16,45.9,8,3984.45,0,0,1,0,0.56,0,59,4,Marketing
user_midmarket_785,398,11,10,27.2,8,3065.39,0,0,4,4,0.41,0,70,3,Education
user_midmarket_786,360,27,1,1.6,9,3586.21,1,2,4,0,0.38,0,62,3,E-commerce
user_midmarket_787,397,33,0,0.0,9,3027.82,0,0,0,0,0.4,0,100,0,Education
user_midmarket_788,505,1,16,31.1,13,2267.39,1,1,0,0,0.79,0,71,2,E-commerce
user_midmarket_789,199,13,8,13.9,3,198.69,0,2,0,0,0.42,0,41,5,Marketing
user_midmarket_790,421,13,7,11.7,12,4206.74,0,1,0,0,0.64,0,31,6,E-commerce
user_midmarket_791,239,13,25,44.2,5,2454.11,0,0,4,3,0.81,0,30,7,Education
user_midmarket_792,304,6,19,53.6,6,600.18,1,0,1,0,0.13,0,43,5,Finance
user_midmarket_793,293,9,26,53.4,7,3011.93,0,2,4,0,0.82,0,39,6,Finance
user_midmarket_794,324,6,14,32.6,8,2926.24,0,0,0,0,0.67,0,82,1,SaaS
user_midmarket_795,532,37,3,4.4,14,1384.16,1,0,1,0,0.44,0,63,3,SaaS
user_midmarket_796,402,54,0,0.0,8,3004.46,0,1,0,0,0.86,0,43,5,Marketing
user_midmarket_797,430,32,2,3.9,11,3138.92,0,5,2,0,0.55,0,79,2,Finance
user_midmarket_798,406,6,21,22.1,11,4426.51,1,0,1,0,0.39,0,60,4,Marketing
user_midmarket_799,338,12,6,3.6,9,1081.48,0,0,1,0,0.35,0,26,7,Marketing
user_midmarket_800,398,13,23,56.3,12,2007.02,0,1,0,0,0.93,0,91,0,Marketing
user_midmarket_801,380,3,11,5.6,8,3134.56,0,0,3,1,0.49,0,26,7,Marketing
user_midmarket_802,226,15,4,5.6,5,1739.26,0,3,0,0,0.36,0,46,5,E-commerce
user_midmarket_803,505,34,4,7.3,8,3688.35,0,0,2,0,0.84,0,36,6,SaaS
user_midmarket_804,450,57,3,5.8,10,2817.05,0,4,0,0,0.6,0,20,8,Education
user_midmarket_805,311,1,9,22.7,7,2213.19,0,0,5,2,0.09,0,42,5,SaaS
user_midmarket_806,302,54,1,2.2,8,1622.57,0,0,4,2,0.57,0,30,7,E-commerce
user_midmarket_807,292,18,0,0.0,5,1073.08,0,0,0,0,0.57,0,86,1,SaaS
user_midmarket_808,290,27,3,6.2,6,1887.95,1,1,4,2,0.77,0,40,6,SaaS
user_midmarket_809,425,16,0,0.0,8,2054.71,1,0,1,0,0.38,0,41,5,Education
user_midmarket_810,443,51,2,5.1,7,1442.36,0,3,0,0,0.18,0,48,5,SaaS
user_midmarket_811,173,58,1,1.6,2,244.85,0,0,0,0,0.6,0,65,3,Marketing
user_midmarket_812,414,35,0,0.0,8,3109.62,0,0,0,0,0.44,0,88,1,Education
user_midmarket_813,342,22,4,6.6,5,2322.52,0,0,0,0,0.54,0,10,9,E-commerce
user_midmarket_814,562,7,25,70.4,10,2203.43,1,1,2,0,0.62,0,0,10,E-commerce
user_midmarket_815,343,0,19,12.7,9,568.21,0,0,0,0,0.65,0,31,6,Marketing
user_midmarket_816,448,37,0,0.0,9,3042.63,0,0,4,0,0.42,0,42,5,SaaS
user_midmarket_817,316,0,20,13.4,6,1992.31,0,1,0,0,0.33,0,80,2,Finance
user_midmarket_818,303,16,2,2.0,9,3133.56,0,0,3,1,0.61,0,45,5,Marketing
user_midmarket_819,406,6,16,29.0,7,2263.87,0,4,2,0,0.69,0,81,1,Finance
user_midmarket_820,208,9,17,9.2,5,932.8,0,4,0,0,0.73,0,67,3,Finance
user_midmarket_821,411,58,1,0.8,10,2228.05,0,1,1,0,0.82,0,55,4,E-commerce
user_midmarket_822,463,23,0,0.0,10,664.56,0,0,3,1,0.63,0,48,5,Education
user_midmarket_823,405,56,2,1.8,9,519.48,0,0,1,0,0.84,0,42,5,SaaS
user_midmarket_824,380,37,1,0.6,7,1553.1,0,0,6,0,0.96,0,34,6,Finance
user_midmarket_825,371,1,18,52.1,6,2711.18,1,0,1,0,0.54,0,57,4,Marketing
user_midmarket_826,442,0,28,58.9,12,2916.93,0,2,0,0,0.61,0,63,3,Marketing
user_midmarket_827,258,57,0,0.0,7,1989.6,0,0,1,0,0.47,0,56,4,SaaS
user_midmarket_828,445,8,8,8.8,11,3345.31,0,0,0,0,0.31,0,58,4,Marketing
user_midmarket_829,512,6,12,21.0,14,4767.56,0,0,0,0,0.75,0,100,0,SaaS
user_midmarket_830,98,10,10,14.3,1,499.22,0,0,0,0,0.7,0,41,5,SaaS
user_midmarket_831,213,19,1,0.6,4,912.33,0,0,1,0,0.68,0,8,9,Marketing
user_midmarket_832,330,13,18,28.5,6,1624.4,0,0,0,0,0.28,0,0,10,Marketing
user_midmarket_833,360,3,28,58.8,6,2737.74,0,0,0,0,0.67,0,43,5,Education
user_midmarket_834,480,9,26,44.3,9,1661.16,0,2,3,3,0.78,0,44,5,Marketing
user_midmarket_835,97,17,0,0.0,2,474.61,0,0,2,0,0.66,0,60,4,E-commerce
user_midmarket_836,432,48,3,7.6,7,2646.45,0,1,1,0,0.22,0,55,4,Finance
user_midmarket_837,602,8,23,24.2,18,6796.42,0,0,4,1,1.0,0,59,4,SaaS
user_midmarket_838,271,4,6,11.7,6,464.72,0,2,1,0,0.65,0,39,6,Marketing
user_midmarket_839,452,37,3,2.9,12,2198.83,0,0,1,0,0.76,0,72,2,Education
user_midmarket_840,305,13,10,16.9,7,938.56,0,0,0,0,1.0,0,84,1,Education
user_midmarket_841,289,13,9,25.8,7,1074.88,0,1,1,0,0.54,0,70,3,Finance
user_midmarket_842,365,44,4,7.7,10,4425.9,0,0,3,0,0.54,0,49,5,Finance
user_midmarket_843,201,6,28,46.8,3,1420.48,0,1,5,1,0.38,0,56,4,E-commerce
user_midmarket_844,230,34,4,8.2,4,947.7,0,1,1,0,0.66,0,97,0,Education
user_midmarket_845,194,12,15,26.0,4,360.5,0,0,2,0,0.75,0,79,2,Marketing
user_midmarket_846,334,11,7,16.4,10,3229.21,0,1,1,0,0.84,0,23,7,Finance
user_midmarket_847,271,44,0,0.0,5,1876.77,0,0,1,0,0.54,0,32,6,SaaS
user_midmarket_848,126,12,6,14.8,2,764.58,0,0,6,1,0.68,0,21,7,Finance
user_midmarket_849,504,49,1,1.0,14,5735.56,0,0,1,0,0.44,0,46,5,Finance
user_midmarket_850,412,1,22,42.6,7,1148.85,0,0,0,0,0.74,0,24,7,Marketing
user_midmarket_851,380,9,17,21.8,6,324.29,1,3,0,0,0.39,0,88,1,Marketing
user_midmarket_852,370,49,3,6.5,8,1571.19,0,1,0,0,0.69,0,83,1,E-commerce
user_midmarket_853,452,3,28,20.0,13,5246.71,0,0,0,0,0.33,0,48,5,SaaS
user_midmarket_854,381,25,2,1.4,7,1834.27,0,1,0,0,0.87,0,90,1,Marketing
user_midmarket_855,268,11,25,70.1,6,2812.25,0,0,2,0,0.3,0,69,3,Finance
user_midmarket_856,319,0,13,25.5,6,782.78,0,1,3,0,0.45,0,61,3,Marketing
user_midmarket_857,516,51,4,3.4,16,1056.25,0,1,0,0,0.99,0,82,1,E-commerce
user_midmarket_858,282,4,24,46.9,4,1688.09,0,0,1,0,0.35,0,66,3,E-commerce
user_midmarket_859,228,12,12,34.1,6,2868.23,0,0,0,0,0.43,0,42,5,Finance
user_midmarket_860,332,10,6,17.7,9,1783.82,0,0,1,0,1.0,0,37,6,Education
user_midmarket_861,617,28,4,8.8,13,945.06,0,0,2,0,0.6,0,51,4,Marketing
user_midmarket_862,473,18,4,6.3,12,3716.06,0,2,1,0,0.3,0,28,7,Education
user_midmarket_863,367,4,15,29.2,8,414.23,0,1,0,0,0.74,0,36,6,E-commerce
user_midmarket_864,302,11,9,20.0,6,1705.99,1,1,6,0,0.82,0,100,0,Education
user_midmarket_865,224,8,10,17.4,6,1267.53,0,4,2,0,0.61,0,47,5,E-commerce
user_midmarket_866,394,2,29,61.5,12,3734.17,0,3,1,0,0.63,0,39,6,E-commerce
user_midmarket_867,328,49,3,6.8,8,2327.46,1,0,0,0,0.29,0,82,1,SaaS
user_midmarket_868,354,11,8,23.0,7,1874.41,0,0,0,0,0.24,0,28,7,E-commerce
user_midmarket_869,448,12,13,17.7,11,3027.3,0,0,3,0,0.91,0,53,4,SaaS
user_midmarket_870,357,2,27,52.0,10,1329.26,0,0,0,0,0.33,0,6,9,E-commerce
user_midmarket_871,358,21,0,0.0,7,1292.3,1,0,3,2,0.41,0,89,1,E-commerce
user_midmarket_872,457,20,0,0.0,10,2281.31,0,0,1,0,0.51,0,49,5,SaaS
user_midmarket_873,374,12,24,40.1,9,4404.24,0,0,1,0,0.52,0,32,6,Finance
user_midmarket_874,394,11,13,24.4,11,1874.88,0,0,0,0,0.42,0,36,6,Finance
user_midmarket_875,381,5,24,39.0,6,1495.23,0,2,4,1,0.57,0,64,3,SaaS
user_midmarket_876,405,11,19,53.9,10,3848.57,0,2,0,0,0.73,0,76,2,Finance
user_midmarket_877,472,48,0,0.0,13,3194.28,1,0,2,0,0.69,0,56,4,E-commerce
user_midmarket_878,414,31,2,1.0,8,2826.46,0,0,1,0,0.65,0,36,6,Finance
user_midmarket_879,363,13,15,16.9,11,662.45,0,0,0,0,0.67,0,34,6,SaaS
user_midmarket_880,264,30,0,0.0,6,635.82,0,2,3,2,0.49,0,44,5,Education
user_midmarket_881,444,54,3,5.0,8,2079.59,0,0,0,0,0.28,0,74,2,Education
user_midmarket_882,428,19,3,5.5,12,2587.05,3,3,0,0,0.5,0,100,0,E-commerce
user_midmarket_883,422,11,29,42.1,11,1001.65,1,0,1,0,1.0,0,17,8,Education
user_midmarket_884,417,55,0,0.0,11,1291.52,0,2,1,0,0.54,0,55,4,Education
user_midmarket_885,416,2,26,42.9,8,2957.85,0,2,2,0,0.31,0,0,10,Finance
user_midmarket_886,93,1,15,9.3,1,398.94,0,0,0,0,0.67,0,27,7,E-commerce
user_midmarket_887,445,2,25,51.1,9,1650.2,0,0,1,0,0.64,0,45,5,SaaS
user_midmarket_888,544,8,6,3.7,15,3129.21,0,1,0,0,0.27,0,40,6,Education
user_midmarket_889,298,12,27,72.3,7,1159.27,0,0,5,1,0.43,0,55,4,E-commerce
user_midmarket_890,377,7,20,37.8,10,2123.74,0,1,0,0,1.0,0,56,4,Education
user_midmarket_891,361,55,2,1.9,8,2611.05,0,0,0,0,0.51,0,83,1,E-commerce
user_midmarket_892,336,13,13,15.9,7,576.33,0,0,7,1,0.73,0,32,6,Marketing
user_midmarket_893,277,0,28,73.1,8,3244.51,0,0,1,0,1.0,0,32,6,Finance
user_midmarket_894,443,18,4,3.9,9,1602.4,0,4,0,0,0.55,0,99,0,Finance
user_midmarket_895,386,52,4,2.9,9,3840.38,0,3,0,0,0.6,0,34,6,SaaS
user_midmarket_896,401,2,26,70.7,8,3560.35,0,0,2,0,0.43,0,49,5,Finance
user_midmarket_897,366,4,22,63.9,10,2000.7,0,0,0,0,0.92,0,17,8,SaaS
user_midmarket_898,354,49,3,4.3,6,1362.75,0,0,3,2,0.23,0,94,0,Finance
user_midmarket_899,237,10,19,25.9,4,1928.55,0,1,1,0,0.9,0,14,8,Finance
user_midmarket_900,303,11,25,74.2,5,1846.64,0,0,0,0,0.9,0,81,1,E-commerce
user_midmarket_901,291,2,6,5.6,7,510.5,0,0,2,0,0.61,0,33,6,Marketing
user_midmarket_902,301,13,20,10.1,9,3039.33,0,0,4,0,0.87,0,82,1,Education
user_midmarket_903,398,3,26,37.0,7,1282.92,0,0,0,0,0.85,0,33,6,E-commerce
user_midmarket_904,373,53,1,2.8,10,3978.78,0,0,1,0,0.62,0,47,5,Marketing
user_midmarket_905,567,9,11,15.6,17,5129.49,0,0,6,0,0.69,0,32,6,Marketing
user_midmarket_906,480,57,3,8.5,14,4240.92,0,5,0,0,0.51,0,9,9,Marketing
user_midmarket_907,416,7,18,31.1,11,4093.36,0,0,3,1,0.54,0,61,3,Education
user_midmarket_908,507,8,16,19.2,9,2452.54,0,0,0,0,0.77,0,39,6,Education
user_midmarket_909,359,8,7,8.8,7,1566.71,0,4,3,1,0.71,0,68,3,Finance
user_midmarket_910,483,57,3,6.8,14,1918.27,0,0,2,0,0.92,0,100,0,Education
user_midmarket_911,453,3,19,55.6,13,692.89,3,3,1,0,0.86,0,37,6,Finance
user_midmarket_912,258,7,12,25.7,5,1425.95,0,2,0,0,0.69,0,33,6,Marketing
user_midmarket_913,262,2,18,53.5,5,396.29,0,0,3,1,0.41,0,42,5,SaaS
user_midmarket_914,548,11,5,3.4,11,1962.16,1,1,1,0,0.55,0,21,7,Education
user_midmarket_915,425,12,15,10.1,9,1148.41,0,3,2,0,0.73,0,75,2,SaaS
user_midmarket_916,309,11,8,11.1,6,1502.85,0,1,0,0,0.68,0,40,6,SaaS
user_midmarket_917,459,8,15,38.9,14,3353.07,1,1,3,1,0.48,0,51,4,E-commerce
user_midmarket_918,361,56,4,6.0,6,2959.72,0,1,0,0,0.57,0,15,8,E-commerce
user_midmarket_919,344,1,14,40.9,8,642.15,0,0,1,0,0.41,0,0,10,Marketing
user_midmarket_920,619,1,26,61.0,15,2289.52,0,1,0,0,0.67,0,10,9,SaaS
user_midmarket_921,458,53,3,9.0,7,1924.68,0,1,2,0,0.78,0,46,5,Finance
user_midmarket_922,390,35,1,1.9,8,2231.52,1,0,1,0,0.56,0,56,4,Education
user_midmarket_923,373,3,18,43.2,8,2956.88,0,8,1,0,0.66,0,0,10,SaaS
user_midmarket_924,383,3,19,15.4,11,2137.42,0,0,0,0,0.62,0,20,8,Education
user_midmarket_925,187,3,17,37.8,5,1613.78,0,3,2,0,0.62,0,47,5,E-commerce
user_midmarket_926,415,31,1,1.9,12,5937.91,0,0,1,0,0.85,0,25,7,E-commerce
user_midmarket_927,393,25,0,0.0,10,4188.42,0,1,1,0,0.67,0,8,9,Education
user_midmarket_928,404,12,22,45.5,9,1755.04,0,0,0,0,0.62,0,34,6,Marketing
user_midmarket_929,370,25,0,0.0,9,2946.82,0,0,0,0,0.82,0,39,6,Marketing
user_midmarket_930,430,12,19,41.1,12,4498.06,1,0,3,1,0.41,0,38,6,Marketing
user_midmarket_931,373,13,18,36.8,7,419.04,0,0,3,1,0.73,0,55,4,E-commerce
user_midmarket_932,389,1,12,21.9,8,2474.96,1,3,1,0,0.65,0,47,5,Education
user_midmarket_933,454,40,4,6.4,14,5533.46,0,2,9,0,0.66,0,62,3,Marketing
user_midmarket_934,470,1,27,47.0,11,4205.52,0,0,4,1,0.35,0,57,4,SaaS
user_midmarket_935,493,2,7,15.1,13,4296.57,0,1,2,0,0.67,0,38,6,Finance
user_midmarket_936,434,59,1,0.6,13,3369.21,1,3,0,0,0.48,0,18,8,E-commerce
user_midmarket_937,393,44,3,8.4,11,1249.93,0,1,0,0,0.65,0,34,6,SaaS
user_midmarket_938,553,5,7,5.6,9,1166.28,0,0,1,0,0.59,0,82,1,Marketing
user_midmarket_939,425,43,4,10.3,9,3058.87,0,2,0,0,0.6,0,99,0,Education
user_midmarket_940,349,0,10,11.8,8,586.54,0,1,0,0,0.77,0,34,6,Finance
user_midmarket_941,252,5,21,60.7,7,2639.28,0,0,0,0,0.58,0,64,3,Marketing
user_midmarket_942,559,47,0,0.0,12,5246.13,0,2,0,0,0.72,0,0,10,Finance
user_midmarket_943,374,0,7,14.7,11,2680.02,0,0,3,1,0.34,0,37,6,Finance
user_midmarket_944,445,43,2,1.1,10,4745.4,0,1,1,0,0.6,0,69,3,Education
user_midmarket_945,434,40,4,4.3,8,3617.81,0,0,1,0,0.81,0,44,5,SaaS
user_midmarket_946,220,40,2,1.2,5,1968.49,0,0,3,1,0.16,0,69,3,Marketing
user_midmarket_947,515,41,4,9.2,16,2042.63,0,2,0,0,0.64,0,67,3,Marketing
user_midmarket_948,407,10,21,48.9,6,2303.58,0,0,0,0,0.46,0,62,3,Finance
user_midmarket_949,488,1,6,6.7,10,3512.63,0,2,0,0,0.76,0,52,4,Finance
user_midmarket_950,283,12,19,40.2,6,2812.96,0,0,0,0,0.42,0,72,2,Marketing
user_midmarket_951,407,29,2,1.2,7,2803.03,0,0,7,2,0.52,0,90,1,SaaS
user_midmarket_952,391,25,1,0.8,11,1939.28,0,2,0,0,0.48,0,42,5,Marketing
user_midmarket_953,250,2,5,9.6,5,301.75,0,4,0,0,0.87,0,81,1,Marketing
user_midmarket_954,205,39,1,0.7,5,1478.9,0,0,0,0,0.67,0,64,3,Marketing
user_midmarket_955,534,22,1,0.7,12,1417.47,0,0,2,0,0.73,0,68,3,SaaS
user_midmarket_956,374,10,9,26.9,7,364.4,0,0,1,0,0.54,0,100,0,E-commerce
user_midmarket_957,314,26,1,1.8,6,1388.69,0,0,0,0,0.54,0,69,3,Marketing
user_midmarket_958,388,46,0,0.0,11,4365.62,0,3,0,0,0.58,0,30,7,SaaS
user_midmarket_959,390,7,7,8.5,6,2502.73,0,2,1,0,0.33,0,22,7,Marketing
user_midmarket_960,238,2,8,4.4,6,1233.5,0,0,5,0,0.53,0,38,6,Marketing
user_midmarket_961,309,8,11,26.2,8,1251.08,0,3,0,0,0.49,0,84,1,SaaS
user_midmarket_962,387,38,4,4.9,11,5186.9,1,0,0,0,0.45,0,100,0,Finance
user_midmarket_963,478,5,15,15.3,10,4364.52,0,0,0,0,1.0,0,97,0,Finance
user_midmarket_964,336,12,17,11.2,6,584.47,0,2,6,0,0.21,0,81,1,Finance
user_midmarket_965,506,10,7,19.0,10,4099.07,0,1,5,1,0.74,0,45,5,Education
user_midmarket_966,226,54,3,1.9,4,1356.22,1,0,0,0,0.85,0,84,1,Finance
user_midmarket_967,279,34,2,3.6,7,3361.32,3,0,1,0,0.47,0,63,3,SaaS
user_midmarket_968,355,11,24,12.4,7,3421.03,2,5,1,0,0.84,0,49,5,Marketing
user_midmarket_969,412,11,6,16.5,9,3224.96,0,2,5,4,0.5,0,53,4,E-commerce
user_midmarket_970,220,50,2,5.1,6,2333.34,0,0,1,0,0.86,0,56,4,Finance
user_midmarket_971,301,29,2,4.0,6,1425.18,2,0,0,0,0.74,0,68,3,Finance
user_midmarket_972,235,57,2,3.0,5,873.46,0,1,0,0,0.74,0,57,4,SaaS
user_midmarket_973,435,5,6,6.1,12,5478.26,0,1,4,0,0.76,0,70,3,Education
user_midmarket_974,209,6,20,16.4,4,1486.01,1,0,0,0,0.85,0,57,4,Marketing
user_midmarket_975,374,13,16,41.5,10,2166.82,0,1,1,0,0.41,0,45,5,E-commerce
user_midmarket_976,470,47,2,5.7,10,4655.37,0,5,0,0,0.92,0,64,3,Education
user_midmarket_977,401,6,21,39.6,12,1062.72,0,0,2,0,0.77,0,61,3,Education
user_midmarket_978,436,27,2,3.5,12,3724.6,0,1,0,0,0.61,0,53,4,Finance
user_midmarket_979,366,10,29,71.6,10,4533.85,0,1,0,0,0.74,0,18,8,E-commerce
user_midmarket_980,449,4,25,39.8,13,2443.49,0,0,2,0,0.48,0,24,7,E-commerce
user_midmarket_981,508,22,2,3.8,14,6420.25,0,0,1,0,0.52,0,24,7,SaaS
user_midmarket_982,403,31,3,6.4,8,3405.14,1,0,2,0,0.65,0,82,1,SaaS
user_midmarket_983,367,13,12,6.3,7,1368.91,0,0,1,0,0.74,0,41,5,Education
user_midmarket_984,311,30,2,1.8,5,310.43,0,4,0,0,0.53,0,67,3,SaaS
user_midmarket_985,393,57,0,0.0,8,524.12,0,2,0,0,0.3,0,68,3,E-commerce
user_midmarket_986,529,13,13,8.5,8,2972.51,0,1,0,0,0.5,0,73,2,Marketing
user_midmarket_987,393,9,21,14.4,6,1681.48,1,0,0,0,0.83,0,74,2,Marketing
user_midmarket_988,499,7,29,81.7,9,1096.5,0,1,0,0,0.71,0,70,3,Education
user_midmarket_989,253,45,4,5.8,4,1360.6,0,0,0,0,0.66,0,100,0,Marketing
user_midmarket_990,406,4,9,26.9,7,3134.39,0,1,1,0,0.33,0,85,1,Education
user_midmarket_991,546,32,0,0.0,9,2274.22,0,0,0,0,0.89,0,79,2,Education
user_midmarket_992,342,27,4,8.5,9,542.28,0,0,6,3,0.77,0,50,5,E-commerce
user_midmarket_993,302,10,25,21.8,6,2770.52,0,0,2,0,0.78,0,87,1,Marketing
user_midmarket_994,303,3,27,18.5,8,1940.61,0,0,0,0,0.71,0,86,1,E-commerce
user_midmarket_995,494,0,8,10.0,15,3085.28,0,1,1,0,0.6,0,60,4,SaaS
user_midmarket_996,328,46,2,1.4,9,3675.85,0,0,1,0,0.56,0,41,5,E-commerce
user_midmarket_997,236,8,24,18.1,4,1318.41,0,0,3,0,0.63,0,40,6,SaaS
user_midmarket_998,355,49,4,4.6,10,1144.04,0,1,6,2,0.25,0,41,5,Education
user_midmarket_999,368,26,1,1.6,9,3100.27,0,2,0,0,0.98,0,76,2,Finance
user_midmarket_1000,469,43,2,1.7,10,4242.76,0,0,4,0,0.99,0,31,6,Finance
user_midmarket_1001,375,58,4,8.6,6,1677.69,0,0,0,0,0.67,0,32,6,SaaS
user_midmarket_1002,364,52,0,0.0,8,3422.39,0,0,3,1,0.98,0,36,6,Finance
user_midmarket_1003,267,8,18,15.7,4,1155.92,0,4,0,0,0.61,0,85,1,E-commerce
user_midmarket_1004,278,8,23,11.8,8,876.56,0,2,1,0,1.0,0,51,4,E-commerce
user_midmarket_1005,497,11,7,8.7,10,4008.7,1,1,3,0,0.97,0,34,6,Education
user_midmarket_1006,385,21,0,0.0,9,2292.88,0,0,1,0,0.39,0,60,4,E-commerce
user_midmarket_1007,259,9,27,26.2,4,576.12,1,0,2,0,0.83,0,62,3,Education
user_midmarket_1008,226,19,1,1.9,5,2413.92,1,1,2,0,0.52,0,30,7,SaaS
user_midmarket_1009,199,45,1,1.4,4,1069.11,0,0,4,2,0.24,0,41,5,Education
user_midmarket_1010,229,8,23,43.5,5,1734.07,0,0,3,0,0.65,0,23,7,E-commerce
user_midmarket_1011,335,6,11,22.7,7,2025.92,0,0,0,0,0.91,0,59,4,Marketing
user_midmarket_1012,421,23,3,3.1,11,2137.83,0,2,5,0,1.0,0,0,10,Finance
user_midmarket_1013,289,52,4,8.5,8,3876.15,0,0,0,0,0.75,0,28,7,Finance
user_midmarket_1014,369,2,24,28.8,6,2914.77,1,1,0,0,0.59,0,76,2,E-commerce
user_midmarket_1015,356,7,20,24.6,7,2496.9,0,0,0,0,0.32,0,75,2,Finance
user_midmarket_1016,205,10,13,16.6,3,611.54,0,0,0,0,0.27,0,63,3,Finance
user_midmarket_1017,400,19,2,4.1,10,1760.18,0,0,1,0,0.34,0,75,2,Education
user_midmarket_1018,364,48,3,8.8,10,1638.87,1,0,5,1,0.55,0,47,5,Education
user_midmarket_1019,520,11,21,48.7,10,4917.26,0,0,0,0,0.68,0,39,6,Marketing
user_midmarket_1020,458,54,2,4.0,9,4356.27,0,0,1,0,0.32,0,59,4,Education
user_midmarket_1021,420,13,22,54.0,11,586.87,0,2,1,0,0.38,0,87,1,E-commerce
user_midmarket_1022,354,31,1,2.8,6,2323.73,0,0,0,0,0.94,0,57,4,Education
user_midmarket_1023,239,9,25,18.4,5,1493.57,0,2,4,0,0.43,0,20,8,SaaS
user_midmarket_1024,424,31,1,2.4,10,3041.43,1,0,5,1,0.69,0,69,3,Education
user_midmarket_1025,490,26,0,0.0,13,4692.94,0,4,1,0,0.76,0,40,6,Finance
user_midmarket_1026,247,12,12,24.7,5,1679.16,1,0,0,0,0.54,0,10,9,Education
user_midmarket_1027,398,3,21,30.7,12,5933.53,0,0,0,0,0.85,0,99,0,SaaS
user_midmarket_1028,302,5,5,11.4,6,2683.05,0,1,0,0,0.67,0,32,6,E-commerce
user_midmarket_1029,298,7,23,22.5,7,1646.17,0,2,0,0,0.44,0,23,7,Education
user_midmarket_1030,546,34,3,2.6,12,4407.77,0,3,2,0,0.63,0,63,3,Education
user_midmarket_1031,351,38,2,4.7,5,1642.74,0,0,4,1,0.68,0,100,0,SaaS
user_midmarket_1032,306,37,2,5.8,9,2528.38,1,0,2,0,0.31,0,59,4,Education
user_midmarket_1033,325,8,15,32.4,7,2931.94,0,2,1,0,0.71,0,72,2,E-commerce
user_midmarket_1034,252,30,4,3.9,4,560.6,0,0,0,0,0.69,0,100,0,Finance
user_midmarket_1035,400,6,26,57.7,9,1804.44,0,1,1,0,0.58,0,47,5,Marketing
user_midmarket_1036,231,10,26,50.3,4,990.41,0,0,2,0,0.35,0,30,7,Finance
user_midmarket_1037,279,9,25,49.4,8,2658.26,0,0,0,0,0.56,0,48,5,E-commerce
user_midmarket_1038,276,13,23,15.5,6,355.36,0,0,1,0,0.68,0,63,3,Finance
user_midmarket_1039,303,5,10,22.3,8,1284.61,0,1,1,0,0.58,0,38,6,Education
user_midmarket_1040,341,58,3,6.4,7,1963.26,0,1,2,0,0.83,0,35,6,Education
user_midmarket_1041,278,46,2,2.5,8,2750.67,0,0,1,0,0.54,0,44,5,E-commerce
user_midmarket_1042,448,8,17,39.8,13,4764.31,0,0,0,0,0.61,0,39,6,Marketing
user_midmarket_1043,250,10,29,75.1,6,2666.34,0,2,4,0,0.58,0,16,8,SaaS
user_midmarket_1044,514,0,6,7.9,16,5788.9,0,6,0,0,0.73,0,70,3,Finance
user_midmarket_1045,339,13,20,14.7,8,596.87,0,3,2,0,0.43,0,79,2,SaaS
user_midmarket_1046,186,6,20,26.0,3,1138.19,0,2,1,0,0.81,0,2,9,Marketing
user_midmarket_1047,586,8,15,9.1,17,6878.42,2,0,1,0,0.51,0,32,6,SaaS
user_midmarket_1048,392,23,1,2.8,6,1214.01,0,5,0,0,0.54,0,46,5,SaaS
user_midmarket_1049,252,44,1,2.4,6,529.13,0,0,4,2,0.23,0,42,5,Education
user_midmarket_1050,378,1,13,32.3,9,1810.22,0,0,3,4,0.71,0,41,5,SaaS
user_midmarket_1051,483,18,3,5.4,9,3910.99,0,4,5,1,0.5,0,0,10,Education
user_midmarket_1052,320,6,29,55.6,9,805.69,0,0,2,0,0.64,0,64,3,E-commerce
user_midmarket_1053,365,1,25,21.0,8,2885.57,0,1,1,0,0.34,0,91,0,E-commerce
user_midmarket_1054,331,13,16,34.5,10,4912.4,0,3,0,0,0.37,0,96,0,E-commerce
user_midmarket_1055,138,54,2,2.2,2,337.75,0,0,0,0,0.8,0,87,1,E-commerce
user_midmarket_1056,299,26,1,2.0,7,1905.22,0,0,0,0,0.59,0,59,4,Marketing
user_midmarket_1057,282,10,16,28.4,8,1056.28,0,0,4,1,0.77,0,24,7,SaaS
user_midmarket_1058,336,0,7,12.7,7,948.5,0,1,0,0,0.43,0,40,6,Finance
user_midmarket_1059,249,1,24,61.3,7,2299.41,0,0,2,0,0.78,0,65,3,Marketing
user_midmarket_1060,621,2,18,26.5,15,3176.25,0,3,0,0,0.96,0,30,7,Marketing
user_midmarket_1061,220,3,19,52.9,4,1578.93,1,0,4,3,0.63,0,15,8,SaaS
user_midmarket_1062,334,7,16,8.5,9,4405.97,1,2,0,0,0.81,0,60,4,SaaS
user_midmarket_1063,286,9,23,51.8,6,1967.98,0,3,1,0,0.21,0,96,0,SaaS
user_midmarket_1064,269,35,0,0.0,4,986.62,0,3,6,0,0.49,0,26,7,SaaS
user_midmarket_1065,470,13,26,56.4,10,3877.3,0,0,7,1,0.5,0,77,2,Marketing
user_midmarket_1066,320,39,1,0.7,9,3580.86,3,1,5,1,0.32,0,24,7,SaaS
user_midmarket_1067,478,1,23,54.5,8,1228.51,0,0,5,0,0.63,0,43,5,Marketing
user_midmarket_1068,543,21,3,5.1,16,3898.85,0,0,2,0,0.67,0,81,1,Marketing
user_midmarket_1069,387,48,1,1.2,6,882.18,0,2,2,0,0.9,0,41,5,Marketing
user_midmarket_1070,467,0,14,21.8,14,3909.8,0,0,1,0,0.65,0,15,8,Finance
user_midmarket_1071,510,10,26,59.6,14,3069.77,0,0,0,0,0.5,0,69,3,Education
user_midmarket_1072,221,11,14,33.9,5,1940.06,0,3,4,3,0.91,0,58,4,Education
user_midmarket_1073,465,6,10,29.0,8,3182.1,0,1,0,0,0.32,0,67,3,Education
user_midmarket_1074,452,8,14,34.7,10,4258.92,0,0,0,0,0.54,0,67,3,Education
user_midmarket_1075,326,6,13,21.2,8,769.91,0,1,2,0,0.61,0,91,0,E-commerce
user_midmarket_1076,478,13,29,56.3,11,4786.81,0,0,1,0,0.18,0,59,4,Marketing
user_midmarket_1077,400,37,1,2.9,10,4087.36,0,0,2,0,0.42,0,64,3,Finance
user_midmarket_1078,206,1,7,20.3,5,452.36,0,0,0,0,0.5,0,75,2,Marketing
user_midmarket_1079,309,12,22,41.3,7,2489.27,0,1,0,0,0.72,0,3,9,Finance
user_midmarket_1080,327,21,1,2.5,8,1746.04,0,0,1,0,0.74,0,34,6,Marketing
user_midmarket_1081,424,7,13,25.5,13,5613.79,0,1,3,2,0.33,0,50,5,Marketing
user_midmarket_1082,276,3,15,13.3,7,1292.2,0,0,0,0,0.88,0,67,3,Education
user_midmarket_1083,304,47,4,8.3,9,4003.7,0,0,1,0,0.35,0,60,4,SaaS
user_midmarket_1084,339,0,8,16.1,5,674.52,1,1,0,0,0.59,0,54,4,E-commerce
user_midmarket_1085,365,2,17,39.8,10,3714.69,0,0,0,0,0.47,0,35,6,E-commerce
user_midmarket_1086,463,16,3,8.1,7,2144.78,0,2,5,1,0.72,0,100,0,Education
user_midmarket_1087,131,9,25,37.9,2,978.84,0,2,1,0,0.74,0,83,1,Education
user_midmarket_1088,478,6,16,15.2,10,4472.89,0,0,1,0,0.29,0,76,2,Marketing
user_midmarket_1089,219,7,24,54.7,6,1563.6,0,2,0,0,0.61,0,52,4,SaaS
user_midmarket_1090,388,11,14,26.5,10,4608.73,0,0,1,0,0.66,0,53,4,Marketing
user_midmarket_1091,551,2,11,8.7,10,3535.16,2,0,0,0,0.65,0,40,6,Marketing
user_midmarket_1092,223,2,16,14.2,3,545.67,0,2,6,1,0.41,0,55,4,Finance
user_midmarket_1093,431,5,12,34.5,8,707.93,1,0,0,0,0.19,0,66,3,Education
user_midmarket_1094,355,6,25,61.7,7,1993.64,0,2,0,0,0.47,0,25,7,Marketing
user_midmarket_1095,249,35,3,7.0,6,646.87,0,0,1,0,0.74,0,34,6,E-commerce
user_midmarket_1096,509,49,0,0.0,8,2680.55,0,1,1,0,0.93,0,9,9,E-commerce
user_midmarket_1097,335,34,2,3.2,10,2052.7,0,1,0,0,0.59,0,54,4,E-commerce
user_midmarket_1098,578,10,27,68.6,12,2135.05,0,1,2,0,0.29,0,36,6,Marketing
user_midmarket_1099,327,0,20,12.5,7,647.85,0,0,0,0,0.58,0,55,4,Marketing
user_midmarket_1100,362,29,4,3.2,6,360.55,0,0,0,0,0.39,0,53,4,Education
user_midmarket_1101,466,8,23,12.9,11,1287.72,1,0,0,0,0.09,0,58,4,Marketing
user_midmarket_1102,455,4,5,4.2,14,2607.97,0,4,0,0,0.5,0,43,5,E-commerce
user_midmarket_1103,268,34,2,5.7,6,2721.11,0,4,1,0,1.0,0,92,0,E-commerce
user_midmarket_1104,335,11,6,13.4,8,768.58,2,1,0,0,0.67,0,100,0,SaaS
user_midmarket_1105,359,10,25,54.6,10,1680.4,0,0,1,0,0.65,0,44,5,Marketing
user_midmarket_1106,271,41,3,6.8,8,1162.41,2,0,1,0,0.13,0,87,1,Finance
user_midmarket_1107,366,22,2,1.9,6,2435.51,0,0,2,0,0.51,0,58,4,Marketing
user_midmarket_1108,379,7,17,37.6,9,1541.04,0,1,0,0,0.58,0,55,4,Marketing
user_midmarket_1109,315,5,21,41.4,7,2814.06,0,2,1,0,0.48,0,62,3,Marketing
user_midmarket_1110,500,6,19,45.5,11,1728.77,0,0,6,3,0.66,0,91,0,E-commerce
user_midmarket_1111,385,16,3,3.1,11,1797.92,1,2,1,0,0.48,0,70,3,Marketing
user_midmarket_1112,258,1,23,12.8,6,469.43,0,0,1,0,0.35,0,56,4,Marketing
user_midmarket_1113,536,4,5,7.5,16,4419.04,0,1,0,0,0.4,0,42,5,E-commerce
user_midmarket_1114,379,26,3,8.7,11,4716.83,0,6,0,0,0.62,0,51,4,Education
user_midmarket_1115,354,10,15,33.6,9,2217.6,0,0,1,0,0.81,0,50,5,Finance
user_midmarket_1116,231,5,17,14.3,4,1461.99,0,0,0,0,0.67,0,61,3,Finance
user_midmarket_1117,221,6,6,10.5,4,1615.82,0,0,2,0,0.76,0,19,8,Marketing
user_midmarket_1118,330,7,14,9.7,6,2875.96,0,0,4,2,0.78,0,3,9,E-commerce
user_midmarket_1119,333,5,28,68.7,7,1965.97,0,1,1,0,0.51,0,54,4,E-commerce
user_midmarket_1120,457,2,13,18.2,11,3709.73,0,1,3,3,0.56,0,72,2,Finance
user_midmarket_1121,373,28,1,1.2,6,1319.4,1,0,0,0,0.57,0,31,6,Marketing
user_midmarket_1122,428,12,25,61.8,13,2204.84,0,0,0,0,0.64,0,25,7,Marketing
user_midmarket_1123,558,2,5,7.6,14,5176.34,0,0,1,0,0.9,0,74,2,Marketing
user_midmarket_1124,347,37,2,1.6,5,1985.35,0,0,3,0,0.99,0,54,4,Marketing
user_midmarket_1125,366,27,2,3.5,7,3427.73,0,2,1,0,0.38,0,25,7,Marketing
user_midmarket_1126,222,3,24,57.4,6,461.93,0,1,1,0,1.0,0,45,5,E-commerce
user_midmarket_1127,206,10,22,20.8,5,1434.34,0,0,0,0,0.75,0,100,0,E-commerce
user_midmarket_1128,292,2,19,22.7,6,1052.96,0,0,1,0,0.52,0,44,5,Education
user_midmarket_1129,324,9,17,9.8,6,343.71,0,0,0,0,0.88,0,27,7,SaaS
user_midmarket_1130,195,38,2,1.8,4,998.69,0,0,1,0,0.58,0,75,2,Education
user_midmarket_1131,461,39,2,3.0,12,1513.62,0,0,1,0,0.62,0,32,6,Education
user_midmarket_1132,321,4,19,15.2,7,1006.18,0,0,0,0,0.66,0,100,0,SaaS
user_midmarket_1133,475,33,2,3.8,12,5366.58,0,1,3,1,0.82,0,39,6,SaaS
user_midmarket_1134,453,9,26,20.3,10,1832.48,0,1,2,0,0.49,0,43,5,SaaS
user_midmarket_1135,501,49,4,6.9,12,2295.94,0,0,0,0,0.6,0,44,5,Marketing
user_midmarket_1136,525,18,2,4.9,9,4441.5,0,0,3,1,0.83,0,43,5,Education
user_midmarket_1137,372,10,22,62.4,7,2416.71,0,3,0,0,0.66,0,66,3,Marketing
user_midmarket_1138,440,18,1,0.6,12,775.83,0,0,0,0,0.58,0,93,0,E-commerce
user_midmarket_1139,452,3,5,7.9,8,1671.87,0,0,4,2,0.31,0,46,5,SaaS
user_midmarket_1140,364,0,18,14.0,8,3783.95,0,2,1,0,0.49,0,87,1,Finance
user_midmarket_1141,129,58,0,0.0,2,947.89,0,0,1,0,0.6,0,52,4,E-commerce
user_midmarket_1142,266,53,4,6.6,5,1326.56,0,1,0,0,0.39,0,60,4,E-commerce
user_midmarket_1143,270,7,28,20.5,5,2476.09,0,0,2,0,0.48,0,49,5,Education
user_midmarket_1144,251,49,1,1.8,6,2057.28,0,1,1,0,0.33,0,82,1,SaaS
user_midmarket_1145,459,5,18,38.2,9,1044.67,2,0,0,0,0.43,0,40,6,Marketing
user_midmarket_1146,278,13,27,19.7,8,535.53,2,2,1,0,0.53,0,57,4,Marketing
user_midmarket_1147,237,2,22,27.0,5,1519.54,1,2,0,0,0.35,0,35,6,Education
user_midmarket_1148,425,56,4,4.4,13,873.16,0,1,2,0,0.92,0,39,6,SaaS
user_midmarket_1149,280,1,23,66.9,5,748.82,0,0,1,0,0.58,0,23,7,Education
user_midmarket_1150,344,5,13,29.1,7,555.68,0,4,0,0,0.6,0,58,4,E-commerce
user_midmarket_1151,454,27,3,6.9,9,759.53,0,0,1,0,0.55,0,9,9,Education
user_midmarket_1152,461,3,13,8.0,14,1628.38,1,1,0,0,0.54,0,51,4,E-commerce
user_midmarket_1153,293,4,14,7.6,8,2252.73,0,0,0,0,0.98,0,45,5,Education
user_midmarket_1154,496,38,1,2.8,8,493.0,0,0,0,0,0.48,0,66,3,Marketing
user_midmarket_1155,356,3,13,15.5,8,914.37,0,0,5,0,0.56,0,74,2,SaaS
user_midmarket_1156,345,21,0,0.0,9,4456.24,0,0,2,0,0.77,0,70,3,SaaS
user_midmarket_1157,248,44,2,4.9,4,1710.08,0,2,2,0,0.52,0,26,7,SaaS
user_midmarket_1158,519,10,26,29.0,15,799.47,0,1,1,0,0.58,0,49,5,Finance
user_midmarket_1159,425,7,15,33.0,7,1059.67,0,0,0,0,0.82,0,55,4,E-commerce
user_midmarket_1160,288,3,22,36.3,4,519.31,0,0,6,0,0.59,0,54,4,SaaS
user_midmarket_1161,114,57,0,0.0,2,303.43,0,1,1,0,0.78,0,64,3,SaaS
user_midmarket_1162,235,5,29,42.3,6,625.16,0,1,1,0,0.64,0,96,0,Education
user_midmarket_1163,182,0,11,24.3,5,1787.3,0,0,3,0,0.58,0,60,4,Education
user_midmarket_1164,400,9,9,15.6,8,2257.27,0,0,0,0,0.41,0,6,9,Education
user_midmarket_1165,388,49,1,3.0,10,1504.32,0,0,0,0,0.6,0,52,4,Marketing
user_midmarket_1166,509,13,13,17.3,8,3142.86,0,1,2,0,0.68,0,20,8,Finance
user_midmarket_1167,244,7,21,44.5,7,764.85,0,0,0,0,0.75,0,17,8,Marketing
user_midmarket_1168,486,0,24,21.0,11,3191.56,0,0,2,0,0.7,0,46,5,SaaS
user_midmarket_1169,338,27,0,0.0,10,3581.97,0,0,2,0,0.81,0,70,3,E-commerce
user_midmarket_1170,520,13,22,62.2,12,4423.06,0,0,1,0,0.86,0,51,4,E-commerce
user_midmarket_1171,105,22,4,11.1,2,797.27,1,2,4,2,0.6,0,34,6,E-commerce
user_midmarket_1172,361,7,18,43.3,6,1715.67,0,2,1,0,0.53,0,44,5,Education
user_midmarket_1173,309,2,19,13.7,8,1831.25,0,0,3,1,0.58,0,60,4,SaaS
user_midmarket_1174,298,6,28,32.6,5,458.78,0,1,3,1,0.55,0,43,5,E-commerce
user_midmarket_1175,407,15,3,3.8,8,3535.41,0,2,1,0,0.57,0,61,3,E-commerce
user_midmarket_1176,193,0,18,33.1,3,174.46,0,3,0,0,0.47,0,67,3,E-commerce
user_midmarket_1177,341,6,21,53.4,9,3188.03,0,0,0,0,0.58,0,35,6,E-commerce
user_midmarket_1178,397,1,26,46.8,12,1648.26,0,0,1,0,1.0,0,61,3,Marketing
user_midmarket_1179,417,33,0,0.0,7,3476.17,0,3,0,0,0.34,0,75,2,Marketing
user_midmarket_1180,209,6,15,21.9,3,665.39,0,0,0,0,0.29,0,51,4,SaaS
user_midmarket_1181,474,12,16,24.9,10,4823.04,0,1,0,0,0.73,0,66,3,Finance
user_midmarket_1182,307,11,11,20.0,8,2604.4,0,2,1,0,0.4,0,49,5,SaaS
user_midmarket_1183,395,9,24,31.6,12,4337.67,0,0,4,0,0.74,0,81,1,Marketing
user_midmarket_1184,368,5,10,27.0,10,4257.83,0,5,1,0,0.59,0,61,3,SaaS
user_midmarket_1185,327,10,12,19.0,7,835.81,0,0,5,1,0.86,0,89,1,E-commerce
user_midmarket_1186,345,6,11,9.4,9,1795.5,0,0,1,0,0.25,0,88,1,E-commerce
user_midmarket_1187,375,50,3,7.4,10,4699.4,0,0,1,0,0.44,0,10,9,Education
user_midmarket_1188,478,11,5,8.9,11,4165.44,0,0,0,0,0.51,0,46,5,Finance
user_midmarket_1189,449,8,6,17.3,11,4448.59,0,5,4,0,1.0,0,69,3,SaaS
user_midmarket_1190,254,26,0,0.0,5,905.34,0,3,1,0,0.74,0,66,3,E-commerce
user_midmarket_1191,154,11,8,6.6,4,1933.06,1,3,1,0,0.81,0,81,1,Marketing
user_midmarket_1192,414,6,25,42.4,11,4134.53,0,2,0,0,0.73,0,89,1,Marketing
user_midmarket_1193,272,48,0,0.0,7,1352.62,0,0,1,0,0.4,0,66,3,Marketing
user_midmarket_1194,250,37,2,3.4,6,2282.76,0,2,2,0,0.46,0,19,8,E-commerce
user_midmarket_1195,269,27,2,5.6,7,3463.6,0,2,2,0,0.5,0,69,3,Marketing
user_midmarket_1196,451,1,23,27.5,9,4264.52,0,0,2,0,0.4,0,39,6,SaaS
user_midmarket_1197,575,10,25,25.9,17,2155.34,0,0,4,0,0.88,0,23,7,E-commerce
user_midmarket_1198,406,48,1,2.9,12,1417.71,0,0,0,0,0.49,0,31,6,SaaS
user_midmarket_1199,272,1,20,20.4,4,202.01,0,2,0,0,0.87,0,38,6,Marketing
user_midmarket_1200,461,12,18,33.1,14,1447.59,1,0,3,0,0.57,0,49,5,Marketing
user_midmarket_1201,224,5,12,6.6,5,904.27,0,2,0,0,0.42,0,52,4,E-commerce
user_midmarket_1202,402,8,14,10.9,7,883.35,0,0,4,0,0.12,0,100,0,Finance
user_midmarket_1203,207,10,23,19.1,4,564.56,0,0,3,0,0.5,0,62,3,SaaS
user_midmarket_1204,407,56,3,6.3,9,1642.72,0,1,0,0,0.59,0,11,8,SaaS
user_midmarket_1205,408,10,21,56.4,7,1859.5,0,0,0,0,0.47,0,39,6,Marketing
user_midmarket_1206,264,7,17,8.9,4,234.93,0,0,2,0,0.46,0,52,4,Marketing
user_midmarket_1207,480,11,7,18.0,12,2947.81,0,0,3,0,0.85,0,31,6,SaaS
user_midmarket_1208,334,16,1,1.8,8,3774.39,2,0,5,2,0.43,0,87,1,E-commerce
user_midmarket_1209,428,18,4,5.4,8,3532.23,0,0,0,0,0.6,0,20,8,Finance
user_midmarket_1210,422,6,19,15.8,12,2469.66,0,0,1,0,0.61,0,51,4,E-commerce
user_midmarket_1211,312,35,2,1.1,5,1173.01,1,0,0,0,0.54,0,81,1,Marketing
user_midmarket_1212,527,55,3,1.9,13,3671.6,0,1,0,0,0.6,0,58,4,E-commerce
user_midmarket_1213,309,8,8,21.0,5,2063.96,0,0,1,0,0.29,0,64,3,SaaS
user_midmarket_1214,142,6,17,45.8,2,310.65,0,0,8,1,0.38,0,88,1,E-commerce
user_midmarket_1215,380,8,18,36.5,8,2451.62,1,0,0,0,0.92,0,77,2,E-commerce
user_midmarket_1216,416,3,11,13.1,9,1131.45,0,0,0,0,0.83,0,34,6,E-commerce
user_midmarket_1217,366,10,23,62.3,6,2158.25,0,1,1,0,0.44,0,51,4,Marketing
user_midmarket_1218,327,34,3,1.8,6,1627.77,0,0,1,0,0.79,0,57,4,E-commerce
user_midmarket_1219,287,0,18,23.2,7,1362.29,0,1,1,0,0.64,0,48,5,Finance
user_midmarket_1220,429,35,3,1.5,8,1614.75,0,0,0,0,0.25,0,99,0,Marketing
user_midmarket_1221,228,10,20,58.5,4,1499.29,0,4,2,0,0.7,0,55,4,Finance
user_midmarket_1222,280,52,1,2.1,8,1732.6,2,0,1,0,0.8,0,49,5,Finance
user_midmarket_1223,325,51,0,0.0,5,687.54,0,0,2,0,0.58,0,75,2,SaaS
user_midmarket_1224,407,12,14,7.8,12,4530.98,0,0,0,0,0.82,0,62,3,Marketing
user_midmarket_1225,181,25,0,0.0,3,324.99,0,6,0,0,0.82,0,62,3,E-commerce
user_midmarket_1226,252,4,26,72.4,6,1372.63,0,0,1,0,1.0,0,44,5,Education
user_midmarket_1227,259,58,4,3.0,4,1195.16,0,4,6,2,0.76,0,41,5,Finance
user_midmarket_1228,547,9,10,5.5,9,483.85,0,2,0,0,1.0,0,93,0,SaaS
user_midmarket_1229,275,0,9,12.5,6,1215.57,0,0,1,0,0.75,0,17,8,Education
user_midmarket_1230,494,6,10,16.2,9,4471.19,0,2,0,0,0.29,0,52,4,Education
user_midmarket_1231,349,20,4,10.2,7,855.86,0,0,0,0,0.91,0,80,2,SaaS
user_midmarket_1232,431,9,11,24.3,12,1541.88,0,2,5,2,0.44,0,100,0,Education
user_midmarket_1233,641,35,2,4.0,12,2638.38,0,0,0,0,0.52,0,57,4,E-commerce
user_midmarket_1234,397,3,20,11.6,7,2569.53,0,1,1,0,0.57,0,76,2,Education
user_midmarket_1235,394,50,3,8.0,12,5375.62,0,1,0,0,0.84,0,0,10,Education
user_midmarket_1236,249,0,7,8.2,5,911.15,0,0,0,0,0.72,0,39,6,Finance
user_midmarket_1237,386,13,29,49.8,8,630.84,0,0,1,0,0.77,0,43,5,Education
user_midmarket_1238,367,12,24,61.2,6,2913.75,0,0,0,0,0.8,0,64,3,Education
user_midmarket_1239,274,11,25,61.3,7,1033.99,1,3,0,0,0.75,0,65,3,SaaS
user_midmarket_1240,402,12,21,61.7,7,982.36,0,4,0,0,0.81,0,63,3,Education
user_midmarket_1241,467,9,28,56.6,8,1856.53,2,0,5,1,0.86,0,73,2,SaaS
user_midmarket_1242,393,49,3,8.7,9,556.53,0,0,0,0,0.78,0,77,2,Marketing
user_midmarket_1243,435,18,2,3.8,11,2445.64,0,0,0,0,0.83,0,46,5,E-commerce
user_midmarket_1244,490,5,27,17.2,9,753.13,0,0,2,0,0.8,0,35,6,Finance
user_midmarket_1245,423,12,10,17.0,10,4226.48,3,3,3,3,0.65,0,61,3,Finance
user_midmarket_1246,409,11,14,30.2,9,1069.48,0,3,2,0,0.74,0,76,2,Marketing
user_midmarket_1247,212,7,16,8.6,4,1821.08,0,1,3,1,0.85,0,60,4,Marketing
user_midmarket_1248,283,6,5,9.2,7,450.19,1,0,2,0,0.62,0,48,5,Education
user_midmarket_1249,379,10,9,9.5,7,999.38,0,0,0,0,0.73,0,44,5,SaaS
user_midmarket_1250,482,41,1,2.6,9,659.86,2,0,1,0,0.97,0,39,6,E-commerce
user_midmarket_1251,334,57,1,1.5,8,2202.76,1,0,2,0,0.69,0,100,0,E-commerce
user_midmarket_1252,314,52,4,6.9,8,1509.64,0,2,0,0,0.74,0,23,7,Marketing
user_midmarket_1253,291,1,20,10.1,8,2851.04,0,3,1,0,0.66,0,49,5,SaaS
user_midmarket_1254,442,10,28,46.5,12,4166.75,0,0,1,0,0.72,0,80,2,Education
user_midmarket_1255,234,45,2,4.4,3,1433.97,0,2,5,0,0.83,0,20,8,Education
user_midmarket_1256,421,8,29,17.0,12,3592.42,2,0,0,0,0.53,0,40,6,SaaS
user_midmarket_1257,341,20,1,1.5,8,871.32,0,0,0,0,0.66,0,58,4,Education
user_midmarket_1258,593,6,27,17.7,15,7469.1,0,0,1,0,0.67,0,61,3,Marketing
user_midmarket_1259,396,27,2,4.9,6,2304.64,0,0,3,0,0.24,0,48,5,Marketing
user_midmarket_1260,448,59,4,7.6,12,5920.42,0,0,0,0,0.8,0,79,2,Education
user_midmarket_1261,313,9,27,46.8,5,590.04,0,0,4,3,0.34,0,64,3,E-commerce
user_midmarket_1262,360,5,6,13.6,10,4521.79,0,0,0,0,0.74,0,99,0,Education
user_midmarket_1263,240,0,29,41.2,4,1833.22,1,0,1,0,0.59,0,51,4,Marketing
user_midmarket_1264,491,16,3,3.5,9,4345.35,0,2,3,0,0.72,0,20,8,Finance
user_midmarket_1265,250,1,6,5.3,6,1291.81,0,0,1,0,0.22,0,100,0,E-commerce
user_midmarket_1266,279,8,10,6.6,5,2340.62,1,0,0,0,0.74,0,69,3,Finance
user_midmarket_1267,330,5,21,27.4,8,867.35,0,0,4,2,0.76,0,34,6,E-commerce
user_midmarket_1268,388,23,1,1.0,8,3512.72,0,2,0,0,0.13,0,43,5,Marketing
user_midmarket_1269,310,9,27,17.8,6,2864.67,1,3,1,0,0.42,0,9,9,SaaS
user_midmarket_1270,475,40,2,3.4,12,5049.02,0,0,0,0,0.55,0,71,2,Finance
user_midmarket_1271,563,2,14,13.6,11,5492.96,0,0,0,0,0.89,0,31,6,Finance
user_midmarket_1272,381,9,27,62.2,6,1158.45,1,3,3,6,0.58,0,77,2,Finance
user_midmarket_1273,461,15,3,7.6,10,3086.96,1,0,2,0,0.45,0,76,2,E-commerce
user_midmarket_1274,350,36,1,1.8,7,573.44,0,0,1,0,0.72,0,2,9,SaaS
user_midmarket_1275,378,15,3,5.5,9,3648.65,0,0,0,0,0.4,0,26,7,E-commerce
user_midmarket_1276,210,30,0,0.0,4,204.79,0,1,2,0,0.43,0,49,5,Finance
user_midmarket_1277,253,19,0,0.0,4,1417.28,0,0,0,0,0.71,0,71,2,Marketing
user_midmarket_1278,420,11,22,60.2,10,2890.19,2,3,1,0,0.61,0,29,7,Finance
user_midmarket_1279,211,13,8,12.4,4,1628.85,0,0,4,1,0.98,0,82,1,E-commerce
user_midmarket_1280,223,19,2,1.1,4,1448.67,1,0,0,0,0.63,0,72,2,E-commerce
user_midmarket_1281,229,10,8,7.7,4,1002.59,0,0,5,4,0.33,0,37,6,Marketing
user_midmarket_1282,271,27,2,2.8,6,1220.81,0,0,2,0,0.27,0,21,7,E-commerce
user_midmarket_1283,390,10,26,27.1,8,2717.97,0,2,1,0,0.65,0,52,4,Education
user_midmarket_1284,341,4,5,8.7,9,4344.2,0,0,1,0,0.85,0,48,5,E-commerce
user_midmarket_1285,372,56,1,1.9,10,4792.8,0,0,1,0,0.8,0,58,4,SaaS
user_midmarket_1286,475,51,3,8.3,14,3561.35,0,4,1,0,0.21,0,68,3,Marketing
user_midmarket_1287,357,3,20,38.8,6,1633.27,2,1,1,0,0.61,0,78,2,Education
user_midmarket_1288,415,49,2,1.9,8,2758.3,0,1,0,0,0.47,0,65,3,Finance
user_midmarket_1289,431,13,17,21.1,9,1557.53,0,0,2,0,0.44,0,68,3,Education
user_midmarket_1290,246,0,26,19.0,5,1321.56,0,2,4,0,0.32,0,7,9,SaaS
user_midmarket_1291,343,37,3,7.0,10,2180.95,0,0,2,0,0.48,0,57,4,SaaS
user_midmarket_1292,344,57,0,0.0,6,2444.42,0,3,1,0,0.33,0,81,1,E-commerce
user_midmarket_1293,200,0,18,38.9,5,1374.04,0,0,0,0,0.66,0,14,8,Education
user_midmarket_1294,241,6,21,53.4,4,629.96,3,0,1,0,0.65,0,0,10,Marketing
user_midmarket_1295,440,2,18,13.9,7,3151.02,0,0,0,0,0.58,0,22,7,SaaS
user_midmarket_1296,461,0,7,19.5,14,4868.15,0,0,0,0,0.48,0,82,1,E-commerce
user_midmarket_1297,168,0,24,27.3,2,952.65,0,1,1,0,0.11,0,53,4,Marketing
user_midmarket_1298,551,6,8,9.2,16,2947.12,1,0,5,1,0.63,0,4,9,Education
user_midmarket_1299,317,5,22,49.5,8,2926.65,0,0,0,0,0.9,0,3,9,Education
user_midmarket_1300,231,2,7,5.5,6,2503.58,0,0,0,0,0.37,0,35,6,Finance
user_midmarket_1301,256,13,21,37.3,6,473.66,0,0,0,0,0.58,0,15,8,E-commerce
user_midmarket_1302,442,13,19,32.8,10,3336.34,1,2,4,0,0.72,0,51,4,Finance
user_midmarket_1303,177,55,0,0.0,4,1631.13,0,0,2,0,0.74,0,0,10,SaaS
user_midmarket_1304,192,5,23,45.6,3,898.24,0,0,2,0,0.32,0,27,7,Finance
user_midmarket_1305,609,5,21,54.1,15,1778.57,0,2,2,0,1.0,0,87,1,E-commerce
user_midmarket_1306,398,9,22,39.7,12,2015.81,3,0,0,0,0.68,0,18,8,Education
user_midmarket_1307,567,11,13,36.1,17,2450.45,0,0,1,0,0.44,0,43,5,SaaS
user_midmarket_1308,413,0,28,24.7,7,1226.4,1,0,0,0,0.65,0,66,3,Finance
user_midmarket_1309,603,1,15,34.5,17,1785.09,1,0,2,0,0.76,0,45,5,Education
user_midmarket_1310,452,4,21,51.3,13,945.31,1,0,0,0,0.58,0,51,4,E-commerce
user_midmarket_1311,252,5,22,37.1,7,1537.8,0,1,0,0,0.69,0,23,7,Education
user_midmarket_1312,466,5,16,23.1,10,2853.12,0,0,2,0,0.66,0,78,2,Finance
user_midmarket_1313,339,45,0,0.0,10,817.84,1,3,3,0,0.7,0,57,4,E-commerce
user_midmarket_1314,389,49,3,4.0,9,1785.92,0,0,0,0,1.0,0,16,8,Finance
user_midmarket_1315,307,37,3,4.8,5,1407.2,0,0,1,0,0.68,0,45,5,E-commerce
user_midmarket_1316,333,7,18,30.1,7,3069.27,0,2,3,0,0.63,0,46,5,E-commerce
user_midmarket_1317,516,40,1,2.8,12,4586.62,0,0,1,0,0.73,0,23,7,SaaS
user_midmarket_1318,253,12,24,67.1,4,1300.46,0,1,3,0,0.91,0,35,6,Marketing
user_midmarket_1319,539,5,5,14.8,16,2772.63,0,4,1,0,0.23,0,66,3,E-commerce
user_midmarket_1320,325,11,11,30.8,7,2005.7,1,0,0,0,0.44,0,82,1,E-commerce
user_midmarket_1321,321,41,3,2.9,7,2285.12,0,0,4,2,0.51,0,58,4,Marketing
user_midmarket_1322,363,17,4,10.3,9,2707.46,0,0,1,0,0.73,0,80,2,Marketing
user_midmarket_1323,210,45,3,9.0,6,1640.98,0,0,0,0,0.72,0,69,3,Finance
user_midmarket_1324,357,3,16,24.0,8,2843.8,0,3,3,3,0.88,0,49,5,SaaS
user_midmarket_1325,293,9,8,7.7,6,2546.6,1,0,3,1,0.26,0,92,0,SaaS
user_midmarket_1326,384,42,3,8.4,8,1634.49,0,0,5,2,0.73,0,44,5,Marketing
user_midmarket_1327,274,6,29,36.3,8,3943.04,0,0,4,1,1.0,0,16,8,E-commerce
user_midmarket_1328,222,7,15,40.9,4,909.68,1,0,0,0,0.83,0,41,5,SaaS
user_midmarket_1329,398,20,4,4.5,11,5309.23,0,2,0,0,0.49,0,40,6,SaaS
user_midmarket_1330,406,54,4,8.3,11,4185.2,0,0,0,0,0.43,0,63,3,SaaS
user_midmarket_1331,422,7,25,63.8,11,2735.48,0,0,2,0,0.89,0,27,7,SaaS
user_midmarket_1332,317,13,10,10.9,5,1455.24,1,0,1,0,0.51,0,41,5,Marketing
user_midmarket_1333,392,3,24,42.7,7,2144.96,0,2,1,0,0.63,0,94,0,SaaS
user_midmarket_1334,232,10,22,27.1,4,741.27,0,2,4,1,0.9,0,60,4,Education
user_midmarket_1335,399,1,5,10.5,8,461.61,0,1,2,0,0.5,0,74,2,SaaS
user_midmarket_1336,317,9,28,76.2,5,777.41,0,0,0,0,0.51,0,45,5,Finance
user_midmarket_1337,196,11,11,24.6,4,1515.42,1,2,2,0,0.45,0,82,1,SaaS
user_midmarket_1338,591,2,13,33.6,11,3053.67,0,0,0,0,0.56,0,19,8,Finance
user_midmarket_1339,397,0,6,10.5,12,4101.8,0,0,4,1,0.31,0,62,3,Finance
user_midmarket_1340,323,34,1,2.0,9,3179.87,0,0,0,0,0.6,0,68,3,Education
user_midmarket_1341,278,58,2,1.5,6,1585.89,0,0,4,2,0.64,0,24,7,Finance
user_midmarket_1342,431,5,26,14.8,12,1996.12,0,3,0,0,0.64,0,27,7,E-commerce
user_midmarket_1343,575,8,11,15.1,13,1331.8,0,1,3,0,0.89,0,63,3,Finance
user_midmarket_1344,363,11,13,32.4,11,2168.6,0,0,1,0,0.69,0,70,3,E-commerce
user_midmarket_1345,324,6,20,33.6,6,2603.23,0,3,4,1,0.79,0,55,4,SaaS
user_midmarket_1346,351,12,7,18.2,7,2010.3,1,0,1,0,0.74,0,33,6,E-commerce
user_midmarket_1347,359,45,1,1.0,7,1935.91,0,0,0,0,0.56,0,19,8,Education
user_midmarket_1348,292,53,4,5.7,8,2275.9,0,3,5,1,0.81,0,76,2,Finance
user_midmarket_1349,265,8,18,40.4,6,980.06,0,1,0,0,0.65,0,48,5,SaaS
user_midmarket_1350,336,4,24,38.6,6,2118.19,0,1,1,0,0.77,0,100,0,E-commerce
user_midmarket_1351,486,8,23,21.4,13,5237.28,0,1,0,0,0.67,0,19,8,SaaS
user_midmarket_1352,284,19,4,8.7,7,1953.31,0,0,2,0,0.38,0,10,9,E-commerce
user_midmarket_1353,376,11,14,36.8,9,763.53,0,0,3,0,0.58,0,57,4,E-commerce
user_midmarket_1354,251,42,1,0.8,6,840.28,0,1,6,0,0.77,0,19,8,Marketing
user_midmarket_1355,439,7,14,16.0,10,4957.21,0,0,0,0,0.6,0,88,1,E-commerce
user_midmarket_1356,233,51,2,1.8,6,2639.56,0,0,5,1,0.48,0,20,8,Finance
user_midmarket_1357,390,3,29,70.2,7,2603.69,0,0,1,0,0.81,0,52,4,Marketing
user_midmarket_1358,370,10,25,17.1,11,5205.58,0,3,1,0,0.9,0,70,3,Education
user_midmarket_1359,325,27,3,3.4,8,814.98,0,0,4,0,0.73,0,11,8,Marketing
user_midmarket_1360,402,50,3,2.7,9,1064.92,0,2,0,0,0.75,0,49,5,Finance
user_midmarket_1361,253,0,21,37.2,5,1187.83,0,0,2,0,0.57,0,73,2,E-commerce
user_midmarket_1362,225,59,0,0.0,4,228.53,0,1,0,0,0.66,0,65,3,E-commerce
user_midmarket_1363,466,30,2,3.4,14,6781.42,0,2,1,0,0.78,0,87,1,Education
user_midmarket_1364,316,48,3,2.3,8,3711.97,1,2,0,0,0.67,0,67,3,SaaS
user_midmarket_1365,381,11,13,25.8,6,2977.19,2,0,0,0,0.59,0,80,2,Education
user_midmarket_1366,365,2,11,24.8,8,3514.44,0,2,0,0,0.97,0,14,8,E-commerce
user_midmarket_1367,442,53,4,4.4,12,1225.48,1,0,6,1,0.84,0,80,2,E-commerce
user_midmarket_1368,304,24,4,10.3,8,2982.53,0,2,1,0,0.45,0,46,5,E-commerce
user_midmarket_1369,416,20,1,2.1,10,2150.08,0,5,4,4,0.68,0,20,8,E-commerce
user_midmarket_1370,382,4,11,21.2,6,2947.75,0,1,3,0,0.55,0,18,8,Marketing
user_midmarket_1371,421,12,11,11.5,7,425.63,0,0,4,0,0.47,0,100,0,Education
user_midmarket_1372,281,37,4,5.2,7,2828.98,0,5,1,0,0.49,0,48,5,Education
user_midmarket_1373,351,12,19,37.1,6,2156.2,0,0,1,0,0.65,0,78,2,E-commerce
user_midmarket_1374,268,2,12,27.8,7,3281.86,1,0,4,0,0.57,0,53,4,Marketing
user_midmarket_1375,284,3,12,8.5,7,948.67,0,0,0,0,0.7,0,62,3,E-commerce
user_midmarket_1376,382,8,25,63.4,7,2251.0,1,3,0,0,0.51,0,45,5,SaaS
user_midmarket_1377,313,2,19,43.6,7,2973.49,0,1,2,0,0.47,0,80,2,SaaS
user_midmarket_1378,353,0,10,24.4,9,2412.94,0,0,2,0,0.45,0,41,5,Finance
user_midmarket_1379,240,5,21,43.8,6,1708.21,0,0,1,0,0.57,0,74,2,SaaS
user_midmarket_1380,437,51,4,7.7,8,3388.42,1,1,0,0,0.71,0,70,3,Education
user_midmarket_1381,304,12,22,26.2,7,3301.65,0,0,4,1,0.35,0,82,1,Education
user_midmarket_1382,484,42,2,2.5,14,1314.26,0,2,0,0,0.59,0,27,7,Marketing
user_midmarket_1383,227,4,27,46.0,5,932.35,0,0,3,1,0.5,0,100,0,Finance
user_midmarket_1384,480,25,3,1.6,11,5478.17,0,3,0,0,0.89,0,92,0,Marketing
user_midmarket_1385,408,27,1,3.0,7,2471.2,0,2,0,0,0.39,0,76,2,SaaS
user_midmarket_1386,368,31,3,6.7,9,1541.4,0,0,2,0,0.28,0,60,4,E-commerce
user_midmarket_1387,196,12,18,45.2,4,1682.76,0,2,2,0,0.6,0,7,9,Marketing
user_midmarket_1388,316,3,8,15.4,9,3460.9,0,0,1,0,0.82,0,69,3,Finance
user_midmarket_1389,321,6,25,37.3,7,414.33,0,0,1,0,0.53,0,69,3,E-commerce
user_midmarket_1390,315,5,5,4.9,5,2354.83,0,0,0,0,0.56,0,68,3,Marketing
user_midmarket_1391,381,13,16,21.5,7,3430.15,0,0,0,0,0.7,0,62,3,SaaS
user_midmarket_1392,554,11,18,25.0,16,3508.09,0,2,0,0,0.51,0,66,3,Marketing
user_midmarket_1393,496,57,2,5.1,8,2865.12,0,0,5,0,0.72,0,48,5,SaaS
user_midmarket_1394,324,44,3,4.3,8,2142.71,2,0,0,0,0.38,0,28,7,Finance
user_midmarket_1395,257,48,2,1.4,4,546.25,0,0,1,0,0.51,0,35,6,Finance
user_midmarket_1396,222,23,3,3.1,6,2176.68,0,0,0,0,0.75,0,49,5,SaaS
user_midmarket_1397,548,22,1,1.6,16,2239.28,0,0,0,0,0.53,0,55,4,Marketing
user_midmarket_1398,335,8,9,9.5,9,2090.7,1,0,2,0,0.25,0,48,5,E-commerce
user_midmarket_1399,264,10,10,19.9,7,946.59,1,2,0,0,0.7,0,62,3,SaaS
user_midmarket_1400,304,8,14,32.4,5,589.99,0,0,1,0,0.61,0,51,4,E-commerce
user_midmarket_1401,294,10,15,28.2,8,3829.56,3,0,5,2,0.75,0,38,6,E-commerce
user_midmarket_1402,405,12,6,14.9,8,1836.97,0,0,0,0,0.57,0,32,6,Marketing
user_midmarket_1403,316,1,17,11.7,9,1118.32,0,2,0,0,0.37,0,63,3,Education
user_midmarket_1404,242,1,29,60.5,7,483.97,2,0,4,1,0.39,0,46,5,SaaS
user_midmarket_1405,331,45,4,11.8,7,364.55,0,1,2,0,0.61,0,21,7,E-commerce
user_midmarket_1406,520,52,2,5.0,12,908.29,0,3,5,1,0.66,0,45,5,SaaS
user_midmarket_1407,564,9,7,5.1,10,3939.86,0,0,0,0,0.62,0,91,0,SaaS
user_midmarket_1408,348,11,12,34.6,8,1530.38,0,0,1,0,0.72,0,69,3,E-commerce
user_midmarket_1409,408,48,3,7.5,12,2935.74,0,0,2,0,0.17,0,39,6,Finance
user_midmarket_1410,346,17,0,0.0,9,2693.95,0,4,2,0,0.46,0,35,6,Education
user_midmarket_1411,318,21,3,9.0,9,3015.47,0,1,5,1,0.73,0,23,7,E-commerce
user_midmarket_1412,285,5,9,21.4,6,1297.46,0,0,0,0,0.59,0,61,3,Education
user_midmarket_1413,339,25,1,2.5,10,643.9,0,2,3,0,0.47,0,71,2,E-commerce
user_midmarket_1414,407,13,19,37.2,8,3482.77,1,0,1,0,0.0,0,36,6,SaaS
user_midmarket_1415,319,10,6,10.8,8,1024.55,0,0,6,2,0.74,0,60,4,E-commerce
user_midmarket_1416,314,10,7,4.7,8,3176.1,0,0,0,0,0.64,0,87,1,E-commerce
user_midmarket_1417,424,44,4,3.7,9,1395.22,0,0,5,1,0.84,0,52,4,Marketing
user_midmarket_1418,410,19,4,11.1,10,4866.96,1,2,0,0,0.95,0,43,5,E-commerce
user_midmarket_1419,409,44,1,0.6,12,4889.59,1,1,3,2,0.43,0,23,7,Education
user_midmarket_1420,351,12,19,23.9,7,2392.36,0,2,0,0,0.42,0,60,4,Education
user_midmarket_1421,272,7,11,6.5,8,729.61,0,2,0,0,0.94,0,55,4,Education
user_midmarket_1422,385,21,4,8.2,8,470.7,0,0,1,0,0.89,0,31,6,Marketing
user_midmarket_1423,274,6,15,30.6,5,2380.3,0,1,2,0,0.71,0,54,4,Finance
user_midmarket_1424,307,4,10,22.2,7,544.36,0,2,4,1,1.0,0,49,5,E-commerce
user_midmarket_1425,492,33,2,5.5,8,3469.93,0,0,0,0,0.68,0,0,10,Education
user_midmarket_1426,353,47,1,2.2,6,2067.42,3,0,0,0,0.78,0,76,2,SaaS
user_midmarket_1427,444,5,20,28.5,7,882.98,0,1,1,0,0.9,0,87,1,E-commerce
user_midmarket_1428,328,12,12,11.2,7,1780.04,1,0,1,0,0.75,0,56,4,Education
user_midmarket_1429,307,20,0,0.0,9,3101.8,0,0,0,0,0.74,0,100,0,Finance
user_midmarket_1430,253,5,10,16.1,5,481.25,0,0,1,0,0.51,0,24,7,Marketing
user_midmarket_1431,223,42,4,11.9,5,1166.46,1,4,0,0,0.49,0,81,1,Marketing
user_midmarket_1432,160,0,26,32.0,4,1337.23,0,2,0,0,0.48,0,70,3,Education
user_midmarket_1433,359,18,4,9.3,10,3899.69,0,0,2,0,0.68,0,58,4,Marketing
user_midmarket_1434,557,35,4,8.6,10,4856.57,0,0,1,0,0.87,0,97,0,Education
user_midmarket_1435,236,0,10,6.3,6,1254.26,1,2,0,0,1.0,0,43,5,Finance
user_midmarket_1436,311,53,3,8.6,6,2932.09,0,0,5,0,0.3,0,29,7,SaaS
user_midmarket_1437,386,11,27,53.2,6,973.76,2,0,0,0,0.55,0,30,7,Finance
user_midmarket_1438,399,7,14,10.0,11,2477.75,1,1,3,1,0.23,0,50,5,Education
user_midmarket_1439,316,8,20,39.4,8,1697.86,0,0,0,0,0.67,0,41,5,SaaS
user_midmarket_1440,260,6,13,14.7,7,1958.45,1,0,3,4,0.39,0,48,5,E-commerce
user_midmarket_1441,301,8,8,17.8,8,1435.91,0,0,1,0,0.62,0,85,1,Education
user_midmarket_1442,147,10,5,2.8,3,376.72,2,0,1,0,0.69,0,58,4,SaaS
user_midmarket_1443,248,2,5,2.7,5,1897.79,2,0,4,2,0.6,0,60,4,SaaS
user_midmarket_1444,386,11,25,70.1,7,524.53,0,0,7,3,0.96,0,59,4,E-commerce
user_midmarket_1445,307,37,3,1.5,6,2547.04,0,0,3,2,0.45,0,82,1,Finance
user_midmarket_1446,246,45,3,8.7,7,445.52,0,0,3,0,0.78,0,74,2,Education
user_midmarket_1447,312,7,18,28.3,8,1698.03,0,0,0,0,0.39,0,60,4,SaaS
user_midmarket_1448,371,2,23,14.7,6,2952.79,0,0,5,0,0.81,0,81,1,Finance
user_midmarket_1449,361,35,4,12.0,8,2014.48,0,0,1,0,0.53,0,61,3,SaaS
user_midmarket_1450,328,57,2,3.3,6,2689.31,0,4,2,0,0.98,0,79,2,E-commerce
user_midmarket_1451,361,34,4,9.7,10,1916.88,0,1,4,0,0.9,0,51,4,Marketing
user_midmarket_1452,351,11,13,36.8,10,650.46,0,0,0,0,0.37,0,69,3,E-commerce
user_midmarket_1453,404,31,2,2.4,7,1786.02,0,0,4,0,0.43,0,70,3,Finance
user_midmarket_1454,336,5,28,57.4,8,1001.97,1,1,3,0,0.4,0,30,7,E-commerce
user_midmarket_1455,417,3,28,26.1,10,647.99,1,0,1,0,0.5,0,94,0,E-commerce
user_midmarket_1456,331,22,4,2.9,8,1096.62,0,6,0,0,0.52,0,81,1,E-commerce
user_midmarket_1457,271,11,26,45.9,7,2691.55,0,0,2,0,0.16,0,50,5,Finance
user_midmarket_1458,401,24,1,0.6,11,4009.24,0,1,4,0,0.86,0,0,10,E-commerce
user_midmarket_1459,332,47,1,1.4,6,1280.46,0,3,1,0,0.74,0,38,6,Finance
user_midmarket_1460,307,50,4,4.4,8,3247.04,0,0,3,2,0.71,0,42,5,E-commerce
user_midmarket_1461,377,9,22,25.4,11,5215.58,0,0,6,0,0.15,0,38,6,Finance
user_midmarket_1462,458,34,0,0.0,7,3358.15,0,2,0,0,0.66,0,29,7,E-commerce
user_midmarket_1463,294,3,29,58.4,4,327.3,2,0,2,0,0.78,0,40,6,E-commerce
user_midmarket_1464,349,11,22,36.3,9,3409.33,0,1,3,1,0.55,0,81,1,E-commerce
user_midmarket_1465,410,57,2,5.8,8,1689.73,0,0,5,0,0.78,0,87,1,Marketing
user_midmarket_1466,492,12,27,41.5,13,3072.85,0,2,0,0,0.32,0,59,4,E-commerce
user_midmarket_1467,210,20,4,11.5,5,1840.98,0,1,4,0,0.57,0,55,4,Finance
user_midmarket_1468,283,45,0,0.0,7,3480.69,0,0,1,0,0.41,0,55,4,SaaS
user_midmarket_1469,307,9,15,22.1,8,1079.22,0,0,4,0,0.6,0,51,4,SaaS
user_midmarket_1470,350,40,0,0.0,5,849.86,0,0,2,0,0.59,0,16,8,E-commerce
user_midmarket_1471,493,7,13,6.7,8,1204.78,0,2,3,1,0.62,0,41,5,Education
user_midmarket_1472,418,43,4,6.0,7,1212.72,0,0,0,0,0.38,0,66,3,Education
user_midmarket_1473,422,50,1,1.3,7,901.3,1,3,0,0,0.28,0,76,2,Finance
user_midmarket_1474,557,10,21,55.7,9,833.62,0,0,4,0,0.26,0,8,9,Marketing
user_midmarket_1475,367,13,29,67.8,10,2201.42,0,2,0,0,0.56,0,40,6,Marketing
user_midmarket_1476,396,55,4,4.5,7,2845.56,0,2,0,0,0.45,0,40,6,E-commerce
user_midmarket_1477,272,0,16,12.9,6,2708.47,0,0,2,0,0.75,0,82,1,Education
user_midmarket_1478,192,32,2,5.0,3,406.32,0,1,0,0,0.66,0,8,9,E-commerce
user_midmarket_1479,484,26,3,3.1,9,2857.51,0,0,0,0,0.75,0,72,2,SaaS
user_midmarket_1480,411,10,20,21.6,10,4226.54,1,1,0,0,0.41,0,60,4,SaaS
user_midmarket_1481,517,42,4,6.6,15,5271.93,1,4,7,1,0.48,0,12,8,E-commerce
user_midmarket_1482,244,58,1,1.6,4,815.58,0,0,0,0,0.64,0,31,6,Marketing
user_midmarket_1483,345,2,26,17.5,9,4392.41,0,0,2,0,0.76,0,58,4,Finance
user_midmarket_1484,682,3,9,9.7,15,2821.76,0,0,0,0,0.37,0,92,0,Finance
user_midmarket_1485,466,5,26,34.3,9,2395.74,0,0,0,0,0.7,0,52,4,SaaS
user_midmarket_1486,205,12,28,82.5,3,272.79,0,1,1,0,0.37,0,81,1,SaaS
user_midmarket_1487,607,10,25,41.9,18,4089.86,0,0,0,0,0.36,0,100,0,Marketing
user_midmarket_1488,478,6,12,21.7,10,3564.17,0,0,0,0,0.45,0,65,3,Education
user_midmarket_1489,475,57,2,2.6,8,3664.15,0,0,2,0,0.7,0,0,10,E-commerce
user_midmarket_1490,212,7,5,10.6,4,1380.64,0,0,2,0,0.73,0,48,5,SaaS
user_midmarket_1491,417,18,0,0.0,10,1692.26,0,3,1,0,0.57,0,78,2,Marketing
user_midmarket_1492,223,1,16,37.5,5,1727.98,0,2,1,0,0.48,0,42,5,SaaS
user_midmarket_1493,327,5,22,24.1,6,1873.65,0,2,0,0,0.82,0,68,3,Education
user_midmarket_1494,331,21,1,0.6,10,3510.31,0,0,1,0,0.43,0,34,6,Education
user_midmarket_1495,204,39,1,1.7,4,1752.69,0,0,0,0,0.78,0,61,3,Education
user_midmarket_1496,572,3,6,3.7,14,6395.9,1,1,3,3,0.32,0,34,6,Finance
user_midmarket_1497,453,2,10,18.2,11,1553.21,0,2,0,0,0.68,0,25,7,Finance
user_midmarket_1498,422,18,2,4.9,10,4332.13,0,4,2,0,0.58,0,7,9,Finance
user_midmarket_1499,250,24,4,7.9,5,2384.73,0,0,2,0,0.75,0,78,2,SaaS
user_midmarket_1500,368,18,0,0.0,7,3427.17,0,0,1,0,0.57,0,20,8,Education
