user_id,days_since_signup,days_since_last_activity,logins_last_30_days,total_active_hours,payments_made,lifetime_value_dollars,payment_failures_count,pricing_page_visits,support_tickets,open_complaint_tickets,sentiment_score,failed_onboarding_steps,plan_utilization_percent,core_features_untouched,primary_use_case
user_growth_1,143,0,8,5.3,3,1426.19,0,2,5,1,0.68,0,40,6,SaaS
user_growth_2,227,4,27,69.4,5,2271.32,0,1,1,0,0.58,0,89,1,E-commerce
user_growth_3,135,7,21,57.8,3,1230.06,0,1,0,0,0.91,0,78,2,Finance
user_growth_4,97,10,16,36.5,1,275.93,0,1,0,0,0.76,0,49,5,Finance
user_growth_5,293,55,0,0.0,8,2698.45,0,0,4,1,0.76,0,87,1,E-commerce
user_growth_6,185,7,23,28.6,5,330.45,0,0,0,0,1.0,0,63,3,Finance
user_growth_7,182,22,4,9.4,5,2194.24,0,1,2,0,1.0,0,98,0,Education
user_growth_8,244,8,8,5.6,4,587.71,0,0,0,0,0.62,0,78,2,Marketing
user_growth_9,239,27,4,3.8,6,2439.15,1,5,0,0,0.78,0,90,1,Finance
user_growth_10,107,13,5,7.4,2,977.91,0,3,0,0,0.85,0,96,0,Marketing
user_growth_11,221,8,29,22.2,5,2451.65,0,1,0,0,0.66,0,36,6,Marketing
user_growth_12,153,13,10,29.5,2,560.31,0,3,1,0,0.82,0,90,1,Marketing
user_growth_13,167,51,2,5.2,4,202.68,0,0,0,0,0.56,0,84,1,Finance
user_growth_14,230,8,24,58.2,4,1261.48,0,0,0,0,0.77,0,68,3,Finance
user_growth_15,271,10,10,24.6,7,1398.68,0,0,0,0,0.56,0,75,2,Finance
user_growth_16,250,5,15,38.9,5,921.56,1,1,4,1,0.66,0,69,3,Education
user_growth_17,42,13,9,18.6,0,0.0,0,1,1,0,0.76,2,94,0,Finance
user_growth_18,135,44,0,0.0,3,1074.36,0,0,3,1,0.4,0,66,3,Education
user_growth_19,217,42,1,1.8,5,355.27,0,0,5,2,0.7,0,94,0,Finance
user_growth_20,117,11,19,41.4,2,252.05,1,0,2,0,0.73,0,85,1,Education
user_growth_21,303,6,16,13.0,6,2751.43,1,0,2,0,0.73,0,71,2,Education
user_growth_22,252,7,21,22.5,6,1435.44,2,0,0,0,0.77,0,49,5,SaaS
user_growth_23,61,9,17,49.3,1,175.04,0,0,2,0,0.71,0,80,2,Finance
user_growth_24,120,47,1,1.6,3,1016.2,0,0,0,0,0.7,0,60,4,Marketing
user_growth_25,187,6,22,57.6,4,1643.76,0,0,1,0,0.9,0,100,0,Marketing
user_growth_26,165,12,25,55.2,3,1422.59,0,1,2,0,0.57,0,39,6,E-commerce
user_growth_27,197,1,11,27.6,5,437.26,0,0,0,0,0.89,0,71,2,Education
user_growth_28,229,11,28,21.7,3,828.36,0,0,2,0,0.91,0,100,0,Education
user_growth_29,178,2,8,9.4,3,929.95,0,3,3,2,0.8,0,82,1,SaaS
user_growth_30,265,3,11,8.9,7,914.75,1,0,0,0,0.84,0,71,2,Finance
user_growth_31,151,12,27,27.7,3,902.7,0,0,3,1,0.67,0,51,4,Marketing
user_growth_32,193,11,12,20.1,4,280.89,0,0,0,0,0.88,0,85,1,SaaS
user_growth_33,166,56,2,2.1,2,450.63,0,0,1,0,1.0,0,23,7,Education
user_growth_34,170,1,11,28.2,4,692.89,0,0,0,0,0.64,0,71,2,Education
user_growth_35,282,7,15,16.5,8,2356.54,0,4,0,0,0.65,0,59,4,SaaS
user_growth_36,161,45,2,4.8,4,859.42,0,0,3,1,0.83,0,72,2,Finance
user_growth_37,214,51,4,9.2,4,500.61,0,0,0,0,0.36,0,55,4,Education
user_growth_38,159,7,23,58.0,3,922.94,1,0,4,3,0.84,0,60,4,SaaS
user_growth_39,110,3,27,33.5,1,286.81,0,0,0,0,0.53,0,86,1,Education
user_growth_40,57,9,24,67.1,0,0.0,0,0,0,0,1.0,2,44,5,E-commerce
user_growth_41,213,38,2,4.5,5,876.74,0,2,6,1,0.66,0,75,2,Marketing
user_growth_42,172,5,29,28.0,4,274.54,1,1,0,0,1.0,0,100,0,Finance
user_growth_43,184,2,26,42.6,5,2062.35,0,3,3,2,0.67,0,100,0,E-commerce
user_growth_44,132,4,25,60.9,2,380.71,0,0,5,1,0.47,0,71,2,Finance
user_growth_45,209,0,21,12.5,4,1303.1,0,0,0,0,0.69,0,66,3,Education
user_growth_46,261,12,23,34.2,4,1542.38,0,0,1,0,0.86,0,52,4,Marketing
user_growth_47,187,3,7,15.5,4,276.9,0,1,3,1,0.69,0,100,0,E-commerce
user_growth_48,185,5,13,29.7,5,1097.49,0,0,0,0,0.9,0,60,4,SaaS
user_growth_49,151,1,15,36.5,4,1355.54,0,0,0,0,0.95,0,25,7,Marketing
user_growth_50,143,12,12,12.4,2,604.88,0,0,4,1,0.62,0,79,2,Finance
user_growth_51,276,10,7,5.0,8,776.91,0,0,0,0,0.95,0,50,5,Marketing
user_growth_52,148,10,23,34.5,2,814.98,0,4,1,0,0.55,0,58,4,SaaS
user_growth_53,155,57,0,0.0,4,1454.46,0,0,0,0,0.61,0,56,4,Marketing
user_growth_54,133,8,29,72.3,2,477.05,0,2,2,0,0.53,0,100,0,SaaS
user_growth_55,205,50,2,4.3,4,1046.8,0,0,0,0,0.89,0,76,2,Finance
user_growth_56,30,19,4,3.4,0,0.0,0,0,0,0,0.69,1,63,3,Finance
user_growth_57,160,6,8,11.8,4,204.28,1,0,0,0,0.71,0,60,4,SaaS
user_growth_58,195,23,3,5.3,5,1917.48,0,0,1,0,0.73,0,36,6,Finance
user_growth_59,189,9,11,16.8,3,1367.68,0,0,1,0,0.56,0,87,1,E-commerce
user_growth_60,255,5,18,44.7,6,2819.55,1,0,0,0,0.45,0,68,3,Education
user_growth_61,222,5,25,69.5,5,1587.81,0,0,3,1,0.83,0,65,3,Marketing
user_growth_62,116,7,10,26.2,2,112.58,0,0,3,0,0.63,0,63,3,SaaS
user_growth_63,269,6,14,21.3,4,1032.75,0,0,0,0,0.86,0,73,2,Finance
user_growth_64,263,9,28,18.3,4,1474.19,2,4,1,0,0.55,0,48,5,Education
user_growth_65,218,2,26,38.7,4,1935.82,0,0,5,0,0.7,0,44,5,E-commerce
user_growth_66,102,7,27,68.2,2,315.14,0,0,3,1,0.87,0,67,3,Marketing
user_growth_67,161,0,23,18.0,4,1977.22,0,0,3,2,0.58,0,68,3,Marketing
user_growth_68,195,42,2,3.4,5,1316.69,0,0,0,0,0.86,0,82,1,E-commerce
user_growth_69,212,18,4,11.0,6,993.39,0,0,1,0,0.84,0,90,1,Marketing
user_growth_70,156,39,0,0.0,3,1160.77,0,3,0,0,0.56,0,52,4,Finance
user_growth_71,197,56,3,6.8,5,1644.14,0,0,1,0,0.76,0,62,3,SaaS
user_growth_72,160,49,1,0.6,4,665.47,0,0,0,0,0.88,0,100,0,E-commerce
user_growth_73,148,1,21,20.6,2,870.95,0,0,3,0,0.83,0,73,2,Marketing
user_growth_74,294,13,15,20.6,5,261.58,0,0,0,0,0.65,0,95,0,Education
user_growth_75,192,41,2,3.7,5,2499.32,1,0,0,0,0.98,0,51,4,E-commerce
user_growth_76,188,9,24,39.2,5,1349.59,0,0,2,0,0.76,0,55,4,Education
user_growth_77,256,11,9,23.9,5,1143.32,1,3,2,0,0.83,0,47,5,SaaS
user_growth_78,234,11,19,13.6,5,942.46,0,6,1,0,0.71,0,50,5,SaaS
user_growth_79,220,12,7,13.3,4,212.6,0,0,0,0,0.85,0,43,5,Finance
user_growth_80,232,3,29,66.5,5,1530.44,0,0,0,0,0.89,0,84,1,Finance
user_growth_81,278,8,9,22.0,4,474.4,1,2,2,0,0.86,0,82,1,E-commerce
user_growth_82,188,12,6,10.5,4,1664.38,0,0,2,0,0.78,0,78,2,E-commerce
user_growth_83,272,6,23,16.8,6,309.03,0,3,0,0,0.78,0,51,4,Marketing
user_growth_84,131,3,10,6.3,2,173.8,0,0,1,0,0.8,0,82,1,E-commerce
user_growth_85,99,4,10,20.0,2,871.74,0,1,3,0,0.78,0,48,5,Education
user_growth_86,235,22,2,2.6,6,982.8,0,0,2,0,0.8,0,100,0,Education
user_growth_87,222,10,9,8.4,5,361.55,0,1,3,4,0.7,0,63,3,Finance
user_growth_88,243,13,8,20.4,6,1133.16,0,3,4,2,0.74,0,79,2,E-commerce
user_growth_89,240,1,26,33.3,5,1291.99,0,0,3,1,0.54,0,92,0,Education
user_growth_90,100,12,6,5.0,2,493.69,0,0,1,0,0.67,0,75,2,E-commerce
user_growth_91,286,56,0,0.0,4,861.61,0,0,0,0,0.69,0,100,0,Education
user_growth_92,133,12,12,18.6,2,152.92,2,0,0,0,0.74,0,70,3,Finance
user_growth_93,315,13,21,59.6,9,3401.2,0,1,1,0,0.6,0,97,0,Education
user_growth_94,185,5,6,5.3,4,789.5,0,0,4,1,0.88,0,79,2,Education
user_growth_95,221,3,27,31.0,6,1191.66,1,0,1,0,0.28,0,51,4,Marketing
user_growth_96,168,7,5,3.0,3,814.44,0,0,5,1,0.88,0,77,2,SaaS
user_growth_97,111,22,1,0.6,1,283.56,0,0,0,0,0.68,0,26,7,Marketing
user_growth_98,171,11,18,31.0,2,162.83,0,0,2,0,0.69,0,59,4,E-commerce
user_growth_99,226,12,25,62.7,5,272.27,0,0,5,0,0.67,0,77,2,Finance
user_growth_100,232,13,23,16.8,5,2261.24,0,0,2,0,1.0,0,83,1,Education
user_growth_101,240,6,20,18.8,5,1299.46,0,4,2,0,0.72,0,75,2,Marketing
user_growth_102,227,4,19,47.9,4,280.14,0,0,0,0,0.63,0,59,4,Finance
user_growth_103,164,2,26,17.8,3,687.9,0,0,5,0,0.81,0,68,3,Marketing
user_growth_104,305,8,24,55.0,9,2254.36,1,0,0,0,0.81,0,95,0,Education
user_growth_105,166,9,16,19.3,3,1215.67,0,0,3,1,0.65,0,74,2,SaaS
user_growth_106,170,7,28,81.6,2,565.36,0,0,1,0,0.56,0,84,1,E-commerce
user_growth_107,132,2,5,13.4,3,427.46,0,0,3,0,0.53,0,90,1,Finance
user_growth_108,90,11,29,73.8,2,211.04,4,0,0,0,0.85,0,10,9,Finance
user_growth_109,165,1,19,19.2,3,1411.93,1,0,0,0,0.67,0,37,6,SaaS
user_growth_110,174,1,6,3.3,3,822.55,0,0,1,0,0.61,0,64,3,Marketing
user_growth_111,88,10,14,11.9,1,290.17,0,3,0,0,0.85,0,61,3,Education
user_growth_112,242,4,19,36.6,7,518.9,0,1,3,3,0.97,0,95,0,Finance
user_growth_113,251,12,8,10.5,5,842.32,0,0,0,0,0.84,0,74,2,Education
user_growth_114,182,7,27,29.1,4,1360.89,0,0,1,0,0.46,0,78,2,E-commerce
user_growth_115,173,22,2,4.3,4,745.37,0,0,0,0,0.79,0,88,1,SaaS
user_growth_116,258,30,3,6.8,5,1318.54,0,3,2,0,0.68,0,61,3,Finance
user_growth_117,128,16,2,5.9,2,865.09,0,0,2,0,0.83,0,59,4,Finance
user_growth_118,135,11,10,29.9,3,648.73,0,0,1,0,0.57,0,45,5,SaaS
user_growth_119,22,5,25,72.4,0,0.0,1,0,0,0,0.63,2,31,6,SaaS
user_growth_120,113,8,25,41.7,1,184.38,0,1,3,1,0.71,0,59,4,Marketing
user_growth_121,212,11,29,35.1,4,797.91,0,0,0,0,0.6,0,75,2,SaaS
user_growth_122,233,11,11,16.9,5,1051.3,1,1,0,0,0.81,0,26,7,SaaS
user_growth_123,174,36,1,1.1,4,1050.11,0,0,1,0,0.71,0,36,6,Marketing
user_growth_124,192,3,8,13.2,3,538.26,2,0,0,0,0.86,0,69,3,Finance
user_growth_125,198,11,15,13.8,5,859.49,0,0,1,0,0.53,0,90,1,SaaS
user_growth_126,241,3,8,10.5,6,2997.32,0,2,0,0,0.93,0,73,2,SaaS
user_growth_127,167,4,23,60.5,3,705.68,0,0,0,0,0.56,0,87,1,Education
user_growth_128,111,1,20,44.9,2,321.55,0,0,1,0,0.86,0,92,0,E-commerce
user_growth_129,45,8,19,27.5,0,0.0,0,0,0,0,0.97,1,60,4,Marketing
user_growth_130,77,31,0,0.0,1,418.77,0,0,0,0,0.63,0,94,0,Marketing
user_growth_131,271,41,2,3.3,5,1602.02,0,0,0,0,0.73,0,63,3,Finance
user_growth_132,157,23,1,0.9,4,1210.71,0,0,0,0,0.58,0,67,3,Education
user_growth_133,159,0,24,47.2,4,1569.88,0,0,0,0,0.78,0,68,3,Marketing
user_growth_134,142,8,11,14.7,3,1152.28,0,3,0,0,0.85,0,65,3,E-commerce
user_growth_135,222,35,1,1.1,6,2043.41,0,1,0,0,0.65,0,57,4,E-commerce
user_growth_136,178,2,6,4.7,4,1024.75,0,0,0,0,0.99,0,100,0,Marketing
user_growth_137,156,19,4,4.3,3,293.95,0,5,2,0,0.65,0,66,3,Education
user_growth_138,159,48,2,1.7,4,754.38,0,0,0,0,0.7,0,44,5,SaaS
user_growth_139,132,12,20,56.8,2,335.04,0,0,1,0,0.64,0,52,4,Education
user_growth_140,174,4,18,37.8,3,242.97,1,2,0,0,0.86,0,69,3,Education
user_growth_141,120,9,24,16.2,3,592.65,0,1,5,2,0.74,0,44,5,Finance
user_growth_142,219,11,22,11.7,6,804.48,0,5,0,0,0.6,0,87,1,SaaS
user_growth_143,245,9,24,12.1,5,1392.92,0,0,2,0,0.67,0,40,6,E-commerce
user_growth_144,178,6,24,22.4,2,262.81,0,0,1,0,0.67,0,100,0,Marketing
user_growth_145,213,39,4,10.6,4,1197.64,0,0,1,0,0.46,0,100,0,Education
user_growth_146,237,13,9,10.9,6,351.31,0,4,1,0,0.79,0,71,2,Finance
user_growth_147,167,42,2,2.3,4,312.81,0,2,0,0,0.86,0,100,0,SaaS
user_growth_148,178,37,4,9.0,2,101.74,0,4,0,0,0.59,0,25,7,Education
user_growth_149,116,4,19,48.5,2,642.52,1,6,1,0,1.0,0,34,6,Finance
user_growth_150,137,7,28,81.2,2,547.93,0,0,0,0,0.64,0,35,6,E-commerce
user_growth_151,246,5,11,15.6,7,427.88,0,1,1,0,0.65,0,61,3,Marketing
user_growth_152,159,6,11,30.9,2,854.64,0,1,2,0,0.72,0,74,2,E-commerce
user_growth_153,211,49,4,6.7,6,2321.39,0,0,0,0,0.92,0,75,2,Marketing
user_growth_154,266,22,1,1.3,5,1934.84,0,0,0,0,0.84,0,88,1,Finance
user_growth_155,170,47,1,0.6,2,777.36,0,0,0,0,0.91,0,59,4,Finance
user_growth_156,218,32,3,7.5,4,1838.47,0,0,2,0,0.65,0,89,1,Finance
user_growth_157,109,12,12,12.2,2,810.77,0,2,3,2,0.67,0,59,4,E-commerce
user_growth_158,145,9,18,17.9,2,783.56,0,0,0,0,1.0,0,48,5,Education
user_growth_159,169,16,3,4.7,3,1099.91,0,1,0,0,0.84,0,100,0,Education
user_growth_160,176,12,24,24.8,4,1967.46,0,0,2,0,0.78,0,100,0,Finance
user_growth_161,239,2,25,64.7,5,1932.66,0,0,1,0,0.35,0,73,2,SaaS
user_growth_162,225,33,4,8.0,3,1356.36,0,0,0,0,0.87,0,84,1,Finance
user_growth_163,158,4,25,69.1,3,581.7,0,1,2,0,0.76,0,63,3,Marketing
user_growth_164,204,8,29,63.6,4,273.14,1,4,0,0,0.99,0,86,1,Finance
user_growth_165,72,4,16,23.4,1,397.47,0,0,0,0,0.57,0,64,3,Education
user_growth_166,225,11,29,64.1,4,1915.75,1,1,1,0,0.8,0,86,1,Marketing
user_growth_167,143,10,22,49.8,2,107.45,1,0,0,0,0.93,0,38,6,Marketing
user_growth_168,179,0,25,42.1,2,825.97,0,0,1,0,0.81,0,57,4,SaaS
user_growth_169,140,48,1,0.9,3,1075.25,0,0,1,0,0.66,0,65,3,Marketing
user_growth_170,95,5,14,32.7,2,635.12,1,0,10,3,0.98,0,54,4,SaaS
user_growth_171,209,11,20,11.4,3,1458.46,0,0,0,0,0.64,0,61,3,Education
user_growth_172,155,9,21,62.6,4,372.93,1,0,3,0,0.83,0,65,3,SaaS
user_growth_173,167,10,24,58.1,4,1074.82,0,0,1,0,0.78,0,86,1,E-commerce
user_growth_174,204,2,14,30.9,3,623.2,0,2,1,0,0.93,0,75,2,Education
user_growth_175,192,3,25,27.0,3,1057.84,0,0,2,0,1.0,0,88,1,SaaS
user_growth_176,199,30,3,5.2,4,1295.66,0,3,1,0,0.99,0,53,4,E-commerce
user_growth_177,190,3,24,19.5,3,1135.84,0,0,2,0,0.88,0,66,3,Finance
user_growth_178,167,3,21,54.8,2,312.1,0,0,0,0,0.76,0,45,5,Marketing
user_growth_179,290,8,19,24.3,6,1859.36,0,0,2,0,0.69,0,91,0,Marketing
user_growth_180,269,4,19,18.2,5,2351.93,0,1,1,0,0.86,0,86,1,Marketing
user_growth_181,68,9,25,65.7,1,462.36,0,1,1,0,0.72,0,63,3,Education
user_growth_182,83,6,17,13.1,1,205.53,0,0,0,0,0.65,0,36,6,Finance
user_growth_183,223,6,11,18.8,5,1573.78,0,0,0,0,0.58,0,60,4,E-commerce
user_growth_184,155,9,8,16.8,2,769.97,0,0,0,0,0.79,0,78,2,Marketing
user_growth_185,236,27,1,1.0,5,2289.13,0,1,1,0,0.63,0,95,0,SaaS
user_growth_186,287,0,29,43.9,8,1541.17,0,0,0,0,0.67,0,63,3,Finance
user_growth_187,184,10,29,17.0,5,2061.31,0,1,1,0,0.86,0,59,4,Finance
user_growth_188,229,10,6,8.2,4,1078.37,1,0,0,0,0.86,0,87,1,Education
user_growth_189,204,12,10,8.1,3,186.05,2,0,0,0,0.84,0,100,0,Finance
user_growth_190,247,13,8,10.8,4,787.59,0,0,2,0,0.7,0,55,4,SaaS
user_growth_191,213,3,24,17.3,5,1598.47,0,0,5,1,0.51,0,34,6,Marketing
user_growth_192,92,53,3,7.6,1,105.2,0,0,0,0,0.69,0,46,5,E-commerce
user_growth_193,128,2,5,12.9,3,1008.64,0,0,1,0,0.83,0,100,0,Education
user_growth_194,156,9,20,60.0,3,865.13,0,1,1,0,0.7,0,98,0,E-commerce
user_growth_195,93,13,11,31.5,1,480.19,0,0,0,0,0.74,0,65,3,Education
user_growth_196,156,8,25,74.3,3,256.08,0,1,0,0,0.52,0,48,5,Education
user_growth_197,227,8,18,36.5,4,1137.82,0,0,0,0,0.47,0,84,1,SaaS
user_growth_198,206,11,11,32.0,3,338.4,0,0,1,0,0.95,0,61,3,E-commerce
user_growth_199,157,4,26,74.4,4,1632.37,0,0,1,0,0.88,0,61,3,SaaS
user_growth_200,188,32,0,0.0,3,750.68,0,4,1,0,0.43,0,97,0,Finance
user_growth_201,85,11,12,12.0,1,337.95,0,0,0,0,0.77,0,50,5,Finance
user_growth_202,144,2,18,26.7,2,845.95,1,0,4,3,0.71,0,100,0,SaaS
user_growth_203,220,3,9,11.7,6,762.76,0,1,2,0,0.86,0,79,2,Finance
user_growth_204,206,12,5,7.9,3,319.84,0,0,1,0,0.67,0,82,1,E-commerce
user_growth_205,78,8,14,17.0,1,487.18,0,0,1,0,0.66,0,62,3,Education
user_growth_206,239,6,18,25.4,6,399.34,0,0,4,0,0.89,0,73,2,E-commerce
user_growth_207,124,56,2,1.3,3,1477.24,0,0,2,0,0.88,0,90,1,Marketing
user_growth_208,96,5,11,18.4,2,684.49,0,0,2,0,0.9,0,77,2,Finance
user_growth_209,242,6,9,8.9,7,2001.85,0,0,4,0,0.76,0,90,1,E-commerce
user_growth_210,138,28,1,1.2,3,1189.82,0,2,0,0,0.81,0,65,3,Finance
user_growth_211,246,8,12,11.1,7,2814.94,0,2,0,0,0.74,0,59,4,Finance
user_growth_212,194,5,23,18.1,3,1097.59,0,2,5,4,0.57,0,70,3,SaaS
user_growth_213,241,9,6,3.5,5,1869.83,0,1,2,0,0.88,0,59,4,SaaS
user_growth_214,177,0,15,21.9,4,1066.7,0,3,5,1,0.9,0,62,3,Marketing
user_growth_215,146,15,2,1.2,3,235.33,0,1,3,2,0.79,0,57,4,E-commerce
user_growth_216,156,35,2,2.3,3,1197.28,1,0,1,0,1.0,0,91,0,SaaS
user_growth_217,201,18,3,6.1,4,1769.96,0,0,0,0,0.8,0,43,5,Marketing
user_growth_218,185,5,23,30.2,5,1504.3,0,0,0,0,0.79,0,46,5,Marketing
user_growth_219,151,10,17,29.9,3,1393.1,0,0,6,0,0.7,0,79,2,E-commerce
user_growth_220,182,51,3,2.2,4,1010.43,1,0,0,0,0.75,0,67,3,SaaS
user_growth_221,139,0,15,34.4,2,303.19,0,0,0,0,0.66,0,75,2,E-commerce
user_growth_222,59,7,20,20.6,0,0.0,1,0,0,0,0.71,2,33,6,E-commerce
user_growth_223,172,4,17,27.2,3,1003.38,0,0,0,0,0.94,0,80,2,SaaS
user_growth_224,22,49,0,0.0,0,0.0,0,0,0,0,0.91,0,47,5,E-commerce
user_growth_225,129,11,19,13.4,3,1125.53,0,4,0,0,1.0,0,61,3,Marketing
user_growth_226,153,52,1,2.0,4,1491.23,0,0,3,1,0.63,0,95,0,Finance
user_growth_227,171,22,1,0.7,2,405.68,0,0,0,0,0.92,0,96,0,E-commerce
user_growth_228,200,11,21,41.1,4,1925.75,0,3,0,0,0.77,0,56,4,E-commerce
user_growth_229,128,17,1,1.6,2,408.47,0,1,1,0,0.62,0,56,4,Finance
user_growth_230,152,9,9,16.3,4,1278.67,0,0,3,0,0.68,0,66,3,SaaS
user_growth_231,166,11,26,59.6,4,375.17,0,0,0,0,0.79,0,30,7,Education
user_growth_232,170,51,0,0.0,4,918.8,0,1,3,0,0.75,0,77,2,E-commerce
user_growth_233,133,40,2,2.8,3,985.87,0,0,1,0,0.83,0,43,5,E-commerce
user_growth_234,131,16,0,0.0,3,631.8,0,1,4,0,0.94,0,77,2,SaaS
user_growth_235,128,1,20,19.8,3,945.32,0,0,4,0,0.63,0,89,1,Finance
user_growth_236,195,8,28,16.3,4,1267.7,0,0,0,0,0.65,0,50,5,E-commerce
user_growth_237,239,42,3,5.5,4,434.29,0,1,0,0,0.88,0,89,1,SaaS
user_growth_238,225,9,28,19.7,4,911.83,3,1,1,0,0.66,0,41,5,Marketing
user_growth_239,143,48,2,5.1,3,847.49,0,0,2,0,0.61,0,31,6,Marketing
user_growth_240,268,11,27,64.0,6,472.8,0,0,1,0,0.62,0,76,2,SaaS
user_growth_241,196,8,28,55.8,4,1910.9,0,0,1,0,1.0,0,83,1,Finance
user_growth_242,196,47,3,6.5,4,1658.06,0,2,3,1,0.79,0,100,0,Education
user_growth_243,206,1,20,40.5,3,1228.53,0,1,0,0,0.85,0,95,0,Marketing
user_growth_244,203,2,25,40.8,4,584.14,0,0,0,0,0.83,0,51,4,SaaS
user_growth_245,166,9,17,24.8,4,204.14,0,2,2,0,0.44,0,73,2,E-commerce
user_growth_246,102,12,22,32.8,2,706.47,0,0,0,0,0.88,0,72,2,Marketing
user_growth_247,69,10,28,49.1,1,181.24,0,0,0,0,0.63,0,88,1,SaaS
user_growth_248,330,5,26,14.5,10,4662.63,0,0,3,0,1.0,0,86,1,E-commerce
user_growth_249,154,7,26,67.0,3,164.95,0,0,0,0,0.66,0,69,3,Marketing
user_growth_250,228,11,27,30.2,5,1416.91,0,2,3,2,0.66,0,70,3,SaaS
user_growth_251,212,13,22,17.5,5,1092.06,0,0,0,0,0.67,0,70,3,Marketing
user_growth_252,231,3,27,37.3,4,1991.35,0,0,1,0,0.7,0,88,1,E-commerce
user_growth_253,129,6,15,9.0,3,264.65,0,0,1,0,0.92,0,45,5,Education
user_growth_254,113,6,21,27.7,2,951.03,0,0,0,0,0.71,0,37,6,E-commerce
user_growth_255,158,19,2,4.3,3,297.97,0,3,2,0,0.64,0,53,4,Marketing
user_growth_256,211,4,9,19.9,3,1362.58,0,0,0,0,0.73,0,74,2,Education
user_growth_257,151,3,22,42.6,2,167.43,0,1,1,0,0.61,0,46,5,E-commerce
user_growth_258,140,2,18,10.5,2,405.15,1,0,0,0,0.74,0,90,1,Finance
user_growth_259,91,18,4,2.8,1,467.72,1,0,0,0,0.61,0,62,3,Finance
user_growth_260,199,7,11,10.6,3,884.5,0,0,0,0,0.88,0,45,5,Education
user_growth_261,164,1,10,22.8,4,589.45,0,3,1,0,0.65,0,57,4,E-commerce
user_growth_262,251,11,10,7.5,6,2593.42,0,0,0,0,0.62,0,48,5,E-commerce
user_growth_263,205,27,1,2.7,4,916.89,0,3,1,0,0.74,0,65,3,Education
user_growth_264,189,29,1,2.9,5,2191.59,0,1,0,0,0.69,0,86,1,Finance
user_growth_265,206,2,28,50.4,5,843.25,0,0,0,0,1.0,0,53,4,Marketing
user_growth_266,281,3,11,19.6,7,3016.83,0,0,1,0,0.82,0,100,0,Education
user_growth_267,254,0,26,26.8,4,1261.3,0,2,0,0,1.0,0,46,5,Marketing
user_growth_268,223,6,11,22.7,3,244.33,0,0,2,0,0.67,0,94,0,Education
user_growth_269,99,2,23,50.4,2,180.73,0,0,0,0,0.7,0,58,4,Education
user_growth_270,231,2,20,37.2,5,893.81,0,2,1,0,0.82,0,75,2,Finance
user_growth_271,115,10,10,23.1,2,907.88,0,1,0,0,0.71,0,60,4,E-commerce
user_growth_272,215,4,26,46.4,5,1074.72,0,6,0,0,0.57,0,38,6,E-commerce
user_growth_273,202,12,14,25.4,5,1824.25,0,0,0,0,0.72,0,31,6,Education
user_growth_274,264,0,5,7.9,5,318.38,0,0,0,0,0.77,0,78,2,Marketing
user_growth_275,267,7,24,43.0,6,1588.63,0,1,0,0,0.9,0,100,0,Marketing
user_growth_276,154,2,6,8.3,4,1058.54,0,2,1,0,0.73,0,72,2,Finance
user_growth_277,158,8,22,65.9,3,982.1,0,0,0,0,0.8,0,51,4,Finance
user_growth_278,149,19,2,3.8,2,483.02,0,0,3,0,0.9,0,52,4,SaaS
user_growth_279,129,9,28,79.6,2,190.67,0,0,2,0,0.78,0,40,6,Education
user_growth_280,212,9,9,20.5,4,1116.37,0,0,0,0,0.95,0,100,0,Marketing
user_growth_281,273,8,19,21.3,6,2649.01,0,1,2,0,0.87,0,87,1,Marketing
user_growth_282,220,6,9,18.1,6,2165.79,0,2,2,0,0.63,0,55,4,Marketing
user_growth_283,259,10,5,7.6,5,1733.77,2,4,1,0,0.69,0,81,1,Finance
user_growth_284,168,13,7,18.9,3,336.8,0,0,1,0,0.72,0,57,4,E-commerce
user_growth_285,165,5,16,41.6,2,766.68,0,1,0,0,0.76,0,46,5,Education
user_growth_286,69,11,15,23.7,1,138.02,0,1,0,0,0.67,0,61,3,Marketing
user_growth_287,143,10,15,11.5,3,914.04,0,0,1,0,1.0,0,75,2,SaaS
user_growth_288,194,6,27,14.6,5,2104.42,0,0,0,0,0.68,0,36,6,Education
user_growth_289,210,3,23,12.8,5,1312.07,0,1,0,0,0.85,0,81,1,Finance
user_growth_290,90,4,17,19.4,1,485.64,0,0,0,0,0.57,0,78,2,Marketing
user_growth_291,178,7,8,6.3,4,586.11,0,1,1,0,0.7,0,52,4,Education
user_growth_292,184,21,4,11.3,3,685.75,0,0,0,0,0.82,0,100,0,E-commerce
user_growth_293,255,8,27,41.4,6,552.87,0,0,1,0,0.7,0,42,5,Marketing
user_growth_294,163,1,7,18.9,3,921.14,0,0,1,0,0.8,0,79,2,Education
user_growth_295,163,13,9,12.1,2,730.02,1,0,2,0,0.67,0,55,4,Marketing
user_growth_296,212,57,1,2.4,5,1734.78,0,0,2,0,0.6,0,80,2,SaaS
user_growth_297,158,8,24,64.4,2,233.92,0,0,2,0,0.78,0,79,2,Education
user_growth_298,163,2,24,70.3,4,617.74,0,3,0,0,0.6,0,83,1,Marketing
user_growth_299,79,56,3,3.7,1,414.8,0,0,0,0,0.59,0,81,1,Marketing
user_growth_300,154,37,4,4.5,4,661.95,3,2,0,0,0.69,0,49,5,SaaS
user_growth_301,235,3,15,34.9,6,976.61,0,0,1,0,0.52,0,88,1,SaaS
user_growth_302,263,10,5,9.5,4,1597.15,0,0,0,0,0.72,0,68,3,Education
user_growth_303,234,7,11,31.5,4,1846.82,0,3,0,0,1.0,0,62,3,E-commerce
user_growth_304,143,6,10,17.6,3,1223.71,0,1,3,0,0.76,0,38,6,Finance
user_growth_305,198,2,10,19.2,4,913.6,0,0,0,0,0.61,0,79,2,Marketing
user_growth_306,218,11,16,19.6,6,664.09,1,0,2,0,0.92,0,62,3,E-commerce
user_growth_307,37,7,25,45.5,0,0.0,0,2,0,0,0.7,1,61,3,E-commerce
user_growth_308,329,48,1,1.4,7,2078.14,0,1,0,0,1.0,0,62,3,Marketing
user_growth_309,204,20,3,7.7,3,906.53,0,0,5,2,0.96,0,44,5,E-commerce
user_growth_310,165,5,6,12.9,4,1928.95,0,3,6,1,0.61,0,100,0,Finance
user_growth_311,256,3,14,41.0,5,806.92,0,0,2,0,0.71,0,38,6,Education
user_growth_312,115,8,15,44.4,1,389.81,0,2,2,0,0.81,0,76,2,Education
user_growth_313,119,9,9,7.6,2,922.93,0,3,0,0,0.89,0,66,3,Marketing
user_growth_314,53,12,7,15.2,0,0.0,0,0,0,0,0.74,0,77,2,SaaS
user_growth_315,91,7,17,15.1,1,54.81,0,0,2,0,0.77,0,55,4,SaaS
user_growth_316,94,5,12,29.0,1,462.72,0,0,0,0,0.75,0,75,2,Finance
user_growth_317,125,34,0,0.0,2,764.23,0,0,4,3,0.87,0,46,5,Education
user_growth_318,205,15,4,2.5,5,342.32,0,5,1,0,0.49,0,77,2,Finance
user_growth_319,150,2,8,5.6,2,651.25,0,0,1,0,0.86,0,65,3,E-commerce
user_growth_320,254,6,15,42.6,4,256.59,0,0,1,0,0.69,0,100,0,Marketing
user_growth_321,268,6,16,34.5,5,2245.6,0,1,0,0,0.76,0,61,3,Education
user_growth_322,221,9,25,63.8,6,2514.65,0,5,0,0,0.87,0,76,2,E-commerce
user_growth_323,235,1,16,16.9,6,843.87,0,0,1,0,0.75,0,49,5,Marketing
user_growth_324,186,5,7,11.5,3,841.54,0,0,0,0,0.82,0,92,0,Finance
user_growth_325,140,4,7,4.5,3,534.44,0,0,1,0,0.86,0,38,6,E-commerce
user_growth_326,179,10,24,25.1,4,1338.99,0,1,1,0,0.54,0,59,4,Finance
user_growth_327,143,13,14,15.3,2,269.4,0,2,0,0,0.91,0,45,5,SaaS
user_growth_328,164,25,3,5.6,4,1743.39,0,0,0,0,1.0,0,52,4,Marketing
user_growth_329,185,16,1,2.8,5,1296.28,0,5,0,0,0.57,0,60,4,SaaS
user_growth_330,125,13,16,9.3,2,916.07,0,0,1,0,0.65,0,65,3,Marketing
user_growth_331,151,10,28,19.8,3,242.47,0,1,0,0,0.48,0,66,3,Education
user_growth_332,263,9,23,47.9,5,1501.62,0,1,2,0,0.76,0,92,0,Finance
user_growth_333,154,55,3,6.5,4,1079.94,0,1,0,0,0.81,0,70,3,Education
user_growth_334,173,29,2,5.5,2,401.37,0,0,2,0,0.83,0,69,3,E-commerce
user_growth_335,230,1,28,34.6,4,1342.07,0,0,1,0,0.7,0,53,4,Education
user_growth_336,79,12,13,15.4,1,207.64,0,0,1,0,0.83,0,47,5,Finance
user_growth_337,205,52,3,3.8,3,796.65,0,1,0,0,0.87,0,60,4,SaaS
user_growth_338,197,25,4,4.8,5,522.34,0,0,5,0,0.68,0,68,3,SaaS
user_growth_339,78,3,20,28.5,1,464.96,0,0,0,0,0.84,0,57,4,Education
user_growth_340,153,7,9,26.7,2,408.36,0,4,0,0,0.52,0,39,6,SaaS
user_growth_341,253,12,15,12.5,5,2205.65,0,1,2,0,0.8,0,100,0,SaaS
user_growth_342,149,8,13,36.9,2,929.93,0,0,1,0,0.69,0,79,2,SaaS
user_growth_343,216,7,22,47.6,6,2051.88,0,0,4,1,0.71,0,58,4,SaaS
user_growth_344,131,5,7,10.9,3,598.95,0,0,4,2,0.56,0,100,0,SaaS
user_growth_345,172,2,15,7.6,3,1403.3,1,0,0,0,1.0,0,82,1,Education
user_growth_346,154,5,29,61.3,3,201.64,0,0,1,0,0.81,0,30,7,Finance
user_growth_347,183,21,4,3.5,5,2370.29,0,0,1,0,0.56,0,75,2,Education
user_growth_348,222,12,21,10.8,4,1588.12,0,0,3,1,0.83,0,52,4,Finance
user_growth_349,135,10,28,40.2,2,347.23,0,0,3,0,0.71,0,69,3,Marketing
user_growth_350,193,5,9,25.1,3,820.92,0,0,2,0,0.61,0,66,3,Finance
user_growth_351,139,13,15,11.0,2,775.53,1,0,4,1,0.63,0,42,5,Education
user_growth_352,145,13,13,28.4,3,903.31,0,0,0,0,0.65,0,84,1,Marketing
user_growth_353,169,15,4,8.9,3,250.93,0,5,1,0,1.0,0,96,0,SaaS
user_growth_354,177,11,7,8.3,3,275.28,0,0,2,0,0.98,0,100,0,SaaS
user_growth_355,157,10,14,31.5,4,643.28,0,0,1,0,0.61,0,96,0,SaaS
user_growth_356,119,8,29,33.5,2,558.83,0,0,0,0,0.67,0,51,4,Finance
user_growth_357,143,9,9,4.6,3,1210.55,0,0,1,0,0.78,0,68,3,Education
user_growth_358,224,1,18,35.4,5,1691.6,0,0,1,0,1.0,0,84,1,Education
user_growth_359,128,0,12,27.1,3,1010.64,0,0,4,0,0.75,0,66,3,Finance
user_growth_360,246,51,4,11.8,6,2467.43,0,0,2,0,0.68,0,88,1,SaaS
user_growth_361,209,6,28,83.4,3,949.99,0,0,2,0,0.94,0,100,0,Marketing
user_growth_362,239,9,7,11.2,3,1443.41,0,0,1,0,0.52,0,77,2,E-commerce
user_growth_363,146,44,2,1.7,3,1261.13,0,1,0,0,0.63,0,86,1,SaaS
user_growth_364,235,16,0,0.0,5,996.4,0,2,0,0,0.71,0,64,3,Marketing
user_growth_365,215,10,28,33.6,6,2127.81,0,4,4,2,0.66,0,94,0,Education
user_growth_366,214,11,11,17.0,5,1366.91,0,1,3,1,0.74,0,58,4,Education
user_growth_367,187,49,2,1.7,5,1595.78,0,4,0,0,0.46,0,60,4,SaaS
user_growth_368,22,44,3,7.8,0,0.0,0,0,3,0,0.82,2,100,0,Finance
user_growth_369,208,10,19,47.4,3,870.54,0,0,1,0,0.88,0,31,6,Education
user_growth_370,171,26,4,8.8,4,495.23,0,0,1,0,0.81,0,52,4,SaaS
user_growth_371,145,13,13,7.3,2,438.89,0,0,0,0,0.92,0,67,3,Education
user_growth_372,277,47,0,0.0,6,1819.03,0,0,3,1,0.73,0,52,4,Marketing
user_growth_373,186,0,14,25.0,3,1274.27,0,2,1,0,0.69,0,44,5,Marketing
user_growth_374,189,13,15,37.8,3,820.62,0,0,3,2,0.48,0,98,0,Finance
user_growth_375,223,7,13,10.4,6,2920.15,0,3,0,0,0.48,0,80,2,E-commerce
user_growth_376,137,13,10,25.5,2,981.15,0,1,4,1,0.39,0,82,1,Marketing
user_growth_377,165,8,29,81.2,3,1456.51,0,0,3,1,0.91,0,94,0,E-commerce
user_growth_378,181,8,18,22.3,5,1877.77,0,1,1,0,0.95,0,93,0,Education
user_growth_379,102,58,2,5.4,2,847.59,0,0,0,0,0.89,0,64,3,Finance
user_growth_380,187,7,17,39.7,3,721.46,0,0,1,0,0.85,0,48,5,Marketing
user_growth_381,237,13,26,43.4,6,307.18,0,1,2,0,0.76,0,54,4,Education
user_growth_382,155,3,5,8.8,3,835.97,0,2,1,0,0.6,0,41,5,E-commerce
user_growth_383,205,4,7,11.2,5,1281.26,0,0,0,0,0.74,0,100,0,E-commerce
user_growth_384,159,35,4,4.7,4,1461.81,0,0,4,0,0.66,0,37,6,E-commerce
user_growth_385,210,51,2,3.4,6,1937.45,0,0,0,0,0.6,0,59,4,SaaS
user_growth_386,134,11,13,14.6,2,873.17,0,0,2,0,0.55,0,60,4,E-commerce
user_growth_387,150,10,13,38.1,4,853.14,0,0,0,0,0.96,0,44,5,Marketing
user_growth_388,116,7,26,60.9,2,916.66,0,2,1,0,0.66,0,46,5,E-commerce
user_growth_389,215,12,16,39.0,6,871.8,0,0,2,0,0.8,0,26,7,Finance
user_growth_390,75,13,23,30.8,1,307.47,0,0,0,0,0.69,0,75,2,Finance
user_growth_391,168,0,5,3.0,3,426.88,0,0,1,0,1.0,0,77,2,E-commerce
user_growth_392,243,9,21,61.3,5,1998.03,1,1,1,0,0.84,0,69,3,Education
user_growth_393,147,4,5,3.2,3,389.4,0,2,2,0,0.85,0,80,2,Finance
user_growth_394,98,25,4,6.5,2,185.45,0,0,0,0,0.85,0,47,5,Finance
user_growth_395,208,6,25,51.9,3,834.33,0,0,1,0,0.95,0,81,1,Education
user_growth_396,223,8,16,23.4,4,1737.75,0,0,3,0,0.64,0,93,0,Marketing
user_growth_397,147,6,28,53.4,3,728.65,0,2,4,2,0.55,0,88,1,SaaS
user_growth_398,213,11,10,19.2,5,1119.75,0,0,2,0,0.93,0,89,1,Marketing
user_growth_399,232,12,25,19.3,5,2259.68,0,0,0,0,0.68,0,84,1,Finance
user_growth_400,215,3,27,61.5,5,659.28,0,0,1,0,0.81,0,66,3,Education
user_growth_401,282,32,4,5.4,7,2397.16,0,3,2,0,0.76,0,43,5,SaaS
user_growth_402,214,2,21,29.6,4,1999.38,0,3,1,0,0.71,0,53,4,Marketing
user_growth_403,258,9,27,53.9,7,2095.57,0,0,3,1,0.71,0,51,4,Education
user_growth_404,203,6,28,73.9,5,1680.58,0,0,1,0,0.58,0,67,3,Education
user_growth_405,69,28,0,0.0,1,286.06,2,0,0,0,0.47,0,17,8,SaaS
user_growth_406,217,21,3,6.0,5,579.87,0,0,1,0,0.73,0,85,1,Education
user_growth_407,150,1,22,57.2,4,981.18,0,0,0,0,0.54,0,56,4,Finance
user_growth_408,225,18,3,2.2,3,900.46,0,0,0,0,0.78,0,75,2,Education
user_growth_409,197,4,26,31.0,5,250.26,0,0,0,0,0.9,0,86,1,Finance
user_growth_410,303,3,20,46.5,5,281.87,0,1,0,0,0.63,0,70,3,Marketing
user_growth_411,155,6,12,25.3,3,1183.11,1,1,0,0,0.56,0,57,4,Education
user_growth_412,162,8,5,3.1,2,154.88,0,2,2,0,0.75,0,92,0,Marketing
user_growth_413,122,2,26,73.8,2,227.05,0,0,0,0,0.94,0,83,1,Marketing
user_growth_414,161,11,26,25.2,4,1907.24,0,0,1,0,0.63,0,37,6,Finance
user_growth_415,197,8,27,20.5,3,474.91,0,1,0,0,0.8,0,70,3,SaaS
user_growth_416,267,2,13,20.5,7,3028.1,0,2,3,2,0.56,0,60,4,Marketing
user_growth_417,199,46,2,4.4,4,1837.25,0,2,0,0,0.86,0,62,3,Finance
user_growth_418,157,47,0,0.0,2,791.26,0,0,3,0,0.93,0,60,4,Finance
user_growth_419,111,11,13,8.9,1,245.94,0,1,0,0,0.75,0,82,1,Finance
user_growth_420,252,7,22,32.8,6,2076.87,0,0,1,0,0.81,0,91,0,SaaS
user_growth_421,177,11,14,12.1,4,1139.57,0,3,0,0,0.69,0,89,1,SaaS
user_growth_422,221,13,10,8.5,6,1501.04,0,0,0,0,0.62,0,69,3,Finance
user_growth_423,137,5,5,6.0,2,194.24,0,4,1,0,0.31,0,47,5,Finance
user_growth_424,161,23,4,4.4,3,502.59,0,0,6,1,0.84,0,70,3,Marketing
user_growth_425,197,57,0,0.0,5,677.3,0,0,0,0,0.65,0,70,3,Finance
user_growth_426,200,11,18,29.4,3,307.18,0,1,0,0,0.65,0,54,4,Marketing
user_growth_427,204,48,3,3.2,3,205.78,0,0,0,0,0.84,0,66,3,Marketing
user_growth_428,83,0,9,24.0,1,147.79,0,1,0,0,0.76,0,78,2,Education
user_growth_429,184,59,1,1.7,3,386.08,0,0,5,3,0.95,0,62,3,Marketing
user_growth_430,152,11,22,46.9,3,926.84,0,1,3,0,0.69,0,55,4,E-commerce
user_growth_431,202,2,6,14.8,3,967.97,0,0,1,0,0.97,0,75,2,Education
user_growth_432,170,13,16,15.6,4,1792.25,0,5,4,1,0.67,0,63,3,Finance
user_growth_433,179,8,29,84.5,3,1140.68,0,0,0,0,0.75,0,84,1,E-commerce
user_growth_434,216,10,21,22.3,6,1911.19,0,0,3,3,0.74,0,51,4,Marketing
user_growth_435,182,49,0,0.0,3,1262.28,0,0,0,0,0.8,0,53,4,Finance
user_growth_436,117,9,24,46.5,2,981.55,0,0,0,0,0.62,0,66,3,SaaS
user_growth_437,174,51,4,8.7,3,1478.62,0,2,4,0,0.9,0,99,0,Education
user_growth_438,176,6,5,9.0,3,1372.23,0,1,0,0,0.67,0,75,2,SaaS
user_growth_439,179,8,29,25.2,3,874.0,0,2,0,0,0.71,0,29,7,SaaS
user_growth_440,220,3,23,56.7,5,1151.94,0,0,0,0,0.92,0,56,4,Education
user_growth_441,121,9,11,29.4,3,539.62,0,0,4,1,0.69,0,27,7,Marketing
user_growth_442,287,49,4,6.9,8,1821.67,0,2,1,0,0.64,0,80,2,Education
user_growth_443,72,4,24,58.1,1,410.62,0,3,4,1,0.73,0,62,3,Finance
user_growth_444,67,29,1,2.7,1,189.33,0,0,0,0,0.9,0,80,2,SaaS
user_growth_445,193,6,13,27.4,4,342.19,0,5,1,0,0.74,0,35,6,Finance
user_growth_446,272,7,21,31.1,7,3009.4,0,0,0,0,0.67,0,42,5,E-commerce
user_growth_447,350,4,28,31.9,6,1360.13,0,0,2,0,0.87,0,96,0,Finance
user_growth_448,238,5,21,61.4,3,191.79,0,0,1,0,0.71,0,42,5,E-commerce
user_growth_449,195,3,13,7.9,4,951.0,1,0,1,0,0.91,0,75,2,Finance
user_growth_450,114,12,16,41.2,2,601.67,0,0,4,0,0.62,0,57,4,Marketing
user_growth_451,201,5,25,58.4,5,758.19,0,0,0,0,0.66,0,81,1,Marketing
user_growth_452,93,10,24,54.6,1,193.37,1,2,0,0,0.71,0,91,0,Education
user_growth_453,233,3,29,39.1,3,715.3,0,4,1,0,0.92,0,63,3,Education
user_growth_454,165,10,14,27.8,3,342.23,0,0,0,0,0.57,0,97,0,E-commerce
user_growth_455,123,1,25,63.2,3,812.11,0,1,0,0,0.75,0,79,2,Marketing
user_growth_456,145,4,21,45.7,3,585.74,0,0,1,0,0.98,0,86,1,Education
user_growth_457,223,12,6,17.5,5,752.95,0,0,0,0,0.62,0,54,4,Marketing
user_growth_458,173,56,3,8.3,2,673.75,0,0,2,0,0.73,0,82,1,Education
user_growth_459,268,43,3,7.4,7,3320.51,0,0,1,0,0.83,0,72,2,E-commerce
user_growth_460,288,4,23,55.8,6,1177.14,0,1,0,0,0.69,0,64,3,E-commerce
user_growth_461,303,1,9,4.6,7,3275.66,0,0,0,0,0.49,0,64,3,E-commerce
user_growth_462,48,23,1,2.7,0,0.0,0,3,0,0,0.57,0,100,0,E-commerce
user_growth_463,129,2,7,15.9,2,418.47,0,3,5,0,0.84,0,46,5,E-commerce
user_growth_464,99,0,17,15.1,1,291.31,0,0,0,0,1.0,0,35,6,SaaS
user_growth_465,148,1,13,8.3,3,643.39,0,0,5,1,0.68,0,78,2,Finance
user_growth_466,249,41,4,3.7,5,2448.57,0,4,0,0,0.77,0,86,1,SaaS
user_growth_467,36,5,9,24.2,0,0.0,0,5,0,0,0.77,0,92,0,Education
user_growth_468,150,22,2,4.0,3,1417.54,0,0,2,0,0.78,0,82,1,Marketing
user_growth_469,319,7,29,18.9,5,513.2,0,1,1,0,0.68,0,39,6,Marketing
user_growth_470,274,5,22,33.6,8,3440.1,0,0,1,0,0.79,0,79,2,SaaS
user_growth_471,219,52,1,1.6,4,816.71,0,1,0,0,0.68,0,65,3,Education
user_growth_472,188,28,0,0.0,5,2137.26,2,0,2,0,0.75,0,86,1,E-commerce
user_growth_473,259,3,11,18.0,4,1814.71,0,0,1,0,0.91,0,100,0,Marketing
user_growth_474,262,36,3,3.0,4,1854.41,0,0,4,2,0.86,0,94,0,Education
user_growth_475,134,12,22,21.1,2,644.27,0,0,0,0,0.76,0,94,0,SaaS
user_growth_476,128,4,9,9.7,3,927.38,1,0,0,0,0.64,0,61,3,SaaS
user_growth_477,150,13,5,9.2,3,1340.7,0,0,0,0,0.33,0,85,1,SaaS
user_growth_478,154,33,4,10.3,3,1151.69,0,4,0,0,0.52,0,35,6,Marketing
user_growth_479,186,0,15,20.3,3,332.17,0,0,0,0,0.76,0,36,6,Education
user_growth_480,158,7,12,13.2,3,1211.88,1,1,0,0,0.69,0,47,5,Finance
user_growth_481,83,13,10,26.2,1,473.68,1,0,1,0,0.55,0,45,5,E-commerce
user_growth_482,178,4,11,28.6,3,909.46,0,0,0,0,0.66,0,35,6,E-commerce
user_growth_483,157,16,3,1.5,4,1201.13,0,2,1,0,0.8,0,66,3,Marketing
user_growth_484,235,46,3,5.2,5,1962.02,0,0,1,0,0.97,0,44,5,Finance
user_growth_485,223,9,28,61.3,5,398.1,0,0,0,0,0.73,0,60,4,Finance
user_growth_486,252,2,23,15.5,4,700.75,0,0,0,0,0.71,0,46,5,Education
user_growth_487,173,10,26,48.9,2,606.32,0,2,0,0,0.61,0,27,7,E-commerce
user_growth_488,147,0,25,29.4,3,447.14,0,0,1,0,0.9,0,100,0,SaaS
user_growth_489,199,6,20,25.8,3,1095.07,0,0,3,1,0.56,0,73,2,SaaS
user_growth_490,179,29,4,2.9,3,1153.46,0,0,1,0,0.97,0,56,4,Education
user_growth_491,160,13,5,3.1,4,330.58,0,0,1,0,0.81,0,99,0,Education
user_growth_492,244,29,2,5.4,5,630.52,0,0,1,0,0.66,0,65,3,Finance
user_growth_493,158,11,28,77.3,2,592.8,0,0,4,1,0.98,0,47,5,Finance
user_growth_494,182,1,8,13.7,4,506.83,0,0,1,0,0.74,0,55,4,Finance
user_growth_495,134,38,3,2.4,3,763.46,0,0,1,0,0.44,0,98,0,Marketing
user_growth_496,120,50,4,2.9,3,256.51,0,0,1,0,0.58,0,55,4,SaaS
user_growth_497,128,8,19,45.0,3,334.29,1,0,1,0,0.79,0,61,3,E-commerce
user_growth_498,338,12,26,25.4,10,574.27,0,0,1,0,1.0,0,100,0,Education
user_growth_499,247,11,8,20.6,4,1616.72,0,1,3,2,0.85,0,98,0,E-commerce
user_growth_500,159,47,1,1.0,4,850.07,0,4,1,0,0.9,0,57,4,E-commerce
user_growth_501,311,57,4,2.9,5,561.02,0,0,0,0,0.91,0,65,3,Marketing
user_growth_502,186,50,3,3.8,4,1808.77,0,0,1,0,0.72,0,55,4,SaaS
user_growth_503,183,8,12,11.0,3,854.86,0,3,1,0,0.78,0,51,4,E-commerce
user_growth_504,183,3,15,15.0,3,1060.96,0,0,3,0,0.61,0,81,1,E-commerce
user_growth_505,168,4,15,15.4,2,794.97,0,0,0,0,0.66,0,71,2,Education
user_growth_506,112,10,21,27.9,2,199.73,1,4,3,0,0.63,0,19,8,Finance
user_growth_507,178,2,20,47.8,3,889.96,0,3,0,0,0.58,0,68,3,E-commerce
user_growth_508,200,6,7,7.8,3,974.28,0,1,0,0,0.55,0,72,2,Finance
user_growth_509,254,13,6,8.7,4,1112.45,0,0,1,0,0.96,0,76,2,Education
user_growth_510,204,1,7,6.9,4,646.22,0,0,1,0,0.78,0,95,0,Marketing
user_growth_511,58,6,22,12.8,0,0.0,0,0,0,0,0.71,1,64,3,SaaS
user_growth_512,125,9,8,16.6,3,1459.29,0,6,0,0,0.62,0,54,4,Marketing
user_growth_513,156,10,24,64.5,4,211.58,1,2,0,0,1.0,0,66,3,Marketing
user_growth_514,101,12,28,51.3,2,831.99,0,0,1,0,0.58,0,51,4,SaaS
user_growth_515,28,5,29,40.4,0,0.0,0,0,0,0,0.75,1,58,4,E-commerce
user_growth_516,247,6,9,8.0,4,1761.06,0,0,0,0,0.77,0,68,3,SaaS
user_growth_517,157,2,7,10.6,4,1543.19,0,0,2,0,0.69,0,90,1,Marketing
user_growth_518,213,33,3,6.6,6,2479.71,1,0,3,1,1.0,0,77,2,Education
user_growth_519,191,12,21,29.0,5,864.01,0,0,1,0,0.64,0,52,4,E-commerce
user_growth_520,251,45,3,4.6,7,1551.38,0,6,0,0,0.62,0,47,5,Marketing
user_growth_521,248,2,20,50.2,4,1155.02,0,0,0,0,0.92,0,84,1,Marketing
user_growth_522,145,9,9,11.3,2,254.95,0,0,1,0,0.85,0,57,4,E-commerce
user_growth_523,211,4,8,12.7,6,1763.54,0,0,0,0,0.66,0,68,3,Finance
user_growth_524,217,9,12,11.9,5,2059.59,0,0,2,0,0.71,0,48,5,E-commerce
user_growth_525,183,55,2,5.1,4,446.45,0,0,0,0,0.81,0,92,0,Marketing
user_growth_526,204,8,15,15.1,5,1032.94,0,0,2,0,0.96,0,43,5,Marketing
user_growth_527,261,5,8,12.9,7,1752.22,0,0,0,0,0.83,0,89,1,SaaS
user_growth_528,273,36,3,2.0,4,768.33,1,3,1,0,0.72,0,59,4,Education
user_growth_529,178,0,17,45.2,3,348.91,1,1,1,0,0.69,0,58,4,E-commerce
user_growth_530,193,19,4,4.2,5,2126.07,0,0,2,0,0.59,0,66,3,Education
user_growth_531,181,1,20,19.7,4,1539.55,0,0,2,0,0.95,0,42,5,Education
user_growth_532,242,4,12,14.5,7,1060.68,0,0,0,0,0.82,0,60,4,Education
user_growth_533,202,9,17,39.7,3,906.6,0,0,1,0,0.93,0,53,4,Finance
user_growth_534,203,8,8,20.2,3,660.79,0,0,1,0,0.82,0,68,3,E-commerce
user_growth_535,186,12,23,38.6,4,755.43,0,0,4,1,0.6,0,90,1,SaaS
user_growth_536,172,7,23,64.7,4,618.71,0,0,1,0,0.72,0,74,2,E-commerce
user_growth_537,195,12,24,41.9,5,1385.85,0,1,4,2,0.62,0,47,5,Finance
user_growth_538,105,10,29,68.8,2,720.92,0,1,2,0,0.82,0,70,3,Marketing
user_growth_539,180,2,22,33.7,3,1416.53,0,0,7,2,0.62,0,82,1,SaaS
user_growth_540,198,6,24,48.8,4,462.23,0,3,0,0,1.0,0,35,6,Marketing
user_growth_541,221,1,23,37.5,5,1075.35,0,0,0,0,0.78,0,69,3,E-commerce
user_growth_542,274,30,0,0.0,6,629.62,0,0,5,2,0.8,0,56,4,Finance
user_growth_543,207,9,29,79.1,3,227.32,0,1,1,0,0.57,0,38,6,Education
user_growth_544,182,0,14,34.7,5,1180.17,0,0,5,1,0.88,0,91,0,Education
user_growth_545,154,1,19,18.7,4,695.03,0,0,2,0,0.77,0,96,0,E-commerce
user_growth_546,165,1,16,14.2,2,955.07,0,3,0,0,0.9,0,49,5,Marketing
user_growth_547,165,1,11,7.4,4,601.62,0,0,1,0,0.64,0,94,0,Finance
user_growth_548,266,18,3,5.0,7,951.49,0,0,4,1,0.65,0,83,1,Finance
user_growth_549,234,11,25,37.3,4,1496.79,0,0,0,0,0.69,0,60,4,E-commerce
user_growth_550,135,43,0,0.0,2,125.86,3,2,0,0,0.81,0,57,4,Education
user_growth_551,136,7,20,21.6,3,1390.11,0,2,0,0,0.39,0,82,1,Marketing
user_growth_552,244,54,1,1.2,6,310.18,0,0,0,0,0.89,0,93,0,Marketing
user_growth_553,189,11,29,54.5,4,1161.82,0,4,0,0,0.76,0,58,4,Marketing
user_growth_554,156,26,1,2.0,4,1090.99,0,6,0,0,1.0,0,81,1,SaaS
user_growth_555,211,8,8,21.1,3,393.93,0,0,3,1,1.0,0,43,5,Education
user_growth_556,251,0,11,22.3,7,1905.13,0,1,0,0,1.0,0,96,0,E-commerce
user_growth_557,146,11,23,12.9,3,1054.76,0,2,1,0,0.97,0,70,3,Education
user_growth_558,145,0,29,70.7,3,1484.2,0,1,0,0,0.76,0,81,1,Finance
user_growth_559,226,25,1,1.2,5,2260.48,1,2,1,0,0.97,0,82,1,Education
user_growth_560,190,2,13,24.5,5,779.12,0,0,4,1,0.66,0,82,1,Marketing
user_growth_561,165,2,26,13.2,4,1744.33,0,0,0,0,0.78,0,75,2,Education
user_growth_562,124,12,16,42.5,3,1138.29,0,1,0,0,0.58,0,83,1,E-commerce
user_growth_563,222,8,16,12.8,5,977.79,0,0,1,0,0.75,0,51,4,Marketing
user_growth_564,213,10,13,12.9,6,1540.95,0,0,1,0,0.72,0,79,2,Marketing
user_growth_565,159,47,0,0.0,3,589.9,0,0,0,0,0.83,0,54,4,Education
user_growth_566,148,0,14,23.9,2,482.09,0,0,1,0,0.79,0,76,2,E-commerce
user_growth_567,298,7,7,10.3,7,503.9,0,3,0,0,0.71,0,26,7,Education
user_growth_568,258,11,11,20.4,4,215.76,0,0,0,0,0.69,0,92,0,E-commerce
user_growth_569,148,12,24,62.3,3,1438.19,0,2,0,0,0.85,0,58,4,Finance
user_growth_570,131,1,13,26.2,3,357.43,0,0,4,1,0.69,0,25,7,Education
user_growth_571,133,20,2,3.7,3,1331.94,1,0,0,0,0.85,0,76,2,SaaS
user_growth_572,289,3,18,35.4,6,1857.49,0,0,1,0,0.91,0,59,4,Marketing
user_growth_573,52,12,17,30.1,0,0.0,0,0,0,0,0.83,1,100,0,Marketing
user_growth_574,207,46,0,0.0,4,606.83,0,0,3,2,0.88,0,85,1,SaaS
user_growth_575,192,33,3,2.5,3,1160.03,0,0,0,0,0.91,0,74,2,SaaS
user_growth_576,226,43,3,7.5,5,587.11,0,0,4,1,0.91,0,51,4,Education
user_growth_577,191,10,21,40.2,5,1654.07,0,4,0,0,0.35,0,83,1,Education
user_growth_578,158,7,10,12.9,3,357.68,0,1,1,0,0.63,0,77,2,Marketing
user_growth_579,162,6,6,10.6,2,836.67,0,0,3,0,0.54,0,66,3,E-commerce
user_growth_580,202,1,9,16.4,4,652.52,0,0,1,0,0.73,0,66,3,SaaS
user_growth_581,212,9,17,17.9,6,1801.53,0,3,6,0,0.71,0,76,2,SaaS
user_growth_582,312,10,9,13.1,5,1424.91,0,0,3,1,0.71,0,100,0,SaaS
user_growth_583,181,31,0,0.0,3,1323.76,0,0,1,0,0.73,0,95,0,Marketing
user_growth_584,216,0,26,61.7,6,2886.64,0,2,1,0,0.9,0,58,4,SaaS
user_growth_585,191,7,23,29.6,4,524.86,0,0,1,0,0.92,0,70,3,Marketing
user_growth_586,214,12,20,45.5,4,391.42,0,0,3,0,0.62,0,56,4,E-commerce
user_growth_587,136,23,3,7.7,2,289.04,0,0,0,0,0.7,0,91,0,E-commerce
user_growth_588,176,40,3,7.3,3,508.05,0,0,0,0,0.66,0,52,4,E-commerce
user_growth_589,167,47,3,9.0,3,985.62,0,0,0,0,0.86,0,94,0,SaaS
user_growth_590,104,25,2,3.0,2,758.0,0,1,0,0,0.55,0,66,3,Marketing
user_growth_591,256,7,19,28.8,4,492.66,0,0,1,0,0.79,0,100,0,E-commerce
user_growth_592,120,49,4,5.1,2,362.11,0,0,1,0,0.74,0,36,6,Education
user_growth_593,238,35,3,5.3,6,1518.37,0,0,2,0,0.5,0,61,3,E-commerce
user_growth_594,178,3,27,54.4,3,489.14,0,1,0,0,0.75,0,77,2,Marketing
user_growth_595,183,38,4,6.5,5,321.78,0,2,0,0,0.55,0,73,2,Marketing
user_growth_596,198,42,0,0.0,4,1444.02,0,0,0,0,0.47,0,52,4,Finance
user_growth_597,190,4,16,36.5,3,907.04,0,5,1,0,0.54,0,69,3,E-commerce
user_growth_598,69,47,2,1.2,1,419.85,0,1,4,0,0.77,0,82,1,Education
user_growth_599,70,0,13,9.5,1,445.87,0,0,1,0,0.72,0,74,2,Marketing
user_growth_600,157,25,0,0.0,4,457.61,0,0,1,0,0.59,0,100,0,Education
user_growth_601,232,53,1,2.4,6,2164.58,1,0,0,0,0.86,0,81,1,E-commerce
user_growth_602,88,45,1,2.2,1,401.51,0,3,0,0,0.69,0,54,4,Finance
user_growth_603,267,7,28,82.9,4,1529.06,0,0,0,0,0.69,0,53,4,Marketing
user_growth_604,235,2,12,31.5,6,1746.38,0,0,0,0,0.73,0,52,4,Marketing
user_growth_605,150,11,28,40.4,3,743.32,0,0,0,0,0.89,0,67,3,SaaS
user_growth_606,164,0,21,21.5,3,376.6,0,1,0,0,1.0,0,60,4,Marketing
user_growth_607,253,55,3,8.0,7,2458.24,0,1,1,0,0.52,0,96,0,Marketing
user_growth_608,187,1,11,27.1,4,1295.57,0,0,0,0,0.98,0,66,3,Marketing
user_growth_609,119,3,6,14.6,2,869.69,0,0,2,0,0.74,0,39,6,E-commerce
user_growth_610,107,0,23,38.3,1,198.27,0,0,5,0,0.82,0,74,2,SaaS
user_growth_611,100,28,1,1.1,1,225.59,0,4,2,0,0.59,0,72,2,E-commerce
user_growth_612,214,8,17,20.4,5,1939.37,0,0,1,0,0.7,0,91,0,Finance
user_growth_613,180,5,25,55.9,5,2089.19,0,3,0,0,0.64,0,86,1,E-commerce
user_growth_614,199,1,16,39.3,5,1407.28,0,0,1,0,0.82,0,73,2,Marketing
user_growth_615,187,6,29,16.6,4,1408.93,0,0,0,0,0.67,0,50,5,Education
user_growth_616,223,12,14,19.1,3,611.26,0,1,2,0,0.72,0,52,4,Marketing
user_growth_617,300,7,20,16.5,6,2925.14,0,0,0,0,0.62,0,55,4,E-commerce
user_growth_618,193,12,26,73.5,4,1899.37,0,2,1,0,0.89,0,70,3,SaaS
user_growth_619,129,2,27,40.1,2,531.64,0,0,0,0,0.84,0,65,3,Education
user_growth_620,35,5,9,6.1,0,0.0,0,0,1,0,0.74,1,41,5,Finance
user_growth_621,206,8,12,15.6,4,938.31,3,3,1,0,0.99,0,64,3,SaaS
user_growth_622,117,2,29,34.6,2,421.42,0,0,3,2,0.75,0,76,2,Finance
user_growth_623,235,8,10,10.7,5,1533.04,0,0,0,0,0.8,0,93,0,SaaS
user_growth_624,290,3,9,18.1,6,1639.58,0,0,1,0,0.65,0,79,2,Marketing
user_growth_625,153,0,7,15.5,4,211.14,0,2,0,0,0.87,0,85,1,Finance
user_growth_626,66,4,25,42.8,1,391.46,1,1,5,1,0.88,0,60,4,Finance
user_growth_627,166,8,24,37.3,3,1499.0,0,1,0,0,0.79,0,30,7,Marketing
user_growth_628,197,47,1,1.6,3,218.06,0,6,4,1,0.57,0,62,3,SaaS
user_growth_629,76,42,1,2.8,1,496.38,0,1,1,0,0.71,0,57,4,Finance
user_growth_630,212,4,11,23.8,6,380.39,0,1,1,0,0.8,0,92,0,Marketing
user_growth_631,220,0,19,12.3,6,2932.27,0,0,0,0,0.63,0,67,3,Finance
user_growth_632,224,8,20,12.0,4,466.43,0,3,0,0,0.63,0,46,5,Marketing
user_growth_633,254,22,3,7.9,7,2083.03,0,0,0,0,1.0,0,67,3,Finance
user_growth_634,223,11,10,25.3,6,2051.61,0,0,0,0,0.8,0,55,4,Marketing
user_growth_635,144,29,1,0.7,2,510.28,0,0,0,0,0.98,0,65,3,Finance
user_growth_636,216,47,0,0.0,3,156.45,0,0,0,0,0.88,0,42,5,Marketing
user_growth_637,191,11,29,74.1,4,1568.91,0,0,1,0,0.91,0,66,3,Marketing
user_growth_638,118,10,5,11.5,2,927.85,0,0,1,0,0.87,0,93,0,E-commerce
user_growth_639,147,10,10,10.5,2,482.01,0,0,2,0,0.76,0,66,3,Education
user_growth_640,110,5,8,21.0,2,608.79,0,6,2,0,0.87,0,59,4,SaaS
user_growth_641,72,50,2,2.0,1,321.45,0,0,0,0,0.67,0,37,6,Marketing
user_growth_642,187,40,2,2.1,3,846.38,0,0,1,0,0.69,0,76,2,Education
user_growth_643,227,45,0,0.0,4,1244.44,0,0,5,0,0.92,0,68,3,Marketing
user_growth_644,219,5,9,13.7,3,213.65,0,0,0,0,1.0,0,61,3,SaaS
user_growth_645,42,57,1,1.3,0,0.0,0,0,4,1,0.7,0,99,0,Education
user_growth_646,192,1,5,12.9,5,1113.12,0,1,1,0,0.55,0,94,0,Marketing
user_growth_647,76,11,9,16.5,1,455.67,3,0,1,0,0.85,0,80,2,E-commerce
user_growth_648,177,1,6,13.0,4,1501.31,1,0,1,0,0.8,0,13,8,SaaS
user_growth_649,100,26,2,2.3,2,897.26,0,1,0,0,0.94,0,46,5,Education
user_growth_650,73,28,3,2.5,1,276.86,0,0,0,0,0.85,0,66,3,Finance
user_growth_651,71,28,3,6.9,1,495.78,0,0,0,0,0.52,0,68,3,Marketing
user_growth_652,137,36,0,0.0,2,759.02,0,0,0,0,0.78,0,50,5,Finance
user_growth_653,253,15,1,2.8,4,1059.49,0,1,0,0,0.83,0,49,5,SaaS
user_growth_654,248,52,4,8.3,4,311.72,0,0,1,0,1.0,0,64,3,Finance
user_growth_655,256,11,28,38.0,6,1102.78,0,0,0,0,0.58,0,46,5,Education
user_growth_656,165,28,1,3.0,2,272.28,1,5,0,0,0.94,0,96,0,Marketing
user_growth_657,177,10,14,20.0,3,797.36,0,2,1,0,0.77,0,100,0,SaaS
user_growth_658,195,5,9,15.5,3,1044.17,0,3,4,2,0.6,0,88,1,Education
user_growth_659,262,12,15,12.6,7,2495.55,0,0,0,0,0.89,0,47,5,SaaS
user_growth_660,259,32,3,4.4,5,1625.25,0,0,2,0,0.81,0,66,3,Marketing
user_growth_661,218,52,0,0.0,6,2132.17,0,4,1,0,0.67,0,94,0,SaaS
user_growth_662,191,36,0,0.0,4,1052.95,0,0,0,0,0.82,0,57,4,Marketing
user_growth_663,285,3,26,45.0,6,2494.71,0,0,1,0,0.68,0,54,4,Finance
user_growth_664,92,45,4,6.3,2,849.51,0,0,0,0,1.0,0,64,3,SaaS
user_growth_665,82,12,6,5.6,1,104.84,0,6,0,0,0.69,0,73,2,Education
user_growth_666,225,39,3,7.8,4,962.62,1,0,3,0,0.78,0,36,6,Finance
user_growth_667,209,7,26,60.5,5,1382.36,0,0,3,0,0.85,0,76,2,Marketing
user_growth_668,200,2,29,66.0,5,533.15,0,0,2,0,0.8,0,55,4,Education
user_growth_669,207,1,16,44.1,4,1509.47,0,1,0,0,0.79,0,83,1,E-commerce
user_growth_670,323,45,0,0.0,9,3866.36,0,0,0,0,0.64,0,88,1,Marketing
user_growth_671,198,5,18,40.3,3,454.78,0,0,2,0,0.95,0,55,4,SaaS
user_growth_672,172,31,0,0.0,3,813.78,0,0,1,0,0.65,0,76,2,SaaS
user_growth_673,196,2,12,18.0,5,1354.27,0,1,4,1,0.97,0,59,4,Education
user_growth_674,211,6,18,27.5,6,1298.02,0,1,2,0,0.66,0,80,2,Marketing
user_growth_675,201,1,6,9.0,4,1921.33,0,1,1,0,0.83,0,37,6,SaaS
user_growth_676,186,16,3,8.2,3,603.31,0,1,0,0,0.48,0,49,5,SaaS
user_growth_677,188,18,1,0.6,4,1818.1,2,0,3,1,0.86,0,78,2,E-commerce
user_growth_678,174,12,15,13.1,4,1843.88,0,0,0,0,0.46,0,19,8,Marketing
user_growth_679,198,1,7,7.4,3,295.87,0,0,0,0,0.87,0,47,5,E-commerce
user_growth_680,221,4,9,8.1,5,1735.2,0,0,3,1,0.72,0,82,1,Marketing
user_growth_681,183,3,20,28.1,5,769.69,0,0,1,0,0.74,0,68,3,E-commerce
user_growth_682,226,13,14,13.0,5,1064.32,0,2,0,0,0.81,0,65,3,Education
user_growth_683,274,18,3,6.6,7,2442.03,0,0,2,0,0.7,0,99,0,SaaS
user_growth_684,174,10,10,15.6,3,1100.03,0,0,0,0,0.6,0,72,2,Marketing
user_growth_685,144,0,25,75.0,3,1267.95,0,0,0,0,0.62,0,45,5,Education
user_growth_686,345,7,22,55.8,10,4376.94,0,0,1,0,0.74,0,68,3,Marketing
user_growth_687,220,6,22,62.1,6,2918.57,0,0,3,1,0.86,0,59,4,E-commerce
user_growth_688,150,6,16,25.4,4,1379.67,0,0,1,0,0.91,0,46,5,SaaS
user_growth_689,223,16,0,0.0,6,1298.87,0,2,0,0,0.82,0,71,2,Education
user_growth_690,236,13,9,26.7,5,349.94,0,0,0,0,0.59,0,72,2,Marketing
user_growth_691,223,18,1,2.7,6,771.26,0,1,1,0,0.73,0,56,4,Finance
user_growth_692,253,43,0,0.0,6,1019.5,0,0,0,0,0.58,0,66,3,Marketing
user_growth_693,183,0,9,11.0,3,970.28,0,0,0,0,0.95,0,78,2,E-commerce
user_growth_694,192,25,0,0.0,4,566.09,0,0,5,1,0.89,0,66,3,SaaS
user_growth_695,131,45,4,10.0,3,947.44,0,1,1,0,0.66,0,69,3,Marketing
user_growth_696,136,6,14,13.3,3,679.29,0,0,1,0,0.54,0,61,3,SaaS
user_growth_697,163,56,0,0.0,4,1299.86,0,0,1,0,0.78,0,64,3,Marketing
user_growth_698,215,8,17,16.8,4,1096.84,0,1,0,0,0.8,0,82,1,Education
user_growth_699,179,52,1,1.4,3,650.8,0,0,0,0,0.51,0,100,0,Marketing
user_growth_700,174,16,2,1.2,4,678.53,0,0,0,0,0.93,0,75,2,Finance
user_growth_701,222,13,5,7.5,4,1120.44,0,0,6,0,0.65,0,67,3,Marketing
user_growth_702,214,6,13,28.0,6,2384.28,0,0,1,0,0.84,0,86,1,SaaS
user_growth_703,182,7,21,43.0,4,1899.26,0,0,0,0,0.63,0,85,1,Marketing
user_growth_704,221,21,0,0.0,5,505.01,0,1,1,0,0.45,0,55,4,SaaS
user_growth_705,233,4,9,17.0,6,1768.19,0,0,0,0,1.0,0,63,3,Finance
user_growth_706,107,36,0,0.0,2,178.15,1,0,1,0,0.74,0,89,1,Finance
user_growth_707,237,50,2,1.2,6,646.45,1,4,2,0,0.82,0,67,3,Finance
user_growth_708,151,0,14,8.3,3,919.88,0,0,0,0,0.87,0,78,2,Marketing
user_growth_709,158,8,23,61.8,3,313.83,0,1,2,0,0.92,0,75,2,SaaS
user_growth_710,36,57,4,2.1,0,0.0,0,0,2,0,0.82,0,100,0,Finance
user_growth_711,79,59,0,0.0,1,216.07,0,0,1,0,0.71,0,52,4,Finance
user_growth_712,159,9,15,37.5,3,535.08,0,0,5,3,0.53,0,65,3,E-commerce
user_growth_713,236,8,7,10.6,4,910.38,1,0,2,0,1.0,0,32,6,Education
user_growth_714,107,0,13,29.6,2,892.0,0,0,2,0,1.0,0,40,6,E-commerce
user_growth_715,224,0,17,11.7,4,817.87,0,3,3,0,0.91,0,76,2,Marketing
user_growth_716,38,8,13,36.2,0,0.0,0,0,1,0,0.81,0,76,2,SaaS
user_growth_717,194,10,29,76.6,5,2437.13,0,0,4,0,0.66,0,34,6,SaaS
user_growth_718,214,8,14,39.4,5,2075.42,0,0,0,0,0.92,0,61,3,Finance
user_growth_719,108,6,11,28.1,1,133.59,1,0,3,3,0.8,0,59,4,Finance
user_growth_720,234,32,4,10.6,4,1237.43,0,0,0,0,0.62,0,55,4,Education
user_growth_721,88,5,10,16.7,1,315.58,0,0,0,0,0.89,0,47,5,Marketing
user_growth_722,194,6,27,74.8,5,704.79,0,1,1,0,0.68,0,90,1,SaaS
user_growth_723,233,1,25,27.7,5,2295.8,0,0,2,0,0.98,0,74,2,SaaS
user_growth_724,184,4,17,26.4,5,1631.83,0,0,0,0,0.72,0,75,2,Marketing
user_growth_725,106,7,9,24.0,2,112.27,0,2,3,0,0.64,0,88,1,E-commerce
user_growth_726,222,8,10,25.1,3,422.15,0,0,2,0,0.81,0,84,1,Marketing
user_growth_727,291,38,1,1.2,8,2138.49,0,0,0,0,0.69,0,45,5,Education
user_growth_728,175,57,4,7.7,4,1312.48,0,0,2,0,0.83,0,80,2,E-commerce
user_growth_729,88,52,1,1.0,1,85.98,0,0,1,0,0.68,0,66,3,SaaS
user_growth_730,171,10,21,20.2,4,274.83,0,1,1,0,0.73,0,59,4,SaaS
user_growth_731,192,8,27,57.8,5,1625.89,0,0,6,0,0.49,0,58,4,Finance
user_growth_732,192,12,7,4.8,5,2417.67,1,0,0,0,0.98,0,29,7,Education
user_growth_733,115,32,4,6.3,1,387.2,0,1,1,0,0.55,0,66,3,E-commerce
user_growth_734,214,3,24,18.3,5,634.66,0,0,1,0,0.96,0,57,4,Education
user_growth_735,179,13,29,81.8,3,524.92,0,0,3,0,0.82,0,30,7,Education
user_growth_736,127,13,13,20.5,3,1413.51,1,1,1,0,1.0,0,92,0,SaaS
user_growth_737,150,0,28,69.9,2,314.88,0,0,2,0,0.72,0,69,3,Finance
user_growth_738,162,9,18,51.3,2,663.24,0,2,2,0,0.75,0,74,2,E-commerce
user_growth_739,133,12,10,5.2,2,136.98,1,0,0,0,0.86,0,88,1,SaaS
user_growth_740,77,3,15,42.8,1,241.05,0,0,0,0,0.82,0,62,3,Marketing
user_growth_741,178,7,26,55.2,4,209.83,0,1,1,0,0.88,0,66,3,Finance
user_growth_742,141,5,12,35.9,2,146.79,0,0,0,0,0.93,0,73,2,SaaS
user_growth_743,267,9,23,38.9,4,1475.37,0,2,0,0,0.97,0,76,2,SaaS
user_growth_744,190,9,16,11.0,5,1959.36,0,1,0,0,1.0,0,92,0,Marketing
user_growth_745,187,11,13,10.6,5,587.49,0,0,0,0,0.74,0,62,3,Education
user_growth_746,209,10,8,20.4,5,1700.7,0,2,4,1,0.61,0,84,1,Marketing
user_growth_747,176,11,14,7.8,2,380.74,0,0,0,0,0.64,0,100,0,Marketing
user_growth_748,299,11,9,13.2,7,583.26,1,3,1,0,0.83,0,85,1,SaaS
user_growth_749,150,2,15,44.8,4,404.32,1,0,4,1,0.88,0,81,1,SaaS
user_growth_750,165,5,13,13.1,3,1161.12,0,0,0,0,0.48,0,75,2,E-commerce
user_growth_751,238,6,17,21.6,4,915.68,0,0,0,0,0.85,0,100,0,Marketing
user_growth_752,77,2,13,37.7,1,116.37,0,0,0,0,0.93,0,65,3,Education
user_growth_753,155,9,16,31.2,3,941.21,0,0,0,0,0.57,0,84,1,Education
user_growth_754,107,9,16,32.7,1,447.89,0,0,1,0,0.62,0,44,5,SaaS
user_growth_755,205,52,4,4.9,4,674.26,0,0,3,0,0.73,0,57,4,SaaS
user_growth_756,221,3,20,17.5,6,1142.54,0,1,2,0,0.86,0,49,5,Marketing
user_growth_757,134,0,28,75.9,2,607.09,0,0,0,0,0.59,0,65,3,Education
user_growth_758,213,4,24,29.3,3,888.06,0,4,0,0,0.6,0,86,1,Marketing
user_growth_759,189,3,11,17.0,3,586.61,0,0,1,0,0.86,0,77,2,Finance
user_growth_760,135,8,15,8.5,3,1351.61,1,0,0,0,0.98,0,69,3,Marketing
user_growth_761,214,51,4,5.4,5,1009.28,0,4,2,0,0.76,0,51,4,Finance
user_growth_762,183,9,21,62.2,5,573.14,0,0,0,0,0.91,0,62,3,Finance
user_growth_763,138,9,5,3.8,2,130.63,0,3,1,0,0.74,0,55,4,Finance
user_growth_764,177,7,6,7.3,3,1054.85,0,0,4,0,0.77,0,62,3,Education
user_growth_765,187,2,22,25.2,3,971.63,1,0,0,0,0.79,0,78,2,Marketing
user_growth_766,42,6,27,36.2,0,0.0,0,2,2,0,0.65,1,81,1,SaaS
user_growth_767,220,1,26,47.1,5,519.22,0,1,0,0,0.65,0,18,8,Finance
user_growth_768,236,6,22,23.3,6,870.16,0,0,0,0,0.72,0,39,6,Marketing
user_growth_769,209,11,5,12.4,3,1210.83,0,0,0,0,0.89,0,56,4,Marketing
user_growth_770,178,2,27,59.9,3,1425.73,0,0,5,1,0.96,0,38,6,Marketing
user_growth_771,258,7,18,35.9,5,1238.02,0,1,1,0,0.55,0,50,5,Education
user_growth_772,199,12,23,61.4,4,417.19,0,0,0,0,0.57,0,66,3,SaaS
user_growth_773,250,7,7,13.1,6,2981.81,0,0,1,0,0.83,0,40,6,Finance
user_growth_774,209,20,0,0.0,3,855.26,0,1,1,0,0.68,0,68,3,Education
user_growth_775,8,11,17,17.0,0,0.0,1,0,1,0,0.91,0,65,3,E-commerce
user_growth_776,153,27,2,2.5,3,1473.33,0,1,1,0,0.98,0,23,7,Marketing
user_growth_777,260,15,0,0.0,4,655.91,0,2,2,0,0.83,0,62,3,Education
user_growth_778,143,48,0,0.0,3,984.41,0,1,8,0,0.79,0,56,4,Marketing
user_growth_779,135,5,10,5.5,3,432.3,0,0,0,0,0.73,0,70,3,Finance
user_growth_780,213,24,2,3.1,5,1390.15,2,0,1,0,1.0,0,54,4,SaaS
user_growth_781,193,7,13,32.8,5,1188.59,0,1,0,0,0.85,0,73,2,Education
user_growth_782,24,0,27,56.9,0,0.0,1,4,0,0,0.75,2,75,2,Education
user_growth_783,234,4,24,33.1,4,1087.26,0,1,2,0,0.73,0,58,4,Finance
user_growth_784,305,33,2,3.8,5,2398.29,0,1,0,0,0.66,0,82,1,E-commerce
user_growth_785,152,6,5,10.2,4,1228.81,2,0,2,0,0.92,0,36,6,Education
user_growth_786,180,0,22,33.6,3,1028.02,0,0,0,0,0.84,0,67,3,E-commerce
user_growth_787,271,35,0,0.0,7,1842.25,1,0,2,0,0.62,0,68,3,E-commerce
user_growth_788,203,1,21,59.9,5,2311.29,0,0,2,0,0.9,0,100,0,Marketing
user_growth_789,173,11,24,71.7,3,349.14,0,0,0,0,0.62,0,44,5,E-commerce
user_growth_790,217,31,0,0.0,3,1382.67,0,0,1,0,0.7,0,59,4,Education
user_growth_791,128,8,9,24.7,3,1364.15,0,1,0,0,0.79,0,73,2,Finance
user_growth_792,128,8,5,7.1,2,685.79,0,0,3,3,1.0,0,53,4,Finance
user_growth_793,234,8,28,59.4,5,1123.62,2,0,1,0,0.81,0,72,2,E-commerce
user_growth_794,145,12,10,5.8,3,1148.32,0,0,0,0,0.76,0,100,0,Marketing
user_growth_795,98,11,14,16.9,2,678.61,0,2,4,1,0.79,0,76,2,Finance
user_growth_796,155,55,4,4.1,3,557.18,0,0,1,0,0.5,0,60,4,E-commerce
user_growth_797,193,4,6,10.8,3,846.53,0,0,0,0,0.83,0,59,4,E-commerce
user_growth_798,158,39,2,2.4,3,219.71,1,1,1,0,0.62,0,48,5,SaaS
user_growth_799,212,0,18,26.9,4,1902.38,0,1,1,0,0.62,0,71,2,Marketing
user_growth_800,132,3,16,46.2,3,1231.95,0,0,0,0,0.48,0,72,2,SaaS
user_growth_801,226,40,2,1.3,4,1959.24,0,2,0,0,0.75,0,47,5,Marketing
user_growth_802,87,1,7,7.6,1,385.32,1,3,1,0,0.61,0,41,5,E-commerce
user_growth_803,158,11,14,39.6,2,984.41,0,0,0,0,0.85,0,46,5,E-commerce
user_growth_804,166,4,22,17.0,4,759.09,1,1,1,0,0.86,0,54,4,Finance
user_growth_805,139,11,27,51.9,2,811.81,0,0,2,0,0.65,0,59,4,SaaS
user_growth_806,212,5,23,58.0,4,1055.63,0,1,2,0,0.89,0,57,4,Education
user_growth_807,224,7,12,35.5,5,1343.22,0,0,3,1,0.83,0,100,0,E-commerce
user_growth_808,135,5,6,11.8,2,964.04,0,1,0,0,0.72,0,49,5,Education
user_growth_809,232,1,10,14.7,5,604.7,1,1,0,0,0.82,0,95,0,E-commerce
user_growth_810,167,32,0,0.0,3,675.1,0,0,3,0,1.0,0,51,4,Education
user_growth_811,124,4,24,63.1,3,1176.89,0,0,7,0,0.87,0,55,4,Marketing
user_growth_812,245,6,17,48.8,6,2293.03,0,0,2,0,0.58,0,62,3,Finance
user_growth_813,168,5,20,33.1,2,278.97,0,0,0,0,0.75,0,78,2,E-commerce
user_growth_814,240,13,28,51.4,5,390.41,0,2,4,1,0.47,0,53,4,E-commerce
user_growth_815,128,12,17,11.4,2,335.38,0,0,2,0,0.52,0,83,1,SaaS
user_growth_816,144,58,3,4.6,2,539.34,0,0,0,0,0.65,0,85,1,Finance
user_growth_817,51,53,0,0.0,0,0.0,0,4,0,0,0.53,3,73,2,Marketing
user_growth_818,235,1,7,11.2,6,1822.52,0,0,0,0,1.0,0,66,3,Finance
user_growth_819,182,7,21,41.5,3,1111.83,0,0,0,0,0.51,0,70,3,Education
user_growth_820,112,5,7,4.4,2,767.47,0,0,0,0,0.83,0,88,1,SaaS
user_growth_821,248,9,25,47.3,6,555.09,0,0,1,0,0.6,0,55,4,E-commerce
user_growth_822,240,1,28,59.3,5,693.03,0,1,2,0,0.89,0,55,4,SaaS
user_growth_823,113,10,13,34.9,2,690.19,0,0,0,0,0.86,0,35,6,SaaS
user_growth_824,164,53,1,2.4,4,871.23,0,0,0,0,0.51,0,75,2,Finance
user_growth_825,146,13,24,59.7,3,867.15,0,1,2,0,0.53,0,100,0,Education
user_growth_826,222,6,24,62.4,4,1057.48,0,1,4,2,0.74,0,38,6,Marketing
user_growth_827,129,9,16,25.1,3,1338.75,0,0,2,0,0.67,0,47,5,Education
user_growth_828,153,25,0,0.0,4,951.36,0,0,1,0,0.42,0,60,4,E-commerce
user_growth_829,139,9,11,21.8,3,1054.14,0,0,1,0,0.63,0,41,5,E-commerce
user_growth_830,351,59,0,0.0,5,2331.0,0,3,0,0,0.41,0,85,1,E-commerce
user_growth_831,1,8,23,25.9,0,0.0,0,0,5,0,0.57,0,68,3,E-commerce
user_growth_832,191,5,23,13.8,4,517.91,0,0,2,0,0.73,0,59,4,E-commerce
user_growth_833,266,26,3,6.8,5,1231.43,0,2,2,0,0.6,0,65,3,SaaS
user_growth_834,194,15,2,2.7,3,1057.83,0,0,2,0,0.79,0,80,2,Marketing
user_growth_835,216,0,15,34.5,3,729.83,0,0,1,0,0.72,0,64,3,Finance
user_growth_836,159,10,11,25.7,2,907.52,1,0,1,0,0.74,0,44,5,E-commerce
user_growth_837,229,13,17,29.6,6,1324.65,0,3,2,0,0.97,0,100,0,E-commerce
user_growth_838,232,0,22,25.3,4,1511.85,1,1,1,0,0.78,0,69,3,SaaS
user_growth_839,191,15,4,2.3,4,558.5,1,0,0,0,0.51,0,71,2,Finance
user_growth_840,232,23,1,2.6,3,417.65,0,0,0,0,0.94,0,68,3,SaaS
user_growth_841,142,32,2,4.2,2,766.39,0,5,2,0,0.78,0,38,6,SaaS
user_growth_842,106,6,24,16.2,2,674.57,0,2,0,0,0.89,0,78,2,Education
user_growth_843,189,1,22,35.8,3,460.36,0,0,0,0,0.85,0,39,6,Marketing
user_growth_844,164,10,22,27.6,3,498.21,0,0,5,0,0.79,0,52,4,SaaS
user_growth_845,273,11,17,9.5,7,1196.24,0,0,0,0,0.7,0,59,4,SaaS
user_growth_846,145,1,20,28.5,2,652.58,0,0,4,0,0.58,0,36,6,Education
user_growth_847,136,49,3,1.5,3,803.93,0,0,2,0,0.74,0,69,3,Finance
user_growth_848,145,37,4,10.8,3,1488.3,0,1,0,0,0.77,0,79,2,SaaS
user_growth_849,232,0,17,30.1,4,1229.01,0,0,1,0,0.64,0,73,2,Marketing
user_growth_850,182,5,11,6.1,4,229.95,0,0,3,1,0.53,0,52,4,Education
user_growth_851,210,13,13,26.6,3,930.74,0,0,0,0,0.59,0,100,0,SaaS
user_growth_852,227,8,7,10.7,4,1971.75,0,0,3,1,0.81,0,77,2,Finance
user_growth_853,160,2,29,21.0,4,993.46,0,0,0,0,0.68,0,65,3,Education
user_growth_854,212,2,12,27.4,4,1499.81,0,0,0,0,0.54,0,47,5,E-commerce
user_growth_855,179,8,23,49.3,3,1280.24,0,0,3,1,0.57,0,75,2,Finance
user_growth_856,66,10,23,27.7,1,437.81,0,0,5,0,0.76,0,88,1,Marketing
user_growth_857,287,25,2,2.7,5,2232.95,0,0,3,1,0.84,0,92,0,SaaS
user_growth_858,234,10,29,50.7,5,1917.22,0,0,0,0,0.83,0,92,0,E-commerce
user_growth_859,208,7,27,69.8,5,1361.92,0,0,0,0,0.8,0,52,4,SaaS
user_growth_860,241,53,1,1.5,6,559.61,0,0,0,0,0.51,0,71,2,Education
user_growth_861,239,7,29,39.0,4,975.0,0,0,0,0,0.84,0,29,7,E-commerce
user_growth_862,142,6,6,10.9,3,501.34,0,1,2,0,0.75,0,100,0,Finance
user_growth_863,128,11,28,70.5,2,212.93,1,0,0,0,0.71,0,68,3,Marketing
user_growth_864,241,0,20,27.2,7,2272.48,0,1,0,0,0.62,0,57,4,Education
user_growth_865,258,46,0,0.0,7,2235.69,0,0,1,0,0.82,0,82,1,SaaS
user_growth_866,177,13,6,7.0,4,1172.98,0,2,1,0,0.42,0,43,5,E-commerce
user_growth_867,160,53,1,2.4,2,387.4,0,0,4,2,0.97,0,96,0,Education
user_growth_868,152,9,10,9.9,2,382.64,0,0,1,0,0.99,0,41,5,Marketing
user_growth_869,167,0,6,16.6,4,1015.48,2,0,0,0,0.62,0,88,1,Education
user_growth_870,232,56,4,3.5,4,865.93,0,0,0,0,0.5,0,82,1,Education
user_growth_871,229,43,1,2.7,5,823.48,1,3,3,0,0.85,0,44,5,Finance
user_growth_872,213,1,27,49.6,5,883.88,0,0,0,0,0.83,0,97,0,Finance
user_growth_873,199,10,12,21.2,3,873.28,0,0,0,0,0.74,0,48,5,Finance
user_growth_874,94,9,5,4.5,2,166.92,0,0,6,0,0.9,0,84,1,SaaS
user_growth_875,180,12,17,48.4,3,878.04,0,0,1,0,0.8,0,98,0,E-commerce
user_growth_876,207,4,13,13.7,3,1464.29,0,1,4,2,0.6,0,76,2,Finance
user_growth_877,175,9,14,34.9,4,1912.32,0,0,1,0,1.0,0,44,5,Finance
user_growth_878,186,1,8,5.2,3,602.42,0,3,2,0,0.73,0,37,6,Marketing
user_growth_879,239,13,15,7.7,4,1194.37,0,4,1,0,1.0,0,84,1,Marketing
user_growth_880,200,3,25,61.1,3,232.15,1,1,1,0,0.9,0,71,2,Marketing
user_growth_881,140,10,15,43.7,3,1017.58,0,1,2,0,0.71,0,94,0,SaaS
user_growth_882,106,6,20,14.9,2,162.74,0,1,0,0,0.59,0,79,2,Education
user_growth_883,207,37,3,8.1,4,770.35,0,0,3,1,0.78,0,70,3,Education
user_growth_884,171,0,15,18.0,2,558.5,0,0,0,0,0.7,0,86,1,E-commerce
user_growth_885,168,4,20,22.4,4,610.47,0,1,0,0,0.79,0,60,4,Marketing
user_growth_886,145,13,18,43.2,3,1402.54,0,0,1,0,0.81,0,58,4,Finance
user_growth_887,135,45,3,6.1,2,682.73,4,0,2,0,0.88,0,78,2,Education
user_growth_888,195,2,27,53.6,5,1932.53,0,0,1,0,0.75,0,55,4,Education
user_growth_889,130,13,28,38.9,3,1248.91,0,0,0,0,0.81,0,57,4,SaaS
user_growth_890,164,50,0,0.0,2,905.61,0,0,4,1,0.84,0,85,1,E-commerce
user_growth_891,122,1,28,43.7,2,959.38,0,0,4,1,0.97,0,60,4,Marketing
user_growth_892,151,8,13,26.5,2,586.52,0,2,3,0,0.52,0,80,2,Education
user_growth_893,140,48,1,2.8,2,513.63,0,0,1,0,0.44,0,98,0,SaaS
user_growth_894,77,42,2,1.4,1,105.14,0,0,1,0,0.71,0,95,0,Education
user_growth_895,168,10,29,20.5,4,719.69,0,1,1,0,0.86,0,49,5,Finance
user_growth_896,70,5,13,30.3,1,106.47,0,0,0,0,0.68,0,77,2,E-commerce
user_growth_897,181,7,17,12.0,4,1607.27,0,1,0,0,0.78,0,75,2,Finance
user_growth_898,158,2,29,47.9,3,697.63,0,0,1,0,1.0,0,69,3,Education
user_growth_899,113,0,15,16.1,2,486.92,0,0,0,0,0.78,0,85,1,Education
user_growth_900,132,33,1,2.1,2,417.95,0,0,0,0,1.0,0,54,4,E-commerce
user_growth_901,272,8,9,16.2,8,2141.63,0,0,4,1,0.56,0,20,8,SaaS
user_growth_902,134,10,27,32.8,2,955.16,0,0,0,0,0.72,0,98,0,Marketing
user_growth_903,232,11,18,10.9,5,380.67,0,0,0,0,0.72,0,68,3,Marketing
user_growth_904,253,10,9,10.6,5,1529.28,0,4,1,0,0.79,0,56,4,Education
user_growth_905,219,20,3,4.1,3,364.99,0,0,3,3,0.88,0,62,3,Marketing
user_growth_906,158,0,18,15.0,3,192.52,0,1,1,0,0.72,0,82,1,Finance
user_growth_907,74,5,25,63.7,1,258.61,0,0,0,0,0.78,0,35,6,Education
user_growth_908,140,5,18,14.3,3,958.17,0,0,0,0,0.58,0,60,4,Education
user_growth_909,296,2,14,10.1,7,1123.81,0,0,1,0,0.56,0,69,3,E-commerce
user_growth_910,205,4,14,11.7,3,1254.37,0,1,0,0,0.63,0,44,5,Education
user_growth_911,257,4,11,7.4,4,1571.96,1,4,2,0,0.86,0,71,2,SaaS
user_growth_912,140,0,18,13.0,2,824.47,0,0,1,0,0.89,0,78,2,Education
user_growth_913,134,2,22,47.6,3,712.57,0,0,1,0,0.93,0,62,3,SaaS
user_growth_914,177,39,0,0.0,3,520.01,0,0,0,0,0.52,0,66,3,E-commerce
user_growth_915,115,3,22,37.2,2,948.47,0,1,2,0,0.94,0,59,4,Marketing
user_growth_916,244,0,15,17.0,5,1913.5,0,1,0,0,0.98,0,61,3,Marketing
user_growth_917,179,1,7,17.7,2,109.89,0,0,0,0,1.0,0,46,5,Education
user_growth_918,187,12,17,40.1,4,240.7,0,3,4,1,0.88,0,71,2,Finance
user_growth_919,225,7,21,44.9,3,814.89,0,0,0,0,0.91,0,69,3,SaaS
user_growth_920,175,8,26,32.0,2,321.7,0,1,1,0,0.94,0,70,3,Marketing
user_growth_921,167,12,26,63.9,2,567.03,0,2,3,2,0.77,0,46,5,Education
user_growth_922,99,6,24,67.5,1,402.44,0,0,0,0,0.7,0,83,1,SaaS
user_growth_923,209,36,3,2.9,5,2087.13,0,0,3,0,0.85,0,75,2,E-commerce
user_growth_924,132,24,1,1.2,3,712.11,0,0,0,0,0.85,0,67,3,Marketing
user_growth_925,221,5,28,69.1,6,319.1,0,0,5,2,0.65,0,100,0,Marketing
user_growth_926,251,56,2,5.5,5,1550.51,0,2,3,0,0.64,0,60,4,Marketing
user_growth_927,206,8,10,28.2,4,236.75,0,0,4,1,0.47,0,34,6,Finance
user_growth_928,170,44,2,5.0,3,1009.51,1,0,4,0,0.76,0,85,1,Marketing
user_growth_929,269,49,2,1.7,5,1354.16,0,0,2,0,0.75,0,85,1,Education
user_growth_930,168,8,26,71.1,3,327.35,0,0,1,0,0.78,0,67,3,Finance
user_growth_931,159,13,28,45.2,2,110.25,0,0,0,0,0.72,0,60,4,Education
user_growth_932,121,2,21,44.6,3,523.26,0,0,0,0,0.92,0,49,5,SaaS
user_growth_933,219,27,0,0.0,5,1699.69,1,0,0,0,0.61,0,69,3,E-commerce
user_growth_934,115,4,26,51.5,1,195.04,0,0,0,0,0.58,0,78,2,E-commerce
user_growth_935,147,7,25,72.6,3,479.02,0,0,1,0,0.86,0,39,6,SaaS
user_growth_936,208,3,28,38.1,5,2460.88,0,1,1,0,0.7,0,90,1,Finance
user_growth_937,261,46,3,8.3,7,2611.52,0,1,2,0,0.84,0,62,3,Education
user_growth_938,258,59,1,0.6,4,1579.22,0,2,1,0,0.53,0,63,3,Education
user_growth_939,61,4,25,68.4,1,340.5,0,0,1,0,0.97,0,71,2,Education
user_growth_940,220,3,11,27.1,4,436.46,0,2,1,0,0.83,0,62,3,Education
user_growth_941,116,4,6,12.9,1,429.21,0,0,1,0,0.73,0,72,2,SaaS
user_growth_942,168,7,16,30.0,4,709.06,0,0,0,0,1.0,0,81,1,Finance
user_growth_943,115,11,27,35.3,2,108.13,0,0,0,0,1.0,0,57,4,Finance
user_growth_944,160,12,9,24.2,4,516.79,0,0,2,0,0.79,0,87,1,E-commerce
user_growth_945,155,2,23,33.6,4,1229.19,0,0,1,0,0.71,0,73,2,SaaS
user_growth_946,154,3,18,38.1,4,765.47,0,0,3,2,0.66,0,57,4,Marketing
user_growth_947,242,9,21,44.5,4,1505.14,0,1,3,0,0.65,0,100,0,Marketing
user_growth_948,175,50,2,4.3,4,1834.35,0,1,1,0,0.67,0,60,4,Education
user_growth_949,270,10,29,22.1,7,2941.4,1,0,0,0,0.72,0,89,1,SaaS
user_growth_950,210,13,14,21.7,4,1067.75,0,1,0,0,0.86,0,93,0,Education
user_growth_951,237,5,14,28.5,5,784.33,0,0,5,2,0.41,0,67,3,Education
user_growth_952,169,0,23,30.1,2,230.54,0,0,0,0,0.72,0,77,2,Marketing
user_growth_953,172,28,0,0.0,3,286.37,0,0,1,0,0.62,0,74,2,Marketing
user_growth_954,121,10,23,68.5,2,913.26,0,2,0,0,0.79,0,86,1,Education
user_growth_955,168,11,19,43.2,3,977.65,0,0,0,0,0.75,0,82,1,Education
user_growth_956,196,8,16,40.3,4,288.41,0,3,0,0,0.89,0,34,6,Education
user_growth_957,140,12,9,22.6,3,1433.97,0,0,0,0,0.93,0,10,9,E-commerce
user_growth_958,159,7,13,7.4,3,364.93,0,0,1,0,0.8,0,98,0,SaaS
user_growth_959,208,4,8,11.8,3,764.56,0,0,3,0,0.85,0,55,4,E-commerce
user_growth_960,47,5,20,11.6,0,0.0,2,2,2,0,0.87,1,100,0,SaaS
user_growth_961,177,10,25,42.2,3,817.64,0,0,5,2,0.97,0,52,4,E-commerce
user_growth_962,175,9,25,19.5,2,747.9,0,0,3,1,0.69,0,88,1,SaaS
user_growth_963,142,39,1,1.6,2,581.96,0,0,2,0,0.62,0,64,3,Education
user_growth_964,247,4,21,41.1,5,2284.97,0,3,0,0,0.93,0,71,2,Education
user_growth_965,236,6,25,52.9,5,623.12,0,0,1,0,1.0,0,95,0,Marketing
user_growth_966,265,11,10,26.3,6,2629.73,0,0,0,0,0.82,0,54,4,Education
user_growth_967,236,12,22,38.6,6,2231.63,0,0,1,0,0.75,0,83,1,SaaS
user_growth_968,38,55,0,0.0,0,0.0,0,3,1,0,0.85,1,84,1,Finance
user_growth_969,134,12,5,14.2,2,336.91,0,0,0,0,0.79,0,69,3,E-commerce
user_growth_970,237,11,13,8.0,6,988.95,0,2,1,0,0.75,0,72,2,SaaS
user_growth_971,203,34,4,5.9,4,1845.45,0,0,2,0,0.64,0,57,4,Finance
user_growth_972,108,40,0,0.0,2,775.41,1,6,1,0,0.74,0,65,3,Education
user_growth_973,94,2,18,47.1,2,142.87,0,4,1,0,0.62,0,40,6,Education
user_growth_974,138,54,4,5.2,3,269.1,0,0,0,0,0.72,0,99,0,SaaS
user_growth_975,229,4,10,8.8,6,1273.02,0,0,1,0,0.92,0,41,5,SaaS
user_growth_976,110,13,23,23.6,2,316.54,0,0,3,0,0.53,0,71,2,Marketing
user_growth_977,193,13,23,44.2,5,1963.59,0,0,0,0,0.95,0,57,4,Marketing
user_growth_978,169,16,3,7.0,3,422.01,0,0,0,0,0.76,0,55,4,Education
user_growth_979,202,58,1,1.6,4,468.56,0,1,0,0,0.58,0,66,3,Marketing
user_growth_980,181,12,19,41.5,4,1715.19,1,3,1,0,0.79,0,88,1,Marketing
user_growth_981,211,0,10,7.5,4,401.51,0,0,0,0,0.78,0,70,3,E-commerce
user_growth_982,129,29,4,8.6,2,498.44,0,0,3,1,0.65,0,46,5,Finance
user_growth_983,119,7,23,58.1,2,691.39,1,0,5,1,0.83,0,71,2,Finance
user_growth_984,276,4,17,47.2,6,1965.67,0,0,5,0,0.6,0,51,4,E-commerce
user_growth_985,162,3,25,63.5,3,1444.79,0,0,2,0,0.65,0,73,2,Finance
user_growth_986,230,10,16,14.6,4,1321.13,0,0,0,0,0.56,0,80,2,Finance
user_growth_987,143,9,10,26.8,2,554.25,0,1,2,0,0.74,0,83,1,Education
user_growth_988,193,9,16,43.9,3,778.2,0,2,0,0,0.52,0,80,2,SaaS
user_growth_989,139,4,28,42.1,2,349.25,0,0,0,0,0.84,0,52,4,SaaS
user_growth_990,171,41,4,3.0,4,985.77,0,0,3,0,0.53,0,55,4,E-commerce
user_growth_991,249,6,19,13.9,5,583.2,0,0,0,0,0.44,0,72,2,E-commerce
user_growth_992,116,17,0,0.0,2,609.81,0,1,3,2,0.75,0,53,4,Marketing
user_growth_993,222,17,1,2.9,6,1135.74,1,0,3,0,0.82,0,61,3,Marketing
user_growth_994,260,56,2,1.2,5,717.51,0,3,0,0,0.68,0,53,4,Education
user_growth_995,266,57,1,2.8,4,575.1,0,4,0,0,0.37,0,82,1,SaaS
user_growth_996,268,4,23,56.3,6,1647.1,1,0,1,0,0.64,0,75,2,Finance
user_growth_997,288,11,9,20.3,5,693.22,0,0,1,0,0.78,0,68,3,Marketing
user_growth_998,81,28,3,8.7,1,341.2,0,0,1,0,0.65,0,100,0,Education
user_growth_999,209,6,10,5.2,4,892.41,0,0,0,0,0.58,0,46,5,Marketing
user_growth_1000,154,6,15,40.4,3,746.31,0,0,1,0,0.69,0,75,2,E-commerce
user_growth_1001,177,3,20,59.9,3,566.3,0,1,0,0,0.44,0,65,3,Education
user_growth_1002,236,1,8,15.5,3,1051.0,0,1,0,0,0.8,0,100,0,Marketing
user_growth_1003,182,5,6,8.2,5,1319.75,0,0,0,0,1.0,0,94,0,E-commerce
user_growth_1004,104,2,23,37.7,1,55.45,0,0,2,0,0.81,0,89,1,Marketing
user_growth_1005,219,1,14,22.3,5,2253.04,0,0,0,0,0.8,0,100,0,E-commerce
user_growth_1006,146,8,22,52.5,2,854.67,0,1,6,1,0.89,0,72,2,Marketing
user_growth_1007,245,8,6,8.0,7,2329.07,0,1,1,0,0.78,0,54,4,Marketing
user_growth_1008,199,12,29,16.3,4,1031.14,0,0,0,0,1.0,0,60,4,Education
user_growth_1009,126,7,17,32.6,2,881.03,0,1,0,0,0.73,0,96,0,Education
user_growth_1010,176,1,27,32.8,4,1061.79,0,0,6,0,0.64,0,77,2,Marketing
user_growth_1011,240,57,1,1.9,6,1207.14,1,0,1,0,0.78,0,40,6,SaaS
user_growth_1012,184,12,24,29.2,4,1089.14,0,0,1,0,0.61,0,42,5,SaaS
user_growth_1013,279,3,25,18.7,6,2532.44,0,0,1,0,0.67,0,100,0,SaaS
user_growth_1014,198,0,12,11.6,5,2439.17,0,1,1,0,0.9,0,85,1,Education
user_growth_1015,224,56,0,0.0,3,1024.09,0,0,0,0,0.61,0,71,2,Marketing
user_growth_1016,222,11,20,38.4,5,1760.6,0,0,2,0,0.85,0,87,1,SaaS
user_growth_1017,196,9,17,27.3,3,1209.27,0,0,0,0,0.64,0,48,5,Education
user_growth_1018,177,55,2,5.3,3,857.36,0,0,1,0,0.77,0,68,3,E-commerce
user_growth_1019,145,3,13,28.5,2,137.49,0,0,0,0,0.76,0,100,0,E-commerce
user_growth_1020,337,17,2,5.2,10,1342.99,0,2,0,0,0.52,0,83,1,SaaS
user_growth_1021,192,3,22,30.4,4,934.23,1,0,0,0,0.84,0,100,0,Marketing
user_growth_1022,100,6,29,35.8,1,128.96,0,0,2,0,0.69,0,82,1,Finance
user_growth_1023,206,55,1,1.4,3,716.64,0,0,1,0,1.0,0,79,2,Marketing
user_growth_1024,179,3,29,35.9,3,451.5,0,0,0,0,0.91,0,95,0,Marketing
user_growth_1025,103,46,3,1.8,2,918.83,0,0,1,0,0.8,0,46,5,SaaS
user_growth_1026,255,9,11,15.6,4,638.43,0,0,5,0,0.66,0,75,2,SaaS
user_growth_1027,151,57,1,2.2,4,694.28,0,0,0,0,0.89,0,91,0,Finance
user_growth_1028,232,10,7,14.4,5,2472.88,0,0,1,0,0.78,0,71,2,Marketing
user_growth_1029,150,19,4,9.3,4,1950.16,0,0,1,0,1.0,0,100,0,Finance
user_growth_1030,72,12,10,7.9,1,327.65,0,2,2,0,0.72,0,57,4,SaaS
user_growth_1031,157,8,27,40.5,4,831.8,1,5,0,0,0.59,0,43,5,Education
user_growth_1032,244,6,15,20.1,6,2116.66,0,0,1,0,0.71,0,77,2,Marketing
user_growth_1033,201,10,23,46.6,5,594.94,1,0,0,0,0.83,0,64,3,SaaS
user_growth_1034,99,55,4,8.9,2,490.85,0,1,1,0,0.71,0,30,7,Education
user_growth_1035,147,10,24,53.8,2,647.58,0,0,0,0,0.74,0,62,3,E-commerce
user_growth_1036,189,19,3,8.6,5,2066.89,0,0,2,0,0.52,0,53,4,Marketing
user_growth_1037,182,7,28,17.8,3,536.13,1,0,0,0,0.67,0,33,6,SaaS
user_growth_1038,325,6,6,4.7,6,2471.44,0,2,0,0,0.78,0,91,0,SaaS
user_growth_1039,112,6,19,50.6,2,831.4,0,0,1,0,0.69,0,81,1,E-commerce
user_growth_1040,107,0,29,77.6,2,112.79,0,0,0,0,0.4,0,86,1,SaaS
user_growth_1041,179,9,6,4.7,2,494.91,0,1,1,0,0.74,0,32,6,Finance
user_growth_1042,235,3,23,43.4,6,1165.05,0,0,1,0,0.63,0,52,4,SaaS
user_growth_1043,131,55,4,5.6,3,483.75,0,0,5,0,0.78,0,100,0,SaaS
user_growth_1044,156,58,1,2.9,3,213.76,0,1,0,0,1.0,0,36,6,SaaS
user_growth_1045,281,11,29,76.5,5,1925.67,0,0,1,0,0.59,0,71,2,SaaS
user_growth_1046,148,6,5,3.8,2,599.73,0,0,3,1,0.96,0,82,1,E-commerce
user_growth_1047,176,6,25,23.8,3,1189.43,0,0,0,0,0.86,0,77,2,Education
user_growth_1048,180,32,4,11.5,3,976.93,0,0,0,0,0.82,0,88,1,Finance
user_growth_1049,164,23,0,0.0,4,1897.52,0,0,0,0,0.78,0,87,1,Marketing
user_growth_1050,210,6,9,10.1,5,640.31,0,0,0,0,0.81,0,94,0,Marketing
user_growth_1051,152,2,19,36.7,3,1276.14,0,2,3,0,0.56,0,82,1,Finance
user_growth_1052,181,12,7,20.8,3,893.97,2,0,1,0,0.89,0,100,0,Finance
user_growth_1053,281,13,8,15.6,8,1270.24,1,0,0,0,0.76,0,83,1,E-commerce
user_growth_1054,156,2,14,14.8,4,217.08,0,0,0,0,0.65,0,50,5,SaaS
user_growth_1055,172,4,27,61.3,3,678.7,0,0,0,0,0.84,0,66,3,Marketing
user_growth_1056,251,59,1,0.8,5,573.61,0,1,0,0,0.72,0,100,0,Marketing
user_growth_1057,166,38,4,3.7,2,845.85,0,0,4,2,0.64,0,59,4,Education
user_growth_1058,242,13,7,20.5,7,1370.27,0,0,2,0,0.65,0,72,2,Education
user_growth_1059,92,12,16,25.6,2,453.59,0,1,1,0,0.8,0,100,0,SaaS
user_growth_1060,149,8,9,5.3,3,208.04,0,3,0,0,0.6,0,87,1,Marketing
user_growth_1061,230,3,21,25.4,4,828.2,0,1,3,1,0.88,0,24,7,E-commerce
user_growth_1062,118,11,13,22.9,2,275.23,0,3,0,0,0.72,0,29,7,E-commerce
user_growth_1063,198,0,14,10.3,5,1502.55,0,0,0,0,0.48,0,91,0,SaaS
user_growth_1064,259,12,24,67.3,6,563.49,0,2,0,0,0.82,0,44,5,Finance
user_growth_1065,142,8,18,31.8,3,619.93,0,0,3,1,1.0,0,59,4,SaaS
user_growth_1066,103,5,5,5.7,1,426.51,0,1,2,0,0.75,0,64,3,Education
user_growth_1067,13,10,24,53.0,0,0.0,0,0,3,0,0.75,2,96,0,Finance
user_growth_1068,137,6,9,17.4,2,184.91,0,1,6,0,0.85,0,57,4,SaaS
user_growth_1069,273,0,24,60.9,7,594.87,0,2,0,0,0.65,0,46,5,Education
user_growth_1070,173,6,21,49.3,2,849.06,0,2,2,0,0.85,0,81,1,E-commerce
user_growth_1071,108,11,29,48.5,2,333.2,0,1,0,0,0.77,0,33,6,Marketing
user_growth_1072,208,30,3,1.6,5,759.43,0,0,2,0,1.0,0,54,4,Finance
user_growth_1073,145,9,26,53.7,3,430.89,0,3,0,0,0.94,0,43,5,Finance
user_growth_1074,255,4,27,60.7,4,1810.0,0,0,4,2,0.87,0,68,3,Marketing
user_growth_1075,78,10,12,30.7,1,187.6,0,2,4,2,0.91,0,67,3,Education
user_growth_1076,233,1,17,48.5,4,393.61,0,0,0,0,0.61,0,42,5,E-commerce
user_growth_1077,254,17,4,7.9,4,456.73,0,0,0,0,0.73,0,29,7,Marketing
user_growth_1078,262,11,25,24.0,4,323.27,0,0,1,0,1.0,0,81,1,SaaS
user_growth_1079,208,53,1,1.1,3,476.78,0,5,0,0,0.88,0,83,1,E-commerce
user_growth_1080,184,0,21,51.7,3,958.89,0,0,2,0,0.83,0,91,0,E-commerce
user_growth_1081,209,5,24,28.1,4,1047.61,0,0,2,0,0.98,0,85,1,Marketing
user_growth_1082,242,1,24,51.0,7,2669.04,0,0,3,0,0.72,0,86,1,Finance
user_growth_1083,146,52,0,0.0,2,712.08,0,1,0,0,0.62,0,65,3,SaaS
user_growth_1084,157,36,4,3.5,2,664.63,0,0,2,0,0.91,0,96,0,Education
user_growth_1085,169,25,3,8.0,3,558.13,2,0,0,0,0.56,0,69,3,Education
user_growth_1086,154,4,8,21.4,2,504.37,0,0,1,0,0.86,0,88,1,Education
user_growth_1087,220,51,4,2.8,6,1496.84,0,0,1,0,0.82,0,21,7,Marketing
user_growth_1088,69,7,15,20.7,1,252.6,0,1,3,2,0.71,0,32,6,Education
user_growth_1089,176,29,1,0.6,4,1280.18,0,0,3,0,0.74,0,60,4,SaaS
user_growth_1090,192,53,4,10.2,5,1109.89,0,1,5,2,0.64,0,60,4,Finance
user_growth_1091,249,17,2,5.4,7,1258.86,0,0,1,0,0.92,0,47,5,Finance
user_growth_1092,123,56,0,0.0,2,626.89,0,4,5,0,0.84,0,91,0,Marketing
user_growth_1093,135,2,11,16.7,3,1279.07,0,0,2,0,0.79,0,55,4,Education
user_growth_1094,113,38,1,2.4,2,114.25,0,1,0,0,0.52,0,40,6,Finance
user_growth_1095,225,7,21,30.0,5,1513.77,0,0,1,0,0.77,0,65,3,Finance
user_growth_1096,80,58,1,1.0,1,382.79,0,1,0,0,0.63,0,56,4,Finance
user_growth_1097,262,8,26,73.7,4,1976.78,0,0,2,0,0.73,0,55,4,E-commerce
user_growth_1098,167,8,19,55.4,3,558.38,1,0,0,0,0.84,0,100,0,Education
user_growth_1099,78,59,3,6.5,1,380.64,0,0,9,1,0.93,0,54,4,Education
user_growth_1100,201,37,3,8.7,3,1185.98,0,0,2,0,0.97,0,73,2,E-commerce
user_growth_1101,159,28,3,2.2,4,1974.01,0,1,0,0,0.86,0,51,4,Finance
user_growth_1102,107,5,24,71.3,2,135.94,0,0,1,0,0.92,0,32,6,Marketing
user_growth_1103,133,13,10,11.6,2,554.64,0,0,2,0,0.86,0,83,1,Marketing
user_growth_1104,195,5,24,66.0,5,2138.34,0,1,1,0,0.75,0,50,5,Marketing
user_growth_1105,204,1,12,21.8,5,1445.75,0,1,0,0,0.7,0,29,7,Finance
user_growth_1106,250,46,1,2.8,6,2566.0,0,3,0,0,0.75,0,47,5,Education
user_growth_1107,110,21,1,2.6,2,417.7,1,0,4,3,0.65,0,52,4,E-commerce
user_growth_1108,174,12,21,26.7,4,761.35,0,0,0,0,0.9,0,83,1,Education
user_growth_1109,104,7,26,34.1,2,927.93,1,1,0,0,0.89,0,68,3,Finance
user_growth_1110,151,12,6,11.7,4,408.52,0,3,0,0,0.76,0,54,4,E-commerce
user_growth_1111,215,0,20,26.3,6,1260.6,0,0,1,0,0.81,0,82,1,Marketing
user_growth_1112,113,9,16,37.1,2,510.53,0,0,1,0,0.74,0,47,5,Education
user_growth_1113,192,41,0,0.0,4,941.85,0,0,1,0,0.57,0,97,0,Finance
user_growth_1114,113,1,21,21.3,1,281.42,0,0,4,2,0.83,0,100,0,SaaS
user_growth_1115,111,0,11,22.9,2,360.07,0,4,0,0,0.39,0,59,4,Finance
user_growth_1116,240,25,4,6.9,4,1330.25,0,1,0,0,1.0,0,65,3,Education
user_growth_1117,128,5,21,28.8,3,154.44,0,3,5,1,0.68,0,98,0,Finance
user_growth_1118,324,8,13,28.4,9,708.04,0,1,0,0,0.94,0,83,1,SaaS
user_growth_1119,190,4,13,18.5,5,2414.69,0,2,1,0,0.39,0,59,4,E-commerce
user_growth_1120,156,57,2,2.0,3,1379.2,0,0,0,0,0.78,0,66,3,SaaS
user_growth_1121,211,12,7,11.1,6,1504.04,0,3,0,0,0.91,0,93,0,E-commerce
user_growth_1122,86,1,12,30.9,1,331.94,0,0,2,0,0.55,0,91,0,E-commerce
user_growth_1123,271,3,22,28.3,8,2614.89,0,2,1,0,0.66,0,58,4,E-commerce
user_growth_1124,190,1,17,25.4,3,1489.41,0,0,4,1,0.55,0,34,6,E-commerce
user_growth_1125,121,6,25,52.0,3,397.87,0,0,0,0,0.94,0,44,5,SaaS
user_growth_1126,285,2,12,29.3,7,2825.5,0,0,1,0,0.66,0,85,1,Marketing
user_growth_1127,187,9,5,11.9,4,1453.13,0,0,0,0,0.83,0,83,1,SaaS
user_growth_1128,197,1,12,23.7,5,1746.2,0,0,2,0,0.66,0,42,5,Education
user_growth_1129,270,4,26,19.8,8,3693.25,0,1,1,0,0.79,0,100,0,SaaS
user_growth_1130,226,7,21,35.6,4,534.13,0,2,0,0,0.96,0,78,2,Marketing
user_growth_1131,102,20,3,2.2,1,237.34,0,0,2,0,0.87,0,65,3,Finance
user_growth_1132,163,4,25,45.7,4,351.78,0,0,2,0,0.97,0,49,5,SaaS
user_growth_1133,182,8,18,39.5,3,958.36,0,0,0,0,0.56,0,39,6,Marketing
user_growth_1134,79,7,27,24.1,1,304.46,0,0,0,0,0.66,0,50,5,Education
user_growth_1135,88,2,23,28.4,1,315.29,0,0,0,0,0.94,0,65,3,Marketing
user_growth_1136,260,29,1,1.9,5,329.67,0,1,1,0,0.99,0,88,1,Education
user_growth_1137,80,3,6,12.2,1,176.43,0,0,1,0,0.71,0,79,2,Education
user_growth_1138,157,5,13,11.9,3,1305.33,0,0,0,0,0.72,0,78,2,Finance
user_growth_1139,187,12,16,37.3,4,848.13,0,0,1,0,0.63,0,93,0,Finance
user_growth_1140,112,4,13,22.2,1,124.07,1,1,7,4,0.55,0,77,2,E-commerce
user_growth_1141,242,7,28,22.0,6,2014.0,0,0,0,0,0.91,0,79,2,E-commerce
user_growth_1142,182,12,16,13.7,3,1004.44,0,0,0,0,0.81,0,62,3,Education
user_growth_1143,192,2,14,8.8,5,2007.44,0,1,0,0,0.82,0,61,3,Marketing
user_growth_1144,175,4,15,37.4,2,163.04,0,0,0,0,0.69,0,53,4,Education
user_growth_1145,192,13,27,53.3,4,1555.49,0,1,1,0,0.83,0,65,3,Finance
user_growth_1146,318,4,28,76.9,9,3687.77,1,0,2,0,0.77,0,88,1,E-commerce
user_growth_1147,165,20,4,7.2,3,184.19,0,3,0,0,0.94,0,94,0,SaaS
user_growth_1148,142,24,1,2.2,2,828.8,0,0,2,0,0.8,0,53,4,Finance
user_growth_1149,238,3,6,17.5,4,1091.31,0,0,0,0,0.71,0,76,2,Finance
user_growth_1150,152,18,0,0.0,4,1033.91,0,0,0,0,0.82,0,33,6,Marketing
user_growth_1151,64,51,1,2.1,1,493.84,0,0,1,0,0.78,0,72,2,Education
user_growth_1152,79,0,11,16.5,1,373.72,0,0,0,0,0.81,0,44,5,E-commerce
user_growth_1153,251,32,3,1.7,7,1765.02,1,0,1,0,0.79,0,75,2,Education
user_growth_1154,55,12,24,67.0,0,0.0,0,2,0,0,0.6,2,74,2,Finance
user_growth_1155,146,12,17,46.3,2,262.99,0,0,3,2,1.0,0,91,0,SaaS
user_growth_1156,167,55,1,1.2,4,1158.47,0,0,0,0,0.55,0,45,5,Finance
user_growth_1157,135,56,4,2.6,2,953.46,0,1,2,0,0.47,0,83,1,SaaS
user_growth_1158,202,18,1,0.8,5,1096.88,1,0,0,0,0.67,0,87,1,Education
user_growth_1159,297,54,2,3.5,5,299.28,0,0,2,0,0.77,0,52,4,Education
user_growth_1160,231,26,2,3.6,5,1936.24,0,1,1,0,0.55,0,55,4,E-commerce
user_growth_1161,234,19,1,2.1,4,366.72,0,0,1,0,0.83,0,75,2,E-commerce
user_growth_1162,1,13,19,26.5,0,0.0,0,0,0,0,0.72,0,47,5,E-commerce
user_growth_1163,225,5,19,44.0,6,1814.93,0,0,4,0,0.89,0,71,2,E-commerce
user_growth_1164,206,15,4,8.1,5,1865.55,0,0,2,0,0.81,0,76,2,E-commerce
user_growth_1165,244,9,16,12.6,7,3491.14,0,0,0,0,0.49,0,95,0,Finance
user_growth_1166,190,12,22,44.1,5,891.41,0,0,1,0,0.62,0,92,0,Marketing
user_growth_1167,271,1,5,6.4,8,1029.04,0,0,0,0,0.74,0,76,2,Education
user_growth_1168,247,9,7,20.1,6,1901.36,2,4,0,0,0.68,0,80,2,E-commerce
user_growth_1169,73,11,13,30.2,1,139.71,0,0,1,0,1.0,0,79,2,Education
user_growth_1170,278,2,7,16.9,4,372.2,0,0,1,0,0.5,0,70,3,Finance
user_growth_1171,193,44,0,0.0,4,202.96,0,0,0,0,0.72,0,44,5,Education
user_growth_1172,189,5,6,12.7,5,1910.72,0,0,2,0,0.58,0,72,2,Education
user_growth_1173,185,13,21,38.6,4,1793.37,0,0,1,0,0.83,0,68,3,Education
user_growth_1174,176,15,3,6.3,4,1767.29,1,0,0,0,0.89,0,77,2,Marketing
user_growth_1175,162,47,2,5.1,3,280.85,0,0,0,0,0.71,0,55,4,E-commerce
user_growth_1176,105,26,4,5.9,2,500.58,1,0,0,0,0.42,0,64,3,Finance
user_growth_1177,130,13,11,28.1,3,233.81,0,0,0,0,0.81,0,93,0,E-commerce
user_growth_1178,126,8,10,25.3,3,352.05,2,1,1,0,0.76,0,52,4,SaaS
user_growth_1179,134,57,0,0.0,2,126.7,0,0,1,0,0.73,0,70,3,Marketing
user_growth_1180,186,15,0,0.0,4,1649.81,0,0,1,0,0.61,0,80,2,Education
user_growth_1181,72,7,8,13.8,1,302.99,0,0,1,0,0.76,0,100,0,Marketing
user_growth_1182,85,4,27,42.0,1,136.51,0,0,0,0,0.7,0,41,5,Education
user_growth_1183,176,30,1,1.7,3,1065.32,0,3,1,0,0.84,0,62,3,Education
user_growth_1184,143,12,18,49.5,2,921.08,0,0,2,0,0.98,0,92,0,Education
user_growth_1185,218,8,29,58.7,4,1109.88,0,0,0,0,0.87,0,98,0,SaaS
user_growth_1186,125,12,17,48.1,2,271.36,0,0,0,0,0.71,0,100,0,E-commerce
user_growth_1187,223,3,25,24.5,6,2052.96,0,2,0,0,0.77,0,87,1,Education
user_growth_1188,210,7,24,66.8,4,1414.03,1,2,0,0,0.87,0,77,2,SaaS
user_growth_1189,161,9,29,61.5,2,662.94,0,1,1,0,0.92,0,66,3,Education
user_growth_1190,134,50,3,5.6,2,306.19,0,0,0,0,0.54,0,98,0,Education
user_growth_1191,101,4,24,59.6,1,485.09,0,0,0,0,0.72,0,49,5,Marketing
user_growth_1192,193,45,1,1.7,3,368.91,0,0,2,0,0.71,0,82,1,Finance
user_growth_1193,214,0,25,42.1,5,1486.84,0,0,0,0,0.54,0,48,5,SaaS
user_growth_1194,268,0,14,32.6,4,1841.63,0,0,1,0,0.96,0,48,5,Finance
user_growth_1195,184,12,26,61.7,3,1397.03,0,2,3,0,0.84,0,62,3,E-commerce
user_growth_1196,237,16,3,3.3,4,1191.8,0,1,0,0,0.97,0,100,0,Marketing
user_growth_1197,244,13,19,33.1,5,742.21,0,2,5,1,0.63,0,63,3,E-commerce
user_growth_1198,141,12,14,41.6,3,928.83,0,0,0,0,0.9,0,78,2,Education
user_growth_1199,145,6,27,39.4,2,175.44,0,0,0,0,0.84,0,72,2,Marketing
user_growth_1200,152,19,4,10.6,3,338.91,0,2,3,1,0.73,0,74,2,Marketing
user_growth_1201,154,20,3,1.9,2,790.53,0,2,0,0,0.69,0,67,3,Education
user_growth_1202,112,37,1,2.8,1,430.64,0,0,2,0,0.82,0,77,2,SaaS
user_growth_1203,131,38,3,4.0,2,365.78,0,0,2,0,0.67,0,60,4,Education
user_growth_1204,238,33,1,1.4,5,814.49,0,0,0,0,0.66,0,75,2,Education
user_growth_1205,146,44,1,1.0,3,1484.76,0,1,0,0,0.8,0,100,0,SaaS
user_growth_1206,87,6,27,62.0,1,486.43,1,4,3,1,0.82,0,77,2,SaaS
user_growth_1207,229,2,8,12.1,3,160.81,0,0,1,0,0.86,0,74,2,Marketing
user_growth_1208,205,45,1,2.0,5,2319.67,0,3,1,0,0.95,0,100,0,Finance
user_growth_1209,218,37,1,3.0,4,1105.26,0,0,2,0,0.49,0,74,2,Finance
user_growth_1210,96,20,3,5.0,1,186.2,0,0,2,0,0.92,0,34,6,Finance
user_growth_1211,92,3,27,68.8,2,690.47,1,3,3,1,0.85,0,99,0,E-commerce
user_growth_1212,228,10,13,14.9,5,2176.43,0,0,3,1,0.77,0,83,1,E-commerce
user_growth_1213,153,2,15,25.0,3,1171.4,0,0,0,0,0.75,0,96,0,Education
user_growth_1214,163,3,13,15.5,3,1213.95,0,0,2,0,0.81,0,90,1,E-commerce
user_growth_1215,211,15,1,0.6,5,1065.03,0,1,0,0,1.0,0,65,3,SaaS
user_growth_1216,246,20,1,2.2,6,1507.16,0,0,0,0,0.82,0,40,6,Education
user_growth_1217,112,19,0,0.0,2,771.64,0,1,2,0,1.0,0,79,2,SaaS
user_growth_1218,71,6,12,29.0,1,228.39,0,0,1,0,0.54,0,60,4,Education
user_growth_1219,121,48,4,5.4,2,635.76,0,2,1,0,0.92,0,92,0,Marketing
user_growth_1220,150,8,15,11.5,3,1445.67,0,0,1,0,0.58,0,88,1,Education
user_growth_1221,142,46,4,2.3,2,551.99,0,0,1,0,0.65,0,81,1,SaaS
user_growth_1222,147,8,17,44.0,3,858.76,0,0,0,0,0.89,0,76,2,Finance
user_growth_1223,200,11,29,25.7,5,1903.22,0,2,0,0,0.94,0,60,4,Education
user_growth_1224,269,59,0,0.0,4,621.36,0,0,0,0,0.75,0,55,4,SaaS
user_growth_1225,273,4,5,13.1,6,1204.16,0,0,0,0,0.68,0,81,1,Education
user_growth_1226,180,7,15,41.1,4,973.18,0,0,1,0,0.82,0,90,1,Finance
user_growth_1227,259,19,4,3.3,7,709.43,0,0,0,0,0.8,0,60,4,E-commerce
user_growth_1228,119,8,22,55.7,2,603.83,1,0,0,0,0.59,0,62,3,E-commerce
user_growth_1229,210,0,10,27.8,4,426.84,0,0,2,0,0.43,0,51,4,SaaS
user_growth_1230,116,35,2,3.2,2,440.86,0,0,0,0,0.73,0,74,2,Education
user_growth_1231,248,37,1,2.7,7,2586.56,0,1,1,0,0.73,0,85,1,E-commerce
user_growth_1232,178,7,11,17.4,4,1072.78,0,0,5,2,0.89,0,65,3,Education
user_growth_1233,194,19,4,11.2,5,1474.09,0,0,0,0,0.63,0,47,5,SaaS
user_growth_1234,177,10,22,33.6,2,189.36,0,3,7,0,0.85,0,71,2,SaaS
user_growth_1235,236,28,3,4.9,5,1634.05,0,3,1,0,0.76,0,88,1,Finance
user_growth_1236,205,1,13,6.9,5,922.34,0,0,0,0,0.71,0,87,1,Finance
user_growth_1237,269,0,29,27.3,4,1347.34,0,0,0,0,0.74,0,71,2,Finance
user_growth_1238,193,2,16,21.2,3,1095.68,0,0,1,0,0.42,0,84,1,Marketing
user_growth_1239,177,13,13,24.7,2,262.87,0,8,0,0,0.63,0,76,2,E-commerce
user_growth_1240,81,8,24,27.2,1,496.93,0,4,2,0,0.86,0,60,4,SaaS
user_growth_1241,246,5,24,49.8,6,1023.89,0,1,3,0,0.85,0,64,3,Finance
user_growth_1242,122,37,4,10.1,3,952.66,0,0,5,2,0.86,0,100,0,Education
user_growth_1243,219,9,12,35.6,5,1821.53,0,0,0,0,0.76,0,63,3,Finance
user_growth_1244,224,1,15,9.9,5,704.45,0,1,0,0,0.96,0,56,4,Marketing
user_growth_1245,129,11,6,13.6,3,955.43,0,1,3,2,0.63,0,46,5,SaaS
user_growth_1246,235,4,17,43.0,5,261.23,0,0,0,0,0.71,0,29,7,Marketing
user_growth_1247,265,1,16,37.3,7,2490.72,0,1,1,0,0.66,0,90,1,Marketing
user_growth_1248,161,57,2,4.3,3,986.15,0,0,1,0,0.96,0,83,1,E-commerce
user_growth_1249,296,24,2,3.9,5,2318.0,0,0,0,0,0.58,0,77,2,Finance
user_growth_1250,190,10,19,19.7,5,1047.95,0,0,1,0,0.87,0,87,1,SaaS
user_growth_1251,231,2,25,62.8,4,1608.03,1,0,3,2,0.85,0,56,4,Finance
user_growth_1252,269,12,25,64.1,4,1179.64,0,0,0,0,0.9,0,61,3,Finance
user_growth_1253,78,59,0,0.0,1,138.44,0,0,0,0,0.36,0,58,4,Marketing
user_growth_1254,210,46,1,1.8,4,1278.24,0,0,0,0,0.63,0,73,2,Education
user_growth_1255,209,0,27,47.1,5,1401.89,0,0,1,0,0.74,0,61,3,E-commerce
user_growth_1256,237,10,23,35.9,6,2497.79,0,0,0,0,0.61,0,63,3,Finance
user_growth_1257,230,9,27,52.1,6,2266.05,1,0,3,1,0.79,0,17,8,E-commerce
user_growth_1258,144,54,1,0.7,3,1110.12,0,0,0,0,0.93,0,89,1,SaaS
user_growth_1259,85,49,1,2.4,1,107.01,1,0,0,0,0.51,0,46,5,Marketing
user_growth_1260,156,3,24,29.7,2,765.67,0,0,0,0,0.69,0,73,2,Finance
user_growth_1261,209,9,8,15.8,4,1462.21,0,0,2,0,0.94,0,39,6,E-commerce
user_growth_1262,80,13,6,15.6,1,473.35,0,1,1,0,1.0,0,89,1,Education
user_growth_1263,251,7,15,19.2,6,417.95,0,0,1,0,0.41,0,79,2,Marketing
user_growth_1264,99,11,13,17.3,2,500.1,0,0,0,0,0.51,0,90,1,E-commerce
user_growth_1265,91,51,4,5.1,1,148.52,0,0,3,2,0.94,0,58,4,Finance
user_growth_1266,151,10,21,28.0,4,390.03,0,0,0,0,0.58,0,87,1,SaaS
user_growth_1267,196,1,11,21.7,4,449.62,0,0,3,0,0.74,0,61,3,E-commerce
user_growth_1268,157,5,22,12.9,3,702.35,0,0,1,0,0.76,0,89,1,Finance
user_growth_1269,181,18,3,8.3,5,1194.32,0,0,0,0,0.91,0,65,3,SaaS
user_growth_1270,182,52,0,0.0,5,2147.05,0,1,0,0,0.71,0,67,3,Education
user_growth_1271,221,13,26,69.9,3,1209.99,0,0,0,0,0.91,0,100,0,SaaS
user_growth_1272,185,10,12,24.9,4,1939.33,0,0,0,0,0.85,0,69,3,Marketing
user_growth_1273,179,6,12,6.1,3,268.56,0,0,0,0,0.94,0,45,5,E-commerce
user_growth_1274,236,16,2,2.1,6,2370.02,0,2,3,0,0.7,0,65,3,SaaS
user_growth_1275,208,11,18,42.4,3,1305.6,1,0,3,3,0.8,0,58,4,Marketing
user_growth_1276,123,8,23,44.0,3,1217.58,0,0,1,0,0.86,0,54,4,Marketing
user_growth_1277,83,28,4,4.0,1,80.17,0,0,1,0,0.77,0,69,3,E-commerce
user_growth_1278,220,56,0,0.0,5,1855.23,0,0,4,3,0.78,0,84,1,SaaS
user_growth_1279,158,2,23,18.8,4,1578.65,0,4,0,0,0.72,0,42,5,SaaS
user_growth_1280,252,8,8,22.6,6,1304.19,0,0,2,0,0.54,0,52,4,Education
user_growth_1281,232,2,29,38.7,6,1437.19,0,0,0,0,0.77,0,95,0,Marketing
user_growth_1282,159,12,8,20.6,2,467.16,0,0,0,0,0.56,0,71,2,Finance
user_growth_1283,176,15,3,2.4,3,1468.03,0,0,3,1,0.73,0,100,0,Marketing
user_growth_1284,194,52,1,0.7,3,162.22,0,0,3,0,0.68,0,69,3,E-commerce
user_growth_1285,140,4,24,66.9,3,1365.69,0,0,1,0,0.84,0,66,3,SaaS
user_growth_1286,85,13,22,57.3,1,55.52,0,3,1,0,1.0,0,69,3,Marketing
user_growth_1287,146,4,5,4.7,2,875.72,0,0,1,0,0.72,0,89,1,E-commerce
user_growth_1288,193,5,26,15.9,3,1113.47,0,4,0,0,0.78,0,86,1,Education
user_growth_1289,132,8,7,10.2,3,667.88,0,0,0,0,0.85,0,60,4,E-commerce
user_growth_1290,282,8,20,39.8,6,2135.86,0,0,1,0,0.99,0,45,5,E-commerce
user_growth_1291,150,34,4,5.3,4,1402.38,1,0,1,0,0.76,0,35,6,Education
user_growth_1292,121,8,9,8.8,2,747.92,0,2,0,0,1.0,0,58,4,Education
user_growth_1293,263,7,22,39.5,5,1188.47,1,4,0,0,0.74,0,61,3,Education
user_growth_1294,243,6,10,26.1,7,986.07,0,0,0,0,0.71,0,57,4,Marketing
user_growth_1295,156,7,13,21.6,4,774.78,0,0,2,0,0.63,0,63,3,E-commerce
user_growth_1296,158,17,2,3.3,4,1158.88,0,0,1,0,0.86,0,37,6,E-commerce
user_growth_1297,219,45,3,5.3,4,1365.43,0,0,1,0,0.88,0,26,7,Finance
user_growth_1298,265,9,7,18.4,7,1322.24,0,2,3,0,0.69,0,85,1,Finance
user_growth_1299,215,13,17,21.7,5,319.51,0,0,1,0,0.93,0,18,8,SaaS
user_growth_1300,218,6,18,38.8,6,1035.84,0,0,0,0,0.62,0,47,5,E-commerce
user_growth_1301,139,13,5,7.7,3,602.32,0,0,0,0,0.79,0,79,2,SaaS
user_growth_1302,175,1,19,55.8,2,640.77,0,0,2,0,0.57,0,47,5,Finance
user_growth_1303,159,13,17,19.3,2,163.5,0,0,0,0,1.0,0,100,0,SaaS
user_growth_1304,157,32,0,0.0,3,966.67,0,0,1,0,0.79,0,45,5,Education
user_growth_1305,219,13,11,24.9,6,2916.61,0,5,0,0,0.58,0,79,2,Finance
user_growth_1306,313,8,12,34.0,8,1278.17,0,0,1,0,0.48,0,55,4,Finance
user_growth_1307,245,0,16,38.8,7,1432.17,0,0,4,1,0.9,0,64,3,Education
user_growth_1308,166,39,3,4.4,3,1320.61,0,0,0,0,0.56,0,69,3,Education
user_growth_1309,166,42,3,8.9,4,894.11,0,0,0,0,0.88,0,48,5,Finance
user_growth_1310,197,10,19,19.8,3,344.55,0,1,1,0,0.74,0,80,2,E-commerce
user_growth_1311,147,8,16,33.6,2,169.84,0,0,1,0,0.93,0,100,0,Education
user_growth_1312,109,3,5,2.7,1,201.45,0,1,0,0,0.7,0,82,1,SaaS
user_growth_1313,186,2,15,16.8,3,994.05,0,1,1,0,0.78,0,100,0,Education
user_growth_1314,175,50,3,1.6,4,1033.2,0,0,0,0,0.77,0,49,5,SaaS
user_growth_1315,293,11,12,9.0,8,2095.66,1,2,1,0,0.75,0,82,1,Education
user_growth_1316,290,19,4,9.8,8,740.52,0,0,4,1,0.67,0,53,4,E-commerce
user_growth_1317,262,9,9,25.7,7,3032.89,0,1,7,0,0.74,0,97,0,Finance
user_growth_1318,218,11,14,19.0,6,2096.66,0,0,0,0,0.51,0,56,4,SaaS
user_growth_1319,287,7,13,13.5,7,1742.15,0,1,0,0,0.63,0,100,0,E-commerce
user_growth_1320,129,5,27,75.8,2,449.66,2,0,0,0,0.75,0,75,2,E-commerce
user_growth_1321,292,37,4,9.9,6,2754.56,0,0,1,0,0.84,0,46,5,Marketing
user_growth_1322,33,1,26,71.3,0,0.0,0,0,3,1,0.56,4,76,2,Education
user_growth_1323,202,10,12,17.9,4,1353.78,0,2,3,0,0.71,0,75,2,Education
user_growth_1324,233,6,13,18.0,4,442.89,1,0,0,0,0.45,0,100,0,Marketing
user_growth_1325,168,17,0,0.0,4,1379.64,0,0,0,0,0.82,0,51,4,Marketing
user_growth_1326,144,4,19,13.9,2,399.2,1,0,4,0,0.58,0,52,4,Marketing
user_growth_1327,178,7,20,56.2,3,303.77,0,0,0,0,0.64,0,48,5,E-commerce
user_growth_1328,201,57,3,6.1,4,1797.15,1,0,4,0,0.77,0,82,1,E-commerce
user_growth_1329,260,45,3,7.2,7,2018.07,0,2,1,0,0.78,0,62,3,Marketing
user_growth_1330,110,10,21,14.1,1,461.73,0,0,0,0,0.56,0,76,2,Marketing
user_growth_1331,267,12,14,8.3,5,811.64,0,0,3,2,0.88,0,47,5,SaaS
user_growth_1332,179,36,3,8.5,4,1857.9,0,0,1,0,0.69,0,42,5,Marketing
user_growth_1333,174,4,24,50.2,3,1331.8,0,0,2,0,0.86,0,79,2,Finance
user_growth_1334,206,6,11,6.9,4,1933.28,0,0,0,0,0.6,0,66,3,E-commerce
user_growth_1335,187,3,17,44.4,5,678.23,0,0,1,0,0.87,0,60,4,E-commerce
user_growth_1336,181,2,28,81.4,3,1186.59,1,2,0,0,0.68,0,66,3,SaaS
user_growth_1337,105,50,3,4.6,2,945.82,1,0,1,0,0.76,0,53,4,Education
user_growth_1338,64,11,8,23.3,1,432.2,0,4,1,0,0.63,0,89,1,SaaS
user_growth_1339,249,12,19,28.3,5,1936.43,0,0,1,0,0.92,0,33,6,Marketing
user_growth_1340,273,9,18,46.3,7,1823.1,0,3,0,0,0.82,0,100,0,Education
user_growth_1341,215,12,26,43.4,5,2315.24,0,0,1,0,0.66,0,33,6,SaaS
user_growth_1342,183,8,9,10.4,5,959.36,0,0,2,0,0.54,0,53,4,SaaS
user_growth_1343,289,13,23,13.2,6,1312.69,0,0,3,0,0.83,0,65,3,E-commerce
user_growth_1344,89,10,9,17.3,1,261.91,0,0,0,0,0.66,0,67,3,Education
user_growth_1345,145,9,28,30.6,3,1428.79,0,0,0,0,0.78,0,88,1,Education
user_growth_1346,172,12,22,29.0,3,507.96,0,5,6,1,1.0,0,76,2,Education
user_growth_1347,200,30,1,0.9,5,2446.8,0,0,0,0,0.23,0,54,4,Education
user_growth_1348,142,41,2,2.0,2,566.23,0,0,0,0,0.77,0,82,1,Finance
user_growth_1349,278,4,28,63.5,6,1897.94,0,0,2,0,0.79,0,73,2,E-commerce
user_growth_1350,1,7,29,49.4,0,0.0,0,1,10,3,0.82,0,62,3,Finance
user_growth_1351,167,13,14,40.2,4,1566.27,0,5,3,1,0.64,0,87,1,Finance
user_growth_1352,245,10,19,41.4,6,2353.94,0,0,1,0,0.85,0,64,3,Education
user_growth_1353,146,3,27,36.7,2,717.92,0,1,3,0,0.73,0,53,4,Finance
user_growth_1354,226,10,11,5.6,6,1679.86,0,0,0,0,0.73,0,39,6,Education
user_growth_1355,111,49,2,4.5,2,950.54,0,0,0,0,0.92,0,72,2,Marketing
user_growth_1356,259,13,6,8.9,7,2076.2,1,0,1,0,0.6,0,51,4,Education
user_growth_1357,181,4,28,83.7,5,632.55,0,2,0,0,0.87,0,56,4,Education
user_growth_1358,173,9,22,34.9,2,809.15,0,0,0,0,0.74,0,63,3,E-commerce
user_growth_1359,197,8,24,69.2,3,868.27,0,2,1,0,0.46,0,53,4,E-commerce
user_growth_1360,193,13,27,50.8,4,1842.31,0,0,0,0,0.99,0,86,1,Education
user_growth_1361,243,0,27,16.5,7,3330.81,1,1,1,0,0.77,0,59,4,E-commerce
user_growth_1362,215,7,16,21.2,4,1476.0,0,0,0,0,0.59,0,80,2,E-commerce
user_growth_1363,115,11,19,56.0,2,202.72,0,0,2,0,0.83,0,76,2,Marketing
user_growth_1364,117,1,7,18.5,1,396.4,0,1,1,0,0.72,0,66,3,SaaS
user_growth_1365,22,13,15,27.1,0,0.0,0,0,1,0,0.76,0,63,3,Marketing
user_growth_1366,268,50,4,8.2,5,1543.08,1,0,1,0,0.77,0,37,6,E-commerce
user_growth_1367,59,42,0,0.0,0,0.0,2,0,0,0,0.76,0,56,4,Education
user_growth_1368,218,7,12,12.2,3,1289.72,0,3,0,0,0.63,0,39,6,Marketing
user_growth_1369,186,13,10,12.0,5,486.54,0,2,3,1,1.0,0,77,2,E-commerce
user_growth_1370,157,5,11,28.1,4,415.0,0,0,1,0,0.78,0,49,5,Education
user_growth_1371,219,5,11,21.0,4,362.66,0,1,0,0,0.7,0,68,3,E-commerce
user_growth_1372,197,33,1,1.7,5,2083.67,0,0,6,2,0.7,0,53,4,SaaS
user_growth_1373,276,38,4,9.7,8,3032.72,0,0,1,0,0.93,0,71,2,Finance
user_growth_1374,268,7,7,10.1,6,2772.87,0,0,1,0,0.82,0,39,6,Marketing
user_growth_1375,215,10,19,49.6,6,2772.31,2,0,0,0,0.59,0,72,2,Marketing
user_growth_1376,180,12,29,71.9,3,614.73,0,1,5,3,0.71,0,93,0,Finance
user_growth_1377,167,3,14,17.1,4,1120.04,0,0,0,0,0.62,0,41,5,E-commerce
user_growth_1378,268,10,23,61.5,6,2547.25,0,0,3,0,0.71,0,71,2,Education
user_growth_1379,136,7,12,16.5,2,138.03,0,5,0,0,0.73,0,82,1,Marketing
user_growth_1380,173,4,10,7.8,3,174.61,0,0,1,0,0.77,0,62,3,E-commerce
user_growth_1381,352,12,25,63.9,6,419.69,0,0,0,0,0.83,0,77,2,Finance
user_growth_1382,200,2,14,14.9,5,640.34,0,1,1,0,0.67,0,77,2,SaaS
user_growth_1383,134,11,27,31.4,3,779.05,0,0,1,0,0.84,0,74,2,SaaS
user_growth_1384,207,3,14,12.4,5,1513.11,0,0,3,1,0.69,0,44,5,SaaS
user_growth_1385,230,50,2,1.8,6,1014.9,0,0,4,0,0.95,0,76,2,Marketing
user_growth_1386,130,2,25,53.0,3,241.25,0,1,1,0,0.89,0,46,5,Marketing
user_growth_1387,147,2,19,20.1,2,148.26,0,5,0,0,0.83,0,67,3,Education
user_growth_1388,140,0,12,28.4,3,189.6,0,3,2,0,0.7,0,56,4,SaaS
user_growth_1389,264,6,17,36.4,4,1344.33,1,5,1,0,0.68,0,100,0,Education
user_growth_1390,174,11,27,34.9,2,731.26,0,0,1,0,0.78,0,85,1,E-commerce
user_growth_1391,41,0,8,9.1,0,0.0,0,2,0,0,0.67,1,83,1,E-commerce
user_growth_1392,172,9,5,5.0,3,867.63,0,1,0,0,0.73,0,74,2,Education
user_growth_1393,137,7,11,21.3,2,981.5,0,1,0,0,0.78,0,93,0,Finance
user_growth_1394,75,40,4,4.9,1,497.57,0,0,0,0,1.0,0,51,4,E-commerce
user_growth_1395,105,6,25,59.0,1,338.44,0,0,5,0,0.89,0,41,5,Marketing
user_growth_1396,195,1,21,32.0,4,1361.72,0,0,2,0,0.84,0,99,0,Finance
user_growth_1397,85,9,10,20.0,1,195.17,0,1,1,0,0.84,0,92,0,Marketing
user_growth_1398,259,52,1,2.4,5,1119.23,0,2,0,0,1.0,0,42,5,Marketing
user_growth_1399,214,8,19,33.4,6,1219.05,0,0,0,0,0.91,0,77,2,SaaS
user_growth_1400,192,5,28,28.5,5,1982.67,0,0,4,0,0.58,0,100,0,Education
user_growth_1401,45,41,0,0.0,0,0.0,0,0,1,0,0.7,2,63,3,SaaS
user_growth_1402,198,53,4,8.5,3,1335.32,0,0,0,0,0.73,0,89,1,E-commerce
user_growth_1403,131,57,4,9.9,2,944.34,2,0,3,2,0.94,0,53,4,E-commerce
user_growth_1404,205,38,1,1.9,4,370.62,0,0,0,0,0.81,0,100,0,Marketing
user_growth_1405,4,1,8,9.2,0,0.0,0,3,0,0,0.66,2,59,4,Marketing
user_growth_1406,210,51,2,1.9,4,341.79,0,0,0,0,0.6,0,84,1,SaaS
user_growth_1407,194,13,8,17.8,3,560.99,0,0,2,0,0.54,0,46,5,Finance
user_growth_1408,208,4,25,22.3,3,496.51,0,3,1,0,0.44,0,64,3,E-commerce
user_growth_1409,118,6,7,20.4,2,186.11,1,0,0,0,0.8,0,59,4,Marketing
user_growth_1410,126,2,7,15.6,2,803.38,0,0,0,0,0.67,0,85,1,E-commerce
user_growth_1411,108,2,11,12.6,1,95.33,1,2,1,0,0.73,0,82,1,Education
user_growth_1412,258,2,19,50.1,5,554.56,0,0,0,0,0.58,0,89,1,Finance
user_growth_1413,139,9,9,15.2,2,184.11,0,0,0,0,0.93,0,63,3,Education
user_growth_1414,131,8,22,21.6,2,426.35,0,2,0,0,0.66,0,100,0,Finance
user_growth_1415,143,10,5,4.1,2,983.61,0,0,0,0,0.55,0,83,1,E-commerce
user_growth_1416,129,57,0,0.0,2,159.66,0,1,2,0,0.76,0,43,5,Marketing
user_growth_1417,184,1,29,52.3,4,1926.81,0,3,4,2,0.69,0,47,5,Finance
user_growth_1418,70,16,0,0.0,1,83.88,0,3,1,0,0.74,0,65,3,Finance
user_growth_1419,2,50,1,2.3,0,0.0,0,0,4,2,0.64,1,77,2,Marketing
user_growth_1420,238,25,0,0.0,6,319.99,0,2,1,0,0.9,0,69,3,E-commerce
user_growth_1421,202,13,21,40.7,3,661.54,0,1,1,0,0.44,0,33,6,Marketing
user_growth_1422,103,9,19,24.6,1,354.9,1,0,0,0,0.76,0,77,2,Marketing
user_growth_1423,157,0,5,7.3,4,1943.47,0,5,5,2,0.62,0,55,4,E-commerce
user_growth_1424,287,13,20,38.0,5,2410.29,0,1,1,0,0.92,0,49,5,Finance
user_growth_1425,216,9,29,65.7,6,2421.28,0,0,0,0,0.96,0,42,5,Education
user_growth_1426,144,25,2,3.8,2,564.7,0,0,1,0,0.63,0,85,1,Marketing
user_growth_1427,104,8,26,76.4,1,493.17,0,0,3,1,0.69,0,63,3,Finance
user_growth_1428,114,12,24,16.9,2,490.56,0,0,2,0,0.98,0,65,3,SaaS
user_growth_1429,110,10,29,33.9,2,748.87,0,0,0,0,0.92,0,55,4,Education
user_growth_1430,146,9,13,22.3,2,323.84,1,0,1,0,0.65,0,31,6,SaaS
user_growth_1431,183,5,19,49.4,4,1743.02,0,0,2,0,0.94,0,77,2,E-commerce
user_growth_1432,165,11,22,59.5,3,1166.69,0,1,1,0,0.57,0,97,0,Marketing
user_growth_1433,201,5,16,13.2,4,1439.94,0,0,1,0,0.72,0,66,3,SaaS
user_growth_1434,167,6,9,15.0,2,470.69,0,1,0,0,0.75,0,79,2,Finance
user_growth_1435,71,31,0,0.0,1,428.89,0,0,0,0,0.82,0,45,5,SaaS
user_growth_1436,201,5,17,42.5,5,2240.49,0,0,0,0,0.64,0,39,6,SaaS
user_growth_1437,125,2,23,55.0,3,279.3,0,0,4,3,0.82,0,79,2,E-commerce
user_growth_1438,126,6,20,32.8,3,816.01,0,0,1,0,0.71,0,74,2,Education
user_growth_1439,66,1,5,9.0,1,401.43,0,0,2,0,0.78,0,51,4,E-commerce
user_growth_1440,21,52,1,1.1,0,0.0,2,0,0,0,0.93,0,88,1,Marketing
user_growth_1441,271,13,20,20.9,8,3208.14,0,0,0,0,0.62,0,73,2,E-commerce
user_growth_1442,122,5,28,20.9,3,196.81,0,4,3,1,0.65,0,96,0,E-commerce
user_growth_1443,167,51,2,5.2,4,1277.8,0,0,0,0,0.55,0,70,3,Education
user_growth_1444,155,5,24,70.2,3,309.42,0,0,6,2,0.92,0,100,0,E-commerce
user_growth_1445,272,4,22,38.3,5,2290.21,1,0,1,0,0.6,0,73,2,Marketing
user_growth_1446,241,10,9,26.2,7,905.04,0,0,0,0,0.56,0,65,3,Education
user_growth_1447,300,2,26,19.7,6,2362.88,0,0,0,0,0.86,0,64,3,Marketing
user_growth_1448,231,0,7,19.1,4,1479.74,0,0,2,0,0.58,0,94,0,Finance
user_growth_1449,244,5,5,6.8,5,2387.42,0,0,0,0,0.56,0,76,2,Finance
user_growth_1450,144,6,23,16.0,3,510.93,0,1,1,0,0.52,0,36,6,E-commerce
user_growth_1451,144,2,17,12.5,2,519.61,0,2,2,0,0.77,0,95,0,Marketing
user_growth_1452,323,13,25,15.2,6,1089.36,0,0,2,0,0.88,0,63,3,Education
user_growth_1453,202,11,8,20.5,4,258.24,0,0,5,0,0.96,0,40,6,Finance
user_growth_1454,187,17,4,7.1,3,712.08,0,0,0,0,1.0,0,82,1,E-commerce
user_growth_1455,34,34,4,3.4,0,0.0,0,0,3,0,0.42,2,84,1,Marketing
user_growth_1456,250,10,11,21.7,7,2339.12,0,0,0,0,0.34,0,72,2,Education
user_growth_1457,195,56,4,8.0,4,1978.16,0,2,1,0,0.89,0,56,4,SaaS
user_growth_1458,263,44,2,5.7,7,3287.77,0,0,3,0,0.51,0,75,2,Education
user_growth_1459,172,8,18,36.3,4,286.3,0,1,1,0,0.94,0,96,0,Marketing
user_growth_1460,143,11,28,60.9,3,1278.38,0,0,0,0,0.81,0,64,3,Education
user_growth_1461,126,4,27,48.9,2,940.6,0,1,3,1,0.71,0,83,1,Marketing
user_growth_1462,96,4,23,46.7,2,752.04,2,0,2,0,0.84,0,70,3,SaaS
user_growth_1463,174,6,13,11.8,2,593.66,0,1,1,0,0.79,0,61,3,Finance
user_growth_1464,74,1,20,15.6,1,189.96,0,0,1,0,0.92,0,100,0,Finance
user_growth_1465,218,0,17,32.4,5,849.63,0,0,4,2,0.87,0,46,5,Finance
user_growth_1466,105,16,1,1.9,1,135.45,0,2,0,0,0.81,0,52,4,E-commerce
user_growth_1467,200,27,4,10.1,4,317.12,1,1,0,0,0.79,0,100,0,SaaS
user_growth_1468,240,0,13,19.0,6,1524.17,0,0,4,1,0.62,0,72,2,Finance
user_growth_1469,270,6,18,30.0,5,1455.17,0,0,0,0,0.99,0,49,5,Marketing
user_growth_1470,169,11,29,16.2,3,188.14,0,0,4,0,0.74,0,72,2,E-commerce
user_growth_1471,98,58,3,6.8,2,855.58,2,0,0,0,0.5,0,78,2,SaaS
user_growth_1472,156,55,4,6.5,3,908.58,1,0,0,0,0.59,0,84,1,Education
user_growth_1473,208,2,24,67.9,4,695.12,0,0,1,0,0.96,0,52,4,Finance
user_growth_1474,93,12,14,9.4,1,298.36,0,0,0,0,0.54,0,97,0,Marketing
user_growth_1475,102,3,15,27.0,1,473.84,0,2,1,0,0.8,0,65,3,SaaS
user_growth_1476,178,26,2,2.8,2,630.58,1,0,3,2,0.93,0,96,0,Marketing
user_growth_1477,80,11,8,24.0,1,137.29,0,2,3,0,0.79,0,98,0,SaaS
user_growth_1478,215,5,12,15.2,4,1906.97,0,0,5,1,0.55,0,57,4,SaaS
user_growth_1479,118,1,26,25.2,2,846.42,0,3,0,0,0.74,0,43,5,Education
user_growth_1480,191,8,11,13.8,5,1895.42,0,3,1,0,0.93,0,49,5,Finance
user_growth_1481,153,11,19,51.0,3,1113.34,0,0,4,2,1.0,0,86,1,Finance
user_growth_1482,181,2,21,39.9,3,895.99,2,3,0,0,0.89,0,72,2,Marketing
user_growth_1483,223,4,25,40.8,4,1079.2,0,0,1,0,0.78,0,59,4,Finance
user_growth_1484,264,1,15,45.0,4,1005.61,0,0,0,0,0.8,0,47,5,E-commerce
user_growth_1485,184,21,2,2.7,4,1146.54,0,1,0,0,1.0,0,33,6,Education
user_growth_1486,138,3,15,25.7,3,758.63,0,0,1,0,0.89,0,71,2,Finance
user_growth_1487,236,10,9,19.8,4,264.28,0,0,1,0,0.83,0,53,4,E-commerce
user_growth_1488,1,47,1,2.5,0,0.0,0,0,0,0,0.74,0,97,0,SaaS
user_growth_1489,163,15,4,9.8,2,417.89,0,0,1,0,0.84,0,61,3,E-commerce
user_growth_1490,251,49,4,5.4,6,747.71,0,0,3,0,0.79,0,53,4,E-commerce
user_growth_1491,139,40,2,1.8,2,680.08,2,0,0,0,0.85,0,60,4,E-commerce
user_growth_1492,213,2,25,46.4,5,417.04,0,0,2,0,0.74,0,63,3,Finance
user_growth_1493,122,46,1,1.0,2,935.95,0,0,0,0,0.75,0,74,2,Finance
user_growth_1494,205,4,16,47.5,4,1541.98,2,0,0,0,0.53,0,48,5,Marketing
user_growth_1495,243,4,19,20.4,7,1945.82,0,0,1,0,0.65,0,87,1,SaaS
user_growth_1496,161,7,24,59.1,3,923.22,0,2,1,0,0.88,0,58,4,Marketing
user_growth_1497,317,2,5,4.5,8,1091.08,0,0,1,0,0.68,0,87,1,Education
user_growth_1498,130,10,12,34.2,2,179.76,0,1,1,0,0.49,0,91,0,Marketing
user_growth_1499,188,3,12,22.1,5,690.06,3,0,4,0,0.84,0,81,1,Marketing
user_growth_1500,79,2,10,20.2,1,58.75,0,2,0,0,0.73,0,57,4,SaaS
user_growth_1501,44,46,0,0.0,0,0.0,0,0,0,0,0.75,3,70,3,SaaS
user_growth_1502,180,0,11,7.1,4,238.34,0,3,1,0,0.62,0,63,3,Marketing
user_growth_1503,100,56,1,0.9,2,182.29,2,0,0,0,0.63,0,56,4,SaaS
user_growth_1504,165,0,6,6.5,2,946.91,0,0,0,0,0.67,0,87,1,Education
user_growth_1505,156,10,23,26.3,2,298.96,0,0,2,0,0.57,0,72,2,Education
user_growth_1506,279,1,26,20.4,5,1429.48,0,0,0,0,0.69,0,67,3,Finance
user_growth_1507,249,0,24,36.5,4,1899.4,0,0,1,0,0.76,0,67,3,Education
user_growth_1508,93,1,12,20.7,2,337.45,1,0,0,0,0.67,0,98,0,Finance
user_growth_1509,172,10,18,39.3,4,916.13,0,0,1,0,0.77,0,96,0,Education
user_growth_1510,161,39,1,1.1,4,1091.98,2,2,0,0,0.61,0,69,3,Marketing
user_growth_1511,274,12,21,12.3,8,2694.3,0,0,3,2,0.67,0,71,2,Education
user_growth_1512,243,42,1,2.0,6,586.6,1,0,1,0,0.63,0,59,4,SaaS
user_growth_1513,219,34,4,2.1,5,1738.48,0,0,5,1,0.75,0,94,0,SaaS
user_growth_1514,243,8,12,25.4,7,1802.84,0,6,1,0,0.81,0,100,0,Education
user_growth_1515,168,4,10,21.0,4,1645.68,0,0,0,0,0.69,0,87,1,SaaS
user_growth_1516,138,9,19,36.3,2,901.59,0,0,0,0,0.63,0,53,4,Marketing
user_growth_1517,202,42,4,2.3,4,360.68,0,4,1,0,0.91,0,69,3,Finance
user_growth_1518,131,48,0,0.0,3,226.94,0,0,1,0,0.77,0,76,2,E-commerce
user_growth_1519,168,8,27,16.9,3,718.99,0,0,0,0,0.85,0,76,2,E-commerce
user_growth_1520,310,11,26,39.5,7,1987.92,0,3,2,0,0.77,0,100,0,Finance
user_growth_1521,196,8,7,16.5,5,1740.36,0,2,0,0,0.98,0,42,5,SaaS
user_growth_1522,68,9,18,18.8,1,188.04,0,0,3,0,0.97,0,94,0,SaaS
user_growth_1523,277,12,11,28.3,5,734.58,0,0,0,0,0.95,0,41,5,Finance
user_growth_1524,220,37,3,5.1,6,513.36,0,0,3,0,0.39,0,38,6,E-commerce
user_growth_1525,113,3,24,28.0,2,359.7,0,0,1,0,0.71,0,74,2,Finance
user_growth_1526,182,13,7,5.3,4,1562.13,0,0,3,2,0.7,0,43,5,SaaS
user_growth_1527,190,36,2,4.7,3,252.41,0,0,0,0,0.87,0,88,1,SaaS
user_growth_1528,209,28,0,0.0,4,376.69,0,3,2,0,0.74,0,69,3,Education
user_growth_1529,107,45,1,0.5,2,360.34,0,1,4,2,0.96,0,67,3,Finance
user_growth_1530,190,56,1,2.5,3,706.72,0,0,1,0,0.63,0,85,1,SaaS
user_growth_1531,186,11,13,18.8,4,1516.95,0,0,1,0,1.0,0,56,4,Finance
user_growth_1532,89,3,24,26.4,1,435.49,0,2,0,0,0.59,0,71,2,Education
user_growth_1533,229,8,10,10.5,4,339.47,0,4,3,2,0.63,0,78,2,Finance
user_growth_1534,243,1,13,22.3,7,3444.86,0,0,3,0,0.73,0,82,1,Education
user_growth_1535,175,26,0,0.0,4,779.26,0,0,0,0,0.84,0,64,3,Marketing
user_growth_1536,75,22,1,1.5,1,203.19,0,0,1,0,1.0,0,27,7,E-commerce
user_growth_1537,174,38,4,7.4,4,457.9,1,1,2,0,0.68,0,30,7,Finance
user_growth_1538,109,2,10,8.9,1,77.82,0,0,2,0,1.0,0,52,4,SaaS
user_growth_1539,207,33,3,3.2,5,1318.53,0,0,0,0,0.54,0,97,0,Education
user_growth_1540,98,4,18,21.7,1,144.87,0,0,0,0,0.98,0,100,0,E-commerce
user_growth_1541,129,57,3,4.1,2,707.82,0,0,2,0,0.86,0,74,2,E-commerce
user_growth_1542,178,52,3,2.2,4,1119.22,0,0,0,0,0.69,0,64,3,Education
user_growth_1543,157,1,28,73.6,2,597.6,2,0,2,0,0.54,0,62,3,E-commerce
user_growth_1544,203,9,19,15.1,5,484.36,0,0,1,0,0.64,0,50,5,SaaS
user_growth_1545,224,24,1,2.9,6,2910.01,0,2,1,0,0.82,0,75,2,Marketing
user_growth_1546,150,5,21,17.4,4,1380.39,0,0,0,0,0.47,0,83,1,Finance
user_growth_1547,250,8,13,22.9,6,2469.07,1,0,0,0,1.0,0,46,5,Finance
user_growth_1548,245,10,11,32.5,5,2191.02,0,4,1,0,1.0,0,94,0,Marketing
user_growth_1549,236,8,7,19.6,4,379.92,0,1,0,0,0.73,0,87,1,SaaS
user_growth_1550,157,53,1,2.8,3,373.39,1,1,0,0,0.83,0,14,8,Education
user_growth_1551,264,1,15,12.5,5,1622.77,0,0,0,0,0.83,0,82,1,E-commerce
user_growth_1552,69,8,14,18.4,1,86.63,0,0,0,0,0.59,0,70,3,SaaS
user_growth_1553,98,6,18,44.0,2,804.43,0,1,0,0,0.64,0,57,4,SaaS
user_growth_1554,200,8,18,46.3,4,1638.7,2,0,4,0,0.85,0,80,2,Marketing
user_growth_1555,253,6,12,31.0,4,1220.58,0,0,1,0,0.79,0,82,1,E-commerce
user_growth_1556,193,9,16,28.7,3,1323.63,0,0,0,0,0.86,0,33,6,E-commerce
user_growth_1557,135,32,0,0.0,2,264.2,0,0,1,0,0.72,0,62,3,Education
user_growth_1558,323,8,15,18.0,7,3401.29,0,2,0,0,0.84,0,34,6,Finance
user_growth_1559,97,1,11,22.0,2,440.33,0,0,7,1,0.64,0,66,3,Marketing
user_growth_1560,109,4,11,19.9,2,184.37,0,3,7,0,0.66,0,87,1,Finance
user_growth_1561,147,18,3,5.9,2,149.92,0,2,0,0,0.46,0,41,5,Education
user_growth_1562,167,45,3,6.3,4,465.25,0,0,0,0,0.88,0,96,0,Education
user_growth_1563,151,3,23,33.3,2,852.92,0,0,0,0,0.83,0,68,3,Education
user_growth_1564,267,6,9,24.2,4,982.1,0,0,2,0,0.74,0,44,5,Finance
user_growth_1565,59,57,2,5.4,0,0.0,0,0,0,0,1.0,0,69,3,SaaS
user_growth_1566,181,58,2,4.6,3,866.07,0,4,1,0,0.78,0,70,3,Education
user_growth_1567,221,7,8,16.3,5,760.57,0,0,0,0,0.62,0,100,0,Education
user_growth_1568,189,5,7,10.3,5,1115.06,0,4,0,0,0.75,0,79,2,E-commerce
user_growth_1569,144,3,28,80.6,2,903.05,0,0,4,1,0.67,0,64,3,Finance
user_growth_1570,143,4,18,20.8,3,831.31,1,1,5,0,0.69,0,57,4,Education
user_growth_1571,163,6,22,65.3,3,492.36,0,0,0,0,0.59,0,90,1,E-commerce
user_growth_1572,189,3,17,17.9,4,1339.88,0,0,5,0,0.78,0,50,5,Finance
user_growth_1573,125,44,3,4.3,3,520.17,0,1,3,2,0.73,0,47,5,SaaS
user_growth_1574,135,23,3,4.6,2,636.52,0,2,0,0,0.89,0,58,4,Education
user_growth_1575,215,1,23,22.2,5,2463.92,0,2,1,0,1.0,0,78,2,Marketing
user_growth_1576,256,3,15,41.7,5,2337.36,0,0,0,0,0.53,0,100,0,Marketing
user_growth_1577,112,1,12,20.3,2,680.77,0,1,0,0,0.81,0,87,1,SaaS
user_growth_1578,200,3,14,41.9,5,552.92,0,0,5,1,0.63,0,60,4,E-commerce
user_growth_1579,199,2,18,27.1,3,1204.47,0,2,2,0,0.95,0,83,1,Finance
user_growth_1580,229,48,2,3.1,5,2142.52,0,1,0,0,0.51,0,72,2,Finance
user_growth_1581,253,25,3,7.2,5,981.6,0,0,1,0,0.8,0,72,2,Finance
user_growth_1582,195,0,22,18.5,3,235.66,0,0,0,0,0.56,0,100,0,Marketing
user_growth_1583,289,10,19,56.8,5,2077.08,0,0,6,2,0.85,0,98,0,SaaS
user_growth_1584,182,11,20,30.9,3,1171.06,0,1,3,2,0.87,0,97,0,Finance
user_growth_1585,200,12,16,27.2,5,1449.78,0,0,0,0,0.84,0,72,2,E-commerce
user_growth_1586,273,32,0,0.0,7,2454.94,2,1,5,0,0.59,0,70,3,Marketing
user_growth_1587,230,5,10,16.7,4,572.53,0,0,1,0,0.83,0,71,2,E-commerce
user_growth_1588,305,9,9,10.1,5,1994.28,0,6,2,0,0.5,0,55,4,Marketing
user_growth_1589,158,7,5,10.9,3,755.93,0,0,0,0,0.57,0,100,0,Marketing
user_growth_1590,255,1,12,18.7,6,1017.41,0,0,4,0,0.78,0,67,3,Education
user_growth_1591,217,4,16,37.3,4,1786.38,0,0,0,0,0.98,0,74,2,Marketing
user_growth_1592,145,5,22,19.7,3,985.22,0,0,0,0,1.0,0,82,1,Education
user_growth_1593,221,10,19,19.9,3,294.5,2,0,6,2,0.77,0,12,8,E-commerce
user_growth_1594,183,33,3,5.1,4,333.91,0,0,0,0,0.84,0,100,0,Education
user_growth_1595,216,0,19,43.3,6,314.47,0,0,0,0,1.0,0,50,5,Finance
user_growth_1596,192,44,2,2.4,3,991.72,0,0,0,0,0.63,0,59,4,E-commerce
user_growth_1597,173,8,25,42.2,2,879.17,0,0,1,0,0.98,0,100,0,SaaS
user_growth_1598,243,6,25,70.1,4,461.03,0,0,5,2,0.82,0,54,4,Finance
user_growth_1599,201,5,15,41.4,4,1271.0,0,0,0,0,0.85,0,52,4,E-commerce
user_growth_1600,152,4,17,8.6,3,289.19,0,0,1,0,0.8,0,51,4,Marketing
user_growth_1601,114,36,2,3.4,2,706.22,0,0,1,0,0.68,0,84,1,Marketing
user_growth_1602,204,48,3,7.4,4,1928.75,0,0,0,0,0.74,0,69,3,SaaS
user_growth_1603,233,5,15,8.7,4,1139.85,0,3,2,0,0.77,0,78,2,Education
user_growth_1604,207,29,0,0.0,5,2289.16,0,0,2,0,0.6,0,38,6,Education
user_growth_1605,73,10,15,19.2,1,412.43,0,3,0,0,0.89,0,91,0,SaaS
user_growth_1606,221,17,1,0.9,5,818.18,0,2,0,0,0.63,0,68,3,Marketing
user_growth_1607,95,44,2,4.6,2,813.37,0,0,0,0,0.61,0,70,3,E-commerce
user_growth_1608,172,13,25,30.7,4,1543.57,0,3,1,0,0.86,0,64,3,Education
user_growth_1609,100,13,26,20.1,2,874.71,0,0,0,0,0.6,0,47,5,Marketing
user_growth_1610,161,35,0,0.0,3,482.27,0,0,6,1,0.82,0,69,3,Education
user_growth_1611,261,47,2,2.7,6,421.48,2,1,1,0,0.77,0,72,2,Finance
user_growth_1612,205,7,5,14.6,3,210.28,0,0,1,0,0.57,0,51,4,Education
user_growth_1613,210,45,2,3.3,4,684.78,0,0,2,0,0.76,0,68,3,Education
user_growth_1614,168,9,6,11.1,3,187.79,0,0,1,0,0.86,0,17,8,Finance
user_growth_1615,222,5,14,33.3,3,1346.27,1,0,0,0,0.84,0,81,1,Education
user_growth_1616,189,26,0,0.0,5,2468.92,0,0,2,0,0.86,0,88,1,SaaS
user_growth_1617,243,40,3,3.5,4,1397.81,0,1,4,2,0.78,0,76,2,Education
user_growth_1618,102,7,17,45.1,1,128.08,0,0,3,0,0.72,0,82,1,E-commerce
user_growth_1619,131,6,24,59.1,2,715.14,0,0,1,0,0.64,0,32,6,Marketing
user_growth_1620,172,39,0,0.0,3,896.2,0,0,2,0,0.92,0,88,1,SaaS
user_growth_1621,215,19,4,2.3,6,2622.68,1,6,0,0,0.68,0,76,2,E-commerce
user_growth_1622,199,13,16,25.9,5,2232.78,0,0,0,0,0.7,0,76,2,SaaS
user_growth_1623,157,10,9,26.3,3,344.27,0,0,1,0,0.61,0,71,2,Marketing
user_growth_1624,144,3,13,22.8,2,700.87,0,0,1,0,0.74,0,100,0,Marketing
user_growth_1625,191,6,8,8.7,3,1196.17,1,0,3,1,0.77,0,67,3,Finance
user_growth_1626,58,8,24,15.3,0,0.0,2,1,0,0,0.92,1,100,0,SaaS
user_growth_1627,214,16,2,1.4,3,882.09,0,0,4,1,0.67,0,75,2,SaaS
user_growth_1628,218,50,1,2.0,6,2070.28,0,0,2,0,0.85,0,56,4,Education
user_growth_1629,204,10,23,58.3,4,1229.89,0,0,0,0,0.64,0,35,6,SaaS
user_growth_1630,170,10,19,41.8,3,1188.82,0,0,1,0,0.97,0,99,0,Marketing
user_growth_1631,193,1,26,55.5,5,725.12,0,0,0,0,0.97,0,83,1,Marketing
user_growth_1632,123,1,16,42.2,2,193.78,0,0,0,0,0.76,0,62,3,Education
user_growth_1633,154,42,0,0.0,3,607.43,0,1,0,0,0.75,0,80,2,Education
user_growth_1634,158,56,2,1.7,2,705.07,0,0,2,0,0.88,0,55,4,SaaS
user_growth_1635,186,0,12,9.2,4,1498.31,0,0,1,0,0.63,0,48,5,Marketing
user_growth_1636,156,4,25,48.7,3,417.64,0,2,1,0,0.46,0,83,1,SaaS
user_growth_1637,241,2,23,37.6,5,674.25,0,0,1,0,0.63,0,44,5,E-commerce
user_growth_1638,306,6,25,28.0,8,3850.42,0,0,0,0,0.65,0,82,1,E-commerce
user_growth_1639,125,8,12,22.5,2,810.68,0,0,0,0,0.88,0,37,6,Education
user_growth_1640,148,7,20,22.3,3,497.85,0,0,1,0,0.82,0,84,1,Finance
user_growth_1641,203,40,2,4.0,3,318.44,0,3,0,0,0.66,0,31,6,Marketing
user_growth_1642,156,12,29,77.8,4,1825.36,0,3,1,0,0.75,0,79,2,Education
user_growth_1643,119,11,13,18.7,2,991.13,2,0,2,0,0.52,0,100,0,SaaS
user_growth_1644,199,6,11,11.2,5,1649.77,0,1,0,0,0.9,0,55,4,Finance
user_growth_1645,211,9,14,21.2,5,1972.69,0,0,4,0,0.65,0,79,2,Marketing
user_growth_1646,185,16,4,7.7,4,305.85,0,5,0,0,0.89,0,92,0,Marketing
user_growth_1647,281,0,13,23.0,6,602.84,0,1,0,0,0.89,0,27,7,Education
user_growth_1648,279,13,29,44.9,6,2400.42,0,0,0,0,0.77,0,39,6,Finance
user_growth_1649,132,5,28,39.1,3,187.87,0,0,1,0,0.75,0,100,0,Education
user_growth_1650,215,7,8,20.3,5,1125.79,0,0,1,0,0.78,0,73,2,Finance
user_growth_1651,192,1,9,17.4,4,1597.79,0,0,3,0,0.72,0,100,0,Marketing
user_growth_1652,116,6,20,18.6,1,74.62,0,0,1,0,1.0,0,80,2,Education
user_growth_1653,90,58,2,5.8,2,160.58,0,1,3,1,0.73,0,64,3,Marketing
user_growth_1654,105,57,1,2.3,1,74.24,1,0,0,0,0.9,0,73,2,E-commerce
user_growth_1655,131,9,7,16.1,3,1321.05,0,0,1,0,0.94,0,37,6,Education
user_growth_1656,184,3,16,16.2,4,1705.7,0,0,0,0,0.76,0,47,5,Marketing
user_growth_1657,130,53,2,2.1,2,166.98,0,1,2,0,0.72,0,88,1,Finance
user_growth_1658,180,56,3,6.0,5,1664.15,0,0,0,0,0.78,0,79,2,SaaS
user_growth_1659,82,12,20,26.6,1,461.85,1,1,2,0,0.65,0,100,0,Finance
user_growth_1660,133,13,19,46.2,2,284.76,0,0,0,0,0.8,0,72,2,SaaS
user_growth_1661,206,25,4,3.3,5,1157.66,0,2,2,0,0.87,0,60,4,SaaS
user_growth_1662,179,36,4,4.9,4,712.5,0,0,0,0,0.66,0,96,0,Finance
user_growth_1663,213,11,28,21.0,4,871.6,0,0,1,0,0.68,0,94,0,Education
user_growth_1664,193,22,3,4.8,3,1444.14,0,0,0,0,0.6,0,81,1,E-commerce
user_growth_1665,227,10,15,27.5,3,216.65,0,1,1,0,0.67,0,100,0,Finance
user_growth_1666,233,11,13,13.2,5,1303.7,0,0,0,0,0.71,0,57,4,SaaS
user_growth_1667,161,11,25,32.0,4,358.53,0,2,0,0,0.77,0,61,3,Education
user_growth_1668,129,12,23,59.8,2,226.41,0,1,5,1,0.76,0,88,1,Education
user_growth_1669,80,8,12,34.1,1,241.33,1,1,0,0,0.78,0,68,3,Marketing
user_growth_1670,191,3,26,15.8,4,352.81,2,0,2,0,1.0,0,81,1,Marketing
user_growth_1671,132,11,19,16.2,3,1057.12,0,0,0,0,0.89,0,94,0,SaaS
user_growth_1672,275,9,11,16.9,6,2868.45,0,0,1,0,0.58,0,55,4,Education
user_growth_1673,203,9,13,37.1,3,1141.77,0,0,0,0,1.0,0,100,0,Finance
user_growth_1674,176,8,23,45.8,2,581.64,0,0,4,0,1.0,0,78,2,Finance
user_growth_1675,291,15,2,2.6,8,616.21,0,1,1,0,0.97,0,100,0,E-commerce
user_growth_1676,213,49,2,5.3,6,2910.84,0,0,0,0,0.87,0,88,1,E-commerce
user_growth_1677,132,1,8,5.6,3,503.62,3,1,3,1,0.83,0,69,3,Finance
user_growth_1678,201,22,0,0.0,5,1473.31,0,0,1,0,0.57,0,76,2,SaaS
user_growth_1679,188,11,14,8.0,5,453.31,0,0,1,0,0.76,0,72,2,E-commerce
user_growth_1680,144,12,19,44.3,2,588.76,0,4,3,1,0.73,0,65,3,Finance
user_growth_1681,185,45,4,2.6,5,1877.92,0,0,1,0,0.7,0,88,1,E-commerce
user_growth_1682,78,34,0,0.0,1,484.01,0,0,7,0,0.96,0,50,5,Education
user_growth_1683,226,2,13,20.2,6,1806.68,0,4,0,0,0.4,0,75,2,Finance
user_growth_1684,159,7,9,24.1,4,1287.25,0,0,1,0,0.79,0,74,2,Education
user_growth_1685,205,5,22,26.8,5,2381.68,0,0,0,0,0.77,0,87,1,E-commerce
user_growth_1686,239,5,15,11.4,5,1168.22,0,3,3,0,0.82,0,89,1,E-commerce
user_growth_1687,142,53,4,4.9,2,105.67,0,0,2,0,0.85,0,92,0,Marketing
user_growth_1688,319,3,24,42.1,6,2758.84,1,1,0,0,0.77,0,48,5,E-commerce
user_growth_1689,191,1,6,12.2,3,876.05,0,0,0,0,0.74,0,41,5,Marketing
user_growth_1690,73,8,19,43.1,1,89.99,0,0,3,1,0.83,0,33,6,SaaS
user_growth_1691,198,4,6,11.2,3,1060.12,0,0,0,0,0.61,0,49,5,Marketing
user_growth_1692,121,1,12,33.4,2,851.42,0,0,1,0,0.91,0,68,3,E-commerce
user_growth_1693,97,8,24,49.6,2,853.13,0,2,0,0,0.69,0,86,1,Education
user_growth_1694,21,36,0,0.0,0,0.0,0,0,1,0,0.6,0,57,4,Finance
user_growth_1695,216,3,6,5.5,5,2390.38,0,0,0,0,0.66,0,100,0,Education
user_growth_1696,234,5,22,18.4,4,261.13,0,0,0,0,0.79,0,93,0,Marketing
user_growth_1697,246,13,17,50.1,5,2093.52,0,0,4,0,0.64,0,84,1,Finance
user_growth_1698,299,1,18,51.7,7,3204.48,0,0,2,0,0.55,0,86,1,Marketing
user_growth_1699,273,10,13,34.2,5,856.23,0,0,0,0,0.63,0,94,0,E-commerce
user_growth_1700,136,4,14,20.1,2,875.96,0,0,1,0,0.73,0,38,6,Education
user_growth_1701,227,52,1,2.9,3,1274.02,0,0,1,0,0.63,0,84,1,SaaS
user_growth_1702,140,2,24,20.0,2,440.87,0,0,1,0,0.77,0,72,2,Finance
user_growth_1703,207,33,4,8.9,5,670.56,2,0,3,2,0.45,0,100,0,E-commerce
user_growth_1704,190,4,21,34.3,4,1150.8,0,0,1,0,0.7,0,59,4,SaaS
user_growth_1705,213,37,2,5.0,6,1635.54,0,0,1,0,0.59,0,91,0,Marketing
user_growth_1706,287,46,0,0.0,5,491.14,0,0,2,0,0.92,0,77,2,E-commerce
user_growth_1707,49,21,0,0.0,0,0.0,0,0,1,0,0.74,3,75,2,SaaS
user_growth_1708,87,0,7,5.5,1,101.51,0,0,3,1,0.85,0,71,2,Education
user_growth_1709,287,34,0,0.0,7,1293.22,0,0,0,0,0.84,0,64,3,E-commerce
user_growth_1710,98,5,7,11.3,2,716.0,0,0,2,0,0.72,0,82,1,Marketing
user_growth_1711,64,4,7,3.6,1,206.61,0,0,0,0,0.68,0,77,2,E-commerce
user_growth_1712,139,9,8,15.9,2,702.48,0,2,0,0,1.0,0,78,2,E-commerce
user_growth_1713,131,2,8,17.1,3,1060.06,0,0,5,1,0.8,0,63,3,Education
user_growth_1714,180,32,4,4.3,4,1369.75,0,0,0,0,1.0,0,49,5,Finance
user_growth_1715,209,57,0,0.0,3,1097.71,0,1,0,0,0.85,0,87,1,Education
user_growth_1716,264,0,16,34.0,4,302.07,0,1,1,0,0.89,0,64,3,Finance
user_growth_1717,141,21,2,6.0,3,672.91,0,1,0,0,0.77,0,65,3,Marketing
user_growth_1718,155,48,2,3.2,3,357.75,0,1,0,0,0.88,0,100,0,Education
user_growth_1719,216,4,21,37.0,4,1149.64,0,0,2,0,0.79,0,54,4,SaaS
user_growth_1720,360,4,5,3.8,6,1903.51,0,0,1,0,0.72,0,83,1,Education
user_growth_1721,39,53,3,1.9,0,0.0,0,0,1,0,1.0,1,65,3,SaaS
user_growth_1722,256,7,26,37.5,4,239.3,0,4,0,0,0.41,0,42,5,SaaS
user_growth_1723,248,3,15,11.9,6,569.41,0,0,1,0,0.84,0,44,5,Education
user_growth_1724,204,7,18,49.6,3,1088.23,0,0,0,0,0.56,0,33,6,SaaS
user_growth_1725,218,8,23,38.6,6,1422.89,0,0,1,0,0.85,0,52,4,Finance
user_growth_1726,209,0,21,22.7,4,877.71,0,0,5,1,0.59,0,48,5,Marketing
user_growth_1727,188,8,11,21.5,3,860.79,2,4,0,0,0.78,0,78,2,SaaS
user_growth_1728,167,10,27,74.6,3,1274.57,0,0,0,0,0.59,0,46,5,Finance
user_growth_1729,200,10,16,26.5,4,1706.59,0,1,0,0,0.79,0,100,0,E-commerce
user_growth_1730,78,9,7,11.4,1,73.24,0,2,2,0,0.81,0,56,4,Marketing
user_growth_1731,246,12,24,34.4,6,2213.79,0,2,0,0,1.0,0,70,3,Finance
user_growth_1732,222,13,9,9.5,5,2063.78,0,0,5,0,0.9,0,46,5,E-commerce
user_growth_1733,251,5,29,47.8,7,1606.6,0,4,0,0,0.75,0,92,0,E-commerce
user_growth_1734,286,11,28,80.1,7,848.32,0,0,0,0,0.99,0,52,4,SaaS
user_growth_1735,283,11,15,43.0,6,434.37,0,2,6,0,0.77,0,46,5,SaaS
user_growth_1736,108,11,8,21.2,2,690.01,0,2,0,0,0.8,0,53,4,Finance
user_growth_1737,216,0,6,15.9,5,1531.33,0,0,0,0,0.74,0,55,4,SaaS
user_growth_1738,165,11,16,10.0,4,1917.82,0,0,0,0,0.65,0,71,2,Marketing
user_growth_1739,152,19,2,3.8,4,1998.21,0,1,0,0,0.75,0,88,1,E-commerce
user_growth_1740,221,1,13,7.2,6,454.8,0,0,2,0,0.77,0,70,3,SaaS
user_growth_1741,149,5,22,47.5,3,324.78,0,0,0,0,0.73,0,59,4,Finance
user_growth_1742,143,34,0,0.0,2,260.21,0,0,1,0,0.87,0,84,1,Marketing
user_growth_1743,149,13,19,12.2,2,413.86,0,0,0,0,0.41,0,44,5,Education
user_growth_1744,140,3,13,16.0,3,1258.17,0,0,0,0,0.77,0,100,0,Marketing
user_growth_1745,356,10,29,73.3,7,905.37,0,0,2,0,0.95,0,76,2,SaaS
user_growth_1746,200,50,1,0.6,5,1673.78,0,0,0,0,0.8,0,62,3,Education
user_growth_1747,262,53,4,11.7,5,542.45,0,0,0,0,0.93,0,67,3,E-commerce
user_growth_1748,155,6,19,13.3,2,583.24,1,0,0,0,1.0,0,64,3,E-commerce
user_growth_1749,300,59,3,7.5,8,1569.1,0,3,2,0,0.88,0,99,0,E-commerce
user_growth_1750,223,9,16,21.1,5,1604.37,0,0,0,0,0.76,0,58,4,E-commerce
user_growth_1751,139,6,20,20.8,3,1144.71,0,0,0,0,0.45,0,88,1,E-commerce
user_growth_1752,176,21,4,10.8,3,1389.74,1,0,0,0,0.93,0,63,3,SaaS
user_growth_1753,179,23,3,3.6,3,1203.43,0,0,2,0,0.86,0,73,2,SaaS
user_growth_1754,250,0,24,51.2,4,1073.7,0,3,1,0,0.75,0,62,3,E-commerce
user_growth_1755,175,5,26,74.6,3,743.08,0,0,0,0,0.96,0,77,2,Education
user_growth_1756,250,1,7,10.2,7,1875.35,0,0,2,0,0.74,0,81,1,Finance
user_growth_1757,249,7,17,45.4,6,2976.78,0,2,2,0,0.63,0,54,4,Finance
user_growth_1758,282,5,7,14.8,4,1379.6,0,0,3,1,0.67,0,67,3,Education
user_growth_1759,138,1,23,57.9,3,1037.46,0,0,0,0,0.91,0,49,5,E-commerce
user_growth_1760,237,9,18,13.0,6,2274.55,0,0,2,0,0.74,0,98,0,Finance
user_growth_1761,199,11,25,40.3,3,1130.65,0,1,0,0,0.65,0,83,1,Finance
user_growth_1762,240,8,13,11.0,7,1396.17,0,0,1,0,0.94,0,90,1,Marketing
user_growth_1763,158,2,26,61.8,3,978.81,0,0,1,0,0.79,0,54,4,Marketing
user_growth_1764,103,51,2,5.1,2,701.31,1,0,0,0,1.0,0,65,3,Education
user_growth_1765,169,5,17,37.3,2,631.19,0,0,2,0,0.69,0,74,2,Marketing
user_growth_1766,139,11,27,26.3,2,163.99,0,0,1,0,0.82,0,60,4,E-commerce
user_growth_1767,216,43,0,0.0,4,697.02,0,0,2,0,0.8,0,67,3,Marketing
user_growth_1768,255,24,0,0.0,7,888.46,0,2,0,0,0.93,0,86,1,Finance
user_growth_1769,107,20,2,5.5,2,232.53,0,0,0,0,0.68,0,78,2,Marketing
user_growth_1770,229,15,1,2.1,6,1734.21,0,1,1,0,0.65,0,71,2,Marketing
user_growth_1771,54,17,2,2.3,0,0.0,0,0,1,0,0.93,1,87,1,SaaS
user_growth_1772,269,10,23,67.6,4,1161.96,0,0,2,0,0.77,0,88,1,Finance
user_growth_1773,221,7,12,12.5,4,1985.02,0,0,0,0,0.77,0,47,5,SaaS
user_growth_1774,166,52,1,0.5,2,666.08,0,0,1,0,0.72,0,34,6,SaaS
user_growth_1775,158,9,12,10.8,3,168.81,0,2,1,0,0.4,0,54,4,Marketing
user_growth_1776,307,9,5,13.5,5,452.06,0,0,0,0,0.7,0,62,3,Finance
user_growth_1777,253,2,19,32.6,5,591.67,0,2,0,0,0.77,0,44,5,Finance
user_growth_1778,166,11,5,3.6,3,1099.55,0,0,0,0,0.52,0,66,3,Education
user_growth_1779,215,0,17,49.4,6,2556.26,0,0,0,0,0.93,0,69,3,Finance
user_growth_1780,190,2,28,36.8,3,310.85,2,0,2,0,0.74,0,42,5,E-commerce
user_growth_1781,111,22,0,0.0,2,370.02,0,0,4,2,0.59,0,33,6,Education
user_growth_1782,197,8,20,47.9,3,153.8,0,0,3,1,0.75,0,67,3,E-commerce
user_growth_1783,217,6,20,30.4,4,613.95,0,3,1,0,1.0,0,61,3,Marketing
user_growth_1784,205,2,9,5.6,4,934.52,0,0,0,0,0.73,0,82,1,E-commerce
user_growth_1785,163,0,13,30.3,3,785.54,0,2,2,0,0.81,0,81,1,SaaS
user_growth_1786,136,42,4,2.7,3,653.15,0,1,0,0,0.65,0,53,4,Education
user_growth_1787,188,13,27,62.9,4,299.29,0,0,3,0,0.83,0,100,0,Education
user_growth_1788,256,6,10,22.8,6,869.72,0,2,0,0,0.88,0,21,7,Marketing
user_growth_1789,199,12,10,24.1,4,1826.73,0,0,0,0,0.68,0,72,2,E-commerce
user_growth_1790,204,52,1,1.8,5,1314.47,0,0,3,0,0.67,0,55,4,E-commerce
user_growth_1791,183,13,14,37.9,3,1469.77,0,0,0,0,0.7,0,49,5,E-commerce
user_growth_1792,138,9,7,14.6,2,526.53,0,0,0,0,0.44,0,62,3,SaaS
user_growth_1793,225,31,3,7.8,5,2129.61,1,0,1,0,0.88,0,66,3,SaaS
user_growth_1794,112,10,14,20.6,1,258.23,0,4,1,0,0.6,0,95,0,E-commerce
user_growth_1795,283,17,1,2.8,4,1507.23,0,0,2,0,0.84,0,46,5,Marketing
user_growth_1796,196,2,13,24.3,3,193.51,0,0,2,0,0.77,0,97,0,E-commerce
user_growth_1797,157,5,28,37.4,4,1494.58,1,0,5,0,0.72,0,92,0,SaaS
user_growth_1798,104,4,26,40.7,2,561.75,0,1,0,0,1.0,0,68,3,Marketing
user_growth_1799,184,11,19,41.1,4,581.33,0,3,2,0,0.78,0,72,2,Marketing
user_growth_1800,200,7,19,23.1,3,1163.66,0,1,1,0,0.7,0,87,1,Finance
user_growth_1801,241,2,18,22.5,6,1823.33,0,0,1,0,0.53,0,96,0,Education
user_growth_1802,201,11,9,15.0,5,1510.13,1,0,0,0,0.79,0,47,5,SaaS
user_growth_1803,194,10,10,10.7,3,1032.25,1,0,3,0,1.0,0,63,3,Finance
user_growth_1804,210,21,0,0.0,3,878.22,0,0,0,0,0.81,0,71,2,Marketing
user_growth_1805,271,5,21,52.0,7,2499.41,0,4,1,0,0.73,0,84,1,E-commerce
user_growth_1806,171,30,4,7.2,3,363.76,0,4,0,0,0.86,0,31,6,Marketing
user_growth_1807,271,53,4,4.7,7,959.82,0,0,0,0,0.6,0,59,4,Education
user_growth_1808,123,54,2,2.1,2,212.08,0,0,1,0,0.37,0,100,0,Finance
user_growth_1809,119,8,16,13.1,2,774.11,0,0,0,0,0.58,0,79,2,Finance
user_growth_1810,270,15,2,5.5,5,915.24,0,2,0,0,0.74,0,100,0,SaaS
user_growth_1811,47,2,12,11.4,0,0.0,0,2,1,0,0.58,2,72,2,Education
user_growth_1812,155,4,8,17.1,4,246.99,0,0,1,0,0.65,0,95,0,Education
user_growth_1813,173,6,18,33.7,3,453.26,0,0,2,0,0.65,0,74,2,Education
user_growth_1814,150,3,13,23.4,4,839.3,0,0,0,0,0.48,0,48,5,E-commerce
user_growth_1815,107,12,9,16.7,2,994.28,0,0,5,0,0.73,0,49,5,SaaS
user_growth_1816,213,3,5,5.5,6,663.99,0,0,2,0,0.78,0,77,2,Education
user_growth_1817,163,6,25,69.1,2,572.96,0,0,0,0,0.68,0,45,5,SaaS
user_growth_1818,221,5,20,44.8,6,1578.36,0,1,1,0,0.8,0,84,1,Marketing
user_growth_1819,191,0,29,75.6,5,2114.5,0,1,2,0,0.65,0,78,2,Marketing
user_growth_1820,380,12,5,3.1,11,2922.29,0,2,0,0,0.82,0,73,2,Finance
user_growth_1821,180,18,2,4.0,3,1000.01,0,2,2,0,0.95,0,87,1,E-commerce
user_growth_1822,113,27,1,0.6,2,266.02,1,0,2,0,1.0,0,70,3,Marketing
user_growth_1823,181,43,2,3.7,4,588.88,1,0,6,1,0.85,0,64,3,Education
user_growth_1824,299,8,23,46.6,7,1612.31,1,0,1,0,0.67,0,75,2,Marketing
user_growth_1825,129,11,25,62.0,3,1100.21,2,1,2,0,0.46,0,35,6,Finance
user_growth_1826,290,10,23,31.0,7,2850.45,1,0,0,0,0.72,0,37,6,Education
user_growth_1827,237,2,27,16.2,6,1226.13,0,0,3,1,0.97,0,69,3,E-commerce
user_growth_1828,149,33,0,0.0,3,254.67,1,0,1,0,0.36,0,64,3,E-commerce
user_growth_1829,99,6,10,5.3,2,680.05,0,0,1,0,0.21,0,53,4,Finance
user_growth_1830,149,42,2,5.3,3,622.04,1,0,3,1,0.8,0,45,5,E-commerce
user_growth_1831,190,3,22,36.2,3,819.11,0,0,2,0,0.51,0,49,5,E-commerce
user_growth_1832,177,5,7,14.5,3,1437.52,0,0,0,0,0.71,0,73,2,SaaS
user_growth_1833,190,3,16,41.1,5,298.03,0,2,5,2,0.61,0,77,2,Marketing
user_growth_1834,105,20,4,10.7,2,853.53,0,0,1,0,0.71,0,86,1,Marketing
user_growth_1835,223,55,2,3.0,3,662.37,0,0,1,0,0.62,0,59,4,Finance
user_growth_1836,76,54,0,0.0,1,92.47,0,0,0,0,0.73,0,60,4,E-commerce
user_growth_1837,262,7,29,37.8,4,554.05,0,0,0,0,0.87,0,72,2,SaaS
user_growth_1838,172,12,15,13.3,4,332.52,0,0,1,0,0.83,0,81,1,Education
user_growth_1839,192,10,29,63.0,3,1317.19,0,4,0,0,0.64,0,75,2,SaaS
user_growth_1840,202,4,9,26.7,5,2025.25,0,0,3,0,0.84,0,68,3,Education
user_growth_1841,195,6,11,14.0,4,1083.84,0,0,4,1,0.73,0,79,2,Finance
user_growth_1842,143,42,3,2.3,3,619.99,0,0,0,0,0.84,0,74,2,Finance
user_growth_1843,173,42,0,0.0,2,296.72,0,3,2,0,0.72,0,76,2,Finance
user_growth_1844,196,7,13,37.0,5,1787.32,0,4,0,0,0.55,0,61,3,SaaS
user_growth_1845,143,36,2,4.2,2,701.55,0,0,1,0,0.8,0,85,1,E-commerce
user_growth_1846,175,3,12,9.2,4,1025.78,0,3,2,0,0.83,0,71,2,SaaS
user_growth_1847,126,30,4,11.6,3,1432.24,0,3,5,0,0.83,0,39,6,Education
user_growth_1848,139,3,6,14.2,3,583.63,0,3,2,0,0.77,0,76,2,Education
user_growth_1849,140,11,15,44.4,3,930.03,0,0,1,0,0.85,0,63,3,E-commerce
user_growth_1850,246,55,3,2.5,6,1033.24,1,0,2,0,0.71,0,82,1,E-commerce
user_growth_1851,301,4,19,55.1,5,880.77,0,0,1,0,0.7,0,93,0,E-commerce
user_growth_1852,128,11,23,38.8,2,390.53,0,0,0,0,0.83,0,74,2,E-commerce
user_growth_1853,193,7,15,22.3,5,756.36,0,0,0,0,0.89,0,52,4,SaaS
user_growth_1854,194,13,22,11.7,5,1409.25,0,0,0,0,0.68,0,74,2,Education
user_growth_1855,181,12,26,61.4,4,1435.04,0,0,2,0,0.55,0,52,4,Marketing
user_growth_1856,229,0,14,16.5,5,2374.29,2,0,0,0,0.62,0,65,3,E-commerce
user_growth_1857,258,3,20,17.9,6,384.5,0,0,2,0,0.84,0,47,5,SaaS
user_growth_1858,255,51,3,3.8,4,1876.77,0,0,0,0,0.76,0,79,2,Marketing
user_growth_1859,149,5,21,31.1,3,777.34,0,1,1,0,0.79,0,67,3,E-commerce
user_growth_1860,177,10,5,13.7,2,420.83,0,0,1,0,0.37,0,67,3,Marketing
user_growth_1861,272,11,29,23.5,7,2258.66,0,2,0,0,0.88,0,75,2,SaaS
user_growth_1862,87,12,8,18.3,1,171.9,0,0,0,0,1.0,0,91,0,E-commerce
user_growth_1863,154,10,11,12.5,3,1483.36,0,0,3,0,0.91,0,95,0,SaaS
user_growth_1864,141,9,22,22.2,2,851.31,0,1,1,0,0.76,0,78,2,Finance
user_growth_1865,224,13,26,48.8,5,1329.83,0,0,1,0,0.91,0,45,5,Marketing
user_growth_1866,142,9,9,10.4,2,386.93,0,0,1,0,0.83,0,99,0,SaaS
user_growth_1867,249,4,10,6.9,4,505.64,0,0,5,0,0.64,0,37,6,E-commerce
user_growth_1868,71,12,22,44.1,1,145.19,0,0,5,0,0.72,0,100,0,E-commerce
user_growth_1869,211,13,14,28.0,4,973.91,0,5,0,0,0.56,0,87,1,E-commerce
user_growth_1870,267,13,20,38.8,5,1570.97,0,0,0,0,0.51,0,48,5,E-commerce
user_growth_1871,119,11,24,62.6,2,451.16,0,0,0,0,0.41,0,56,4,Education
user_growth_1872,191,51,1,2.8,4,613.46,0,0,6,3,0.78,0,43,5,SaaS
user_growth_1873,310,6,19,42.7,6,2090.63,0,0,0,0,0.66,0,58,4,Education
user_growth_1874,300,9,19,46.2,9,994.97,0,0,0,0,0.96,0,59,4,SaaS
user_growth_1875,262,2,25,46.6,7,1632.12,0,1,0,0,0.77,0,91,0,Finance
user_growth_1876,104,12,12,20.6,2,678.9,0,2,5,2,0.79,0,51,4,SaaS
user_growth_1877,211,40,2,3.1,4,884.36,0,0,0,0,0.97,0,77,2,Education
user_growth_1878,175,11,26,59.0,2,185.71,0,0,0,0,0.56,0,87,1,Finance
user_growth_1879,114,13,13,31.1,1,297.32,2,0,5,3,0.52,0,75,2,E-commerce
user_growth_1880,139,12,10,18.7,2,988.07,0,0,0,0,0.77,0,54,4,SaaS
user_growth_1881,217,5,21,44.1,4,1898.18,1,1,0,0,0.76,0,96,0,Education
user_growth_1882,97,23,4,4.8,2,321.23,0,0,3,1,1.0,0,66,3,Finance
user_growth_1883,203,59,3,7.6,5,1671.88,0,0,0,0,0.63,0,78,2,E-commerce
user_growth_1884,148,12,17,32.6,3,542.75,0,0,1,0,0.99,0,100,0,SaaS
user_growth_1885,210,5,9,11.9,6,1698.73,0,0,0,0,0.9,0,71,2,Marketing
user_growth_1886,189,9,13,27.3,3,416.57,0,0,5,0,0.95,0,94,0,Marketing
user_growth_1887,175,10,5,3.0,2,436.7,0,0,5,0,0.77,0,35,6,E-commerce
user_growth_1888,147,1,8,18.9,3,377.49,0,2,1,0,0.79,0,73,2,Marketing
user_growth_1889,123,30,1,0.9,2,630.61,0,0,1,0,0.75,0,59,4,Finance
user_growth_1890,212,35,1,3.0,4,1023.99,0,3,2,0,0.98,0,53,4,Finance
user_growth_1891,140,54,0,0.0,3,322.46,0,0,0,0,0.83,0,65,3,SaaS
user_growth_1892,91,10,14,11.2,2,708.36,0,0,1,0,0.72,0,73,2,Education
user_growth_1893,109,9,16,35.8,2,665.35,0,1,0,0,0.45,0,75,2,Education
user_growth_1894,179,8,20,50.0,4,1246.1,0,0,0,0,0.77,0,94,0,Marketing
user_growth_1895,133,5,13,13.0,2,981.13,0,3,1,0,0.85,0,61,3,E-commerce
user_growth_1896,157,9,18,35.5,3,1040.2,0,0,1,0,0.73,0,59,4,Marketing
user_growth_1897,247,8,24,67.1,7,686.68,1,0,1,0,0.68,0,88,1,E-commerce
user_growth_1898,177,13,18,9.3,4,611.78,0,0,0,0,0.78,0,78,2,Finance
user_growth_1899,237,5,25,58.2,6,2535.95,5,0,2,0,0.79,0,71,2,Finance
user_growth_1900,310,8,18,41.0,5,674.94,0,2,2,0,0.85,0,54,4,Marketing
user_growth_1901,193,46,2,1.5,5,1557.25,0,0,0,0,0.62,0,76,2,E-commerce
user_growth_1902,173,22,0,0.0,4,1556.02,0,1,0,0,0.81,0,67,3,Finance
user_growth_1903,147,4,19,26.8,2,557.31,0,0,7,0,0.79,0,57,4,Finance
user_growth_1904,141,46,0,0.0,2,766.83,0,2,0,0,0.68,0,46,5,Marketing
user_growth_1905,145,11,20,32.1,3,727.08,0,0,0,0,0.7,0,53,4,E-commerce
user_growth_1906,168,15,3,6.1,3,176.03,1,0,1,0,0.85,0,35,6,Finance
user_growth_1907,148,13,29,63.3,3,609.47,1,0,1,0,0.79,0,58,4,Education
user_growth_1908,141,10,27,70.7,3,478.17,0,0,3,1,0.66,0,60,4,Education
user_growth_1909,167,4,21,55.6,4,1416.96,0,0,0,0,0.72,0,46,5,SaaS
user_growth_1910,244,0,14,25.6,5,2429.82,0,0,0,0,0.76,0,43,5,Education
user_growth_1911,103,10,6,7.2,1,152.98,2,0,1,0,0.84,0,72,2,Marketing
user_growth_1912,143,7,28,16.3,3,1282.15,0,1,0,0,0.94,0,73,2,Finance
user_growth_1913,270,5,26,50.0,4,1942.25,0,2,1,0,0.8,0,42,5,Education
user_growth_1914,152,23,0,0.0,3,704.18,0,1,0,0,0.82,0,78,2,E-commerce
user_growth_1915,85,35,0,0.0,1,423.95,0,1,0,0,0.83,0,79,2,SaaS
user_growth_1916,172,35,4,7.9,3,188.31,0,0,0,0,0.71,0,44,5,Marketing
user_growth_1917,176,22,0,0.0,4,1949.78,0,4,0,0,0.74,0,100,0,SaaS
user_growth_1918,101,11,12,32.2,2,960.12,0,0,1,0,0.7,0,53,4,Education
user_growth_1919,224,7,16,37.9,4,573.87,1,1,0,0,0.61,0,47,5,E-commerce
user_growth_1920,251,6,18,15.0,5,1119.19,0,2,0,0,0.72,0,56,4,Marketing
user_growth_1921,208,50,2,3.6,3,181.77,0,0,0,0,0.59,0,51,4,Finance
user_growth_1922,140,3,5,6.0,2,648.72,0,0,3,1,0.81,0,86,1,Education
user_growth_1923,248,15,2,5.9,7,3242.63,1,0,2,0,0.71,0,64,3,Education
user_growth_1924,237,1,10,19.9,5,1433.03,0,0,0,0,0.65,0,94,0,Education
user_growth_1925,152,10,27,70.2,3,967.85,0,1,0,0,0.89,0,53,4,Marketing
user_growth_1926,279,1,22,18.2,7,1341.62,0,0,0,0,0.69,0,100,0,Education
user_growth_1927,221,8,23,23.2,4,745.61,0,0,0,0,0.7,0,71,2,Marketing
user_growth_1928,152,10,10,6.4,3,909.97,0,0,2,0,0.59,0,69,3,E-commerce
user_growth_1929,265,11,14,39.5,6,1677.35,0,5,0,0,0.69,0,65,3,Education
user_growth_1930,189,29,0,0.0,3,1188.44,0,0,0,0,1.0,0,85,1,SaaS
user_growth_1931,229,10,21,36.9,4,1836.42,1,4,3,1,0.75,0,86,1,SaaS
user_growth_1932,197,51,3,9.0,5,983.83,0,0,0,0,0.82,0,58,4,Marketing
user_growth_1933,196,7,29,17.4,5,2256.43,0,0,3,1,0.75,0,54,4,Marketing
user_growth_1934,85,11,12,24.9,1,215.66,2,0,1,0,0.86,0,59,4,Education
user_growth_1935,229,41,1,1.7,3,876.42,0,0,0,0,0.83,0,54,4,Education
user_growth_1936,142,1,19,53.5,2,607.43,0,0,0,0,0.88,0,89,1,E-commerce
user_growth_1937,155,0,19,34.6,4,610.99,1,0,3,3,0.94,0,77,2,SaaS
user_growth_1938,141,8,8,11.3,3,481.31,0,2,3,3,0.85,0,82,1,Finance
user_growth_1939,151,13,12,32.4,3,434.36,0,0,3,3,0.59,0,73,2,SaaS
user_growth_1940,223,6,16,15.6,3,1205.83,1,0,0,0,0.73,0,56,4,Education
user_growth_1941,107,3,17,14.8,2,765.33,0,0,0,0,0.52,0,76,2,Education
user_growth_1942,300,37,1,2.0,9,1596.44,1,1,0,0,1.0,0,59,4,Education
user_growth_1943,179,49,4,9.5,4,874.89,0,0,2,0,0.77,0,52,4,Marketing
user_growth_1944,169,13,15,27.0,3,1301.26,0,0,2,0,0.87,0,54,4,SaaS
user_growth_1945,281,7,16,25.8,6,2335.56,0,4,0,0,0.72,0,68,3,SaaS
user_growth_1946,200,9,23,35.0,3,1482.63,0,0,2,0,0.8,0,70,3,Marketing
user_growth_1947,75,2,13,9.2,1,434.1,0,0,1,0,0.75,0,79,2,Education
user_growth_1948,63,6,29,54.2,1,234.4,1,0,4,2,0.59,0,84,1,E-commerce
user_growth_1949,113,1,19,25.5,2,186.25,0,0,1,0,0.78,0,50,5,Marketing
user_growth_1950,139,3,21,12.5,2,860.8,0,0,0,0,0.68,0,68,3,Finance
user_growth_1951,181,8,14,13.8,4,505.78,0,0,0,0,1.0,0,62,3,Marketing
user_growth_1952,74,5,5,4.9,1,254.6,0,1,0,0,0.9,0,42,5,Marketing
user_growth_1953,229,0,12,35.1,5,424.13,0,0,4,0,0.63,0,49,5,Finance
user_growth_1954,158,8,24,14.4,4,1993.4,0,0,0,0,0.74,0,79,2,Finance
user_growth_1955,192,48,2,2.1,5,440.07,0,0,0,0,0.51,0,76,2,Education
user_growth_1956,178,0,26,69.4,2,104.38,0,1,1,0,0.77,0,36,6,Marketing
user_growth_1957,173,4,16,26.5,3,485.72,0,2,2,0,0.8,0,61,3,Marketing
user_growth_1958,323,13,24,69.3,8,462.78,0,0,3,0,0.68,0,62,3,SaaS
user_growth_1959,158,11,18,10.7,4,922.11,0,0,0,0,0.81,0,58,4,Marketing
user_growth_1960,300,11,21,59.4,9,2192.67,0,0,1,0,0.83,0,62,3,E-commerce
user_growth_1961,78,35,2,5.1,1,193.62,0,0,0,0,0.77,0,71,2,Education
user_growth_1962,204,4,7,17.3,3,491.1,0,2,1,0,0.68,0,68,3,Education
user_growth_1963,199,6,7,4.4,3,1142.07,0,3,1,0,0.81,0,66,3,SaaS
user_growth_1964,167,5,10,26.0,3,417.33,0,0,0,0,0.84,0,71,2,E-commerce
user_growth_1965,102,29,3,6.3,2,314.92,0,2,0,0,0.81,0,51,4,Education
user_growth_1966,233,4,24,62.4,4,594.85,0,0,6,2,0.73,0,74,2,E-commerce
user_growth_1967,150,47,3,7.0,4,1228.25,1,0,3,0,1.0,0,66,3,Marketing
user_growth_1968,269,12,19,50.5,4,1084.38,0,3,1,0,0.64,0,68,3,SaaS
user_growth_1969,142,31,2,1.7,2,917.83,0,1,2,0,0.74,0,67,3,Marketing
user_growth_1970,155,48,3,4.4,2,689.32,0,0,0,0,0.76,0,66,3,SaaS
user_growth_1971,219,11,16,11.7,5,1820.34,0,0,0,0,0.76,0,91,0,Education
user_growth_1972,163,13,18,12.3,2,926.09,0,0,0,0,0.72,0,79,2,Marketing
user_growth_1973,225,12,20,16.7,6,2734.76,0,0,0,0,0.58,0,77,2,Education
user_growth_1974,206,13,29,14.5,4,1426.39,0,0,1,0,0.65,0,43,5,Education
user_growth_1975,173,7,29,47.9,3,976.0,0,0,0,0,0.7,0,100,0,SaaS
user_growth_1976,121,0,15,23.1,3,1157.42,1,0,0,0,0.74,0,87,1,E-commerce
user_growth_1977,141,1,29,32.4,3,601.62,0,0,0,0,0.59,0,76,2,Marketing
user_growth_1978,193,45,1,2.8,5,640.67,0,0,0,0,0.76,0,95,0,Education
user_growth_1979,222,53,4,2.4,5,1511.99,0,0,2,0,0.66,0,34,6,Finance
user_growth_1980,336,4,28,52.2,10,3865.74,0,0,3,1,0.84,0,98,0,E-commerce
user_growth_1981,164,58,1,2.7,3,703.73,0,0,0,0,0.82,0,100,0,SaaS
user_growth_1982,155,8,12,19.8,4,966.89,0,0,0,0,0.63,0,44,5,SaaS
user_growth_1983,205,29,4,8.4,5,2076.56,0,1,1,0,0.84,0,74,2,E-commerce
user_growth_1984,188,4,19,29.8,4,1930.77,0,3,0,0,1.0,0,63,3,SaaS
user_growth_1985,207,6,21,45.3,5,2333.45,0,1,3,1,0.42,0,95,0,Marketing
user_growth_1986,224,12,6,7.5,4,210.1,0,0,2,0,0.55,0,77,2,Education
user_growth_1987,55,33,0,0.0,0,0.0,0,0,1,0,0.67,1,81,1,E-commerce
user_growth_1988,120,1,6,13.2,3,308.75,0,0,0,0,0.68,0,72,2,SaaS
user_growth_1989,169,7,15,41.6,3,801.14,0,2,1,0,0.66,0,49,5,Education
user_growth_1990,107,10,24,25.5,1,253.28,0,0,4,0,0.75,0,55,4,Marketing
user_growth_1991,119,40,2,3.8,2,408.95,0,1,0,0,0.85,0,62,3,Marketing
user_growth_1992,292,12,29,83.5,5,1658.54,0,0,0,0,0.93,0,81,1,E-commerce
user_growth_1993,240,9,18,45.7,4,1251.01,0,4,0,0,0.62,0,53,4,Marketing
user_growth_1994,149,1,25,62.5,3,161.81,1,2,3,0,0.62,0,73,2,SaaS
user_growth_1995,227,1,24,40.0,4,1196.42,0,0,1,0,0.9,0,66,3,Finance
user_growth_1996,185,9,13,37.4,3,1423.37,0,1,6,0,0.89,0,91,0,Finance
user_growth_1997,262,9,23,40.9,6,356.77,0,0,1,0,0.81,0,53,4,Finance
user_growth_1998,214,7,25,20.5,5,1640.0,0,0,1,0,0.88,0,44,5,E-commerce
user_growth_1999,133,11,8,18.9,2,451.08,0,0,1,0,1.0,0,82,1,Education
user_growth_2000,194,9,10,7.0,3,1268.55,0,1,0,0,0.89,0,85,1,Education
user_growth_2001,70,8,25,28.1,1,268.68,0,0,2,0,0.7,0,51,4,Finance
user_growth_2002,132,10,23,38.1,3,413.47,0,0,0,0,0.8,0,78,2,E-commerce
user_growth_2003,158,2,14,19.0,4,1598.12,0,0,5,0,0.62,0,43,5,Finance
user_growth_2004,268,4,23,67.3,6,1835.59,0,1,0,0,0.81,0,85,1,E-commerce
user_growth_2005,77,19,4,8.8,1,77.07,0,0,3,1,0.97,0,85,1,E-commerce
user_growth_2006,124,7,10,17.6,3,214.93,0,1,0,0,1.0,0,93,0,E-commerce
user_growth_2007,208,5,21,57.4,3,1104.68,0,1,5,2,0.66,0,64,3,E-commerce
user_growth_2008,158,4,25,31.4,3,1248.88,0,1,1,0,0.97,0,36,6,SaaS
user_growth_2009,164,4,18,13.9,3,1127.74,0,0,0,0,0.56,0,55,4,Education
user_growth_2010,169,11,8,5.0,4,1857.81,1,4,1,0,0.75,0,59,4,Finance
user_growth_2011,257,13,6,3.5,5,1230.5,1,1,1,0,0.76,0,57,4,Finance
user_growth_2012,146,1,26,56.7,2,385.08,0,0,1,0,0.64,0,64,3,Finance
user_growth_2013,218,26,0,0.0,6,1839.7,0,1,1,0,0.77,0,74,2,Marketing
user_growth_2014,137,10,17,40.3,3,388.24,0,0,0,0,0.67,0,52,4,SaaS
user_growth_2015,131,13,21,59.4,2,319.23,0,0,3,1,0.77,0,90,1,E-commerce
user_growth_2016,134,4,13,14.9,2,222.6,0,0,1,0,0.64,0,78,2,Finance
user_growth_2017,262,8,5,14.0,4,986.38,0,0,0,0,0.65,0,75,2,Finance
user_growth_2018,217,10,16,10.1,4,762.65,0,0,2,0,0.56,0,94,0,SaaS
user_growth_2019,304,4,18,28.1,9,1601.2,0,2,0,0,0.9,0,73,2,Education
user_growth_2020,258,45,3,3.3,4,385.26,0,1,0,0,1.0,0,48,5,SaaS
user_growth_2021,213,11,22,15.1,3,728.2,0,1,1,0,0.74,0,71,2,SaaS
user_growth_2022,178,6,14,22.2,2,839.79,0,0,1,0,1.0,0,62,3,SaaS
user_growth_2023,166,46,3,2.8,3,783.93,0,1,2,0,0.77,0,47,5,Finance
user_growth_2024,178,6,10,29.2,3,987.68,0,0,0,0,0.97,0,100,0,Education
user_growth_2025,116,3,12,25.6,1,357.33,0,0,4,1,0.77,0,15,8,Marketing
user_growth_2026,181,4,15,12.3,5,1190.04,0,0,2,0,0.65,0,42,5,Finance
user_growth_2027,185,5,10,21.8,4,777.4,0,0,1,0,0.42,0,94,0,Finance
user_growth_2028,247,10,28,54.1,4,1599.84,0,1,4,1,0.66,0,63,3,E-commerce
user_growth_2029,254,13,23,25.9,7,2553.01,1,0,1,0,0.62,0,58,4,SaaS
user_growth_2030,46,6,11,15.6,0,0.0,0,0,0,0,0.69,1,94,0,SaaS
user_growth_2031,142,0,21,26.4,3,838.11,0,0,1,0,0.82,0,9,9,Finance
user_growth_2032,152,5,8,18.9,3,633.15,0,1,1,0,0.72,0,73,2,Marketing
user_growth_2033,190,19,1,2.1,3,927.7,0,1,0,0,0.56,0,100,0,Finance
user_growth_2034,211,1,29,47.9,3,945.21,0,2,2,0,0.78,0,73,2,Education
user_growth_2035,247,13,12,9.7,5,1338.28,0,2,2,0,0.67,0,62,3,Finance
user_growth_2036,101,53,3,7.0,1,122.68,0,0,1,0,0.55,0,57,4,Education
user_growth_2037,199,58,2,4.1,4,1284.14,0,0,2,0,0.76,0,60,4,SaaS
user_growth_2038,261,11,17,39.3,6,1147.15,0,0,2,0,0.47,0,55,4,Marketing
user_growth_2039,117,0,9,25.2,1,454.2,0,0,1,0,0.62,0,81,1,Marketing
user_growth_2040,243,29,2,2.7,7,1467.45,0,0,2,0,0.85,0,100,0,E-commerce
user_growth_2041,151,56,4,9.4,4,965.04,0,0,1,0,0.5,0,92,0,Education
user_growth_2042,122,27,4,6.2,3,1302.85,0,0,0,0,0.63,0,58,4,Marketing
user_growth_2043,129,10,9,22.5,3,828.31,0,0,0,0,0.75,0,90,1,SaaS
user_growth_2044,156,9,13,9.7,2,994.88,1,0,0,0,0.84,0,75,2,Education
user_growth_2045,154,4,14,38.3,3,1267.37,0,1,0,0,0.57,0,69,3,Education
user_growth_2046,234,11,26,28.5,6,1345.71,0,1,6,1,0.67,0,82,1,Education
user_growth_2047,145,9,15,18.7,3,303.29,0,2,2,0,0.83,0,57,4,SaaS
user_growth_2048,137,2,11,15.6,2,829.86,0,0,3,0,0.72,0,65,3,Education
user_growth_2049,198,0,25,41.8,4,1595.94,0,1,1,0,0.88,0,57,4,Finance
user_growth_2050,224,12,27,46.6,6,316.18,0,0,1,0,0.9,0,60,4,Education
user_growth_2051,377,56,0,0.0,9,2700.48,0,2,0,0,0.86,0,61,3,E-commerce
user_growth_2052,151,7,21,38.7,3,310.57,0,0,0,0,0.65,0,53,4,E-commerce
user_growth_2053,194,12,10,11.3,4,1160.13,1,2,1,0,0.92,0,61,3,SaaS
user_growth_2054,159,35,1,1.5,3,1282.31,0,0,0,0,0.85,0,41,5,E-commerce
user_growth_2055,178,3,13,20.6,3,1360.87,0,0,0,0,0.73,0,67,3,Marketing
user_growth_2056,167,45,2,2.8,3,308.37,0,2,0,0,0.53,0,82,1,Marketing
user_growth_2057,62,7,12,12.0,1,472.28,0,0,1,0,0.76,0,100,0,E-commerce
user_growth_2058,171,7,7,14.6,3,831.39,0,1,1,0,0.86,0,100,0,Education
user_growth_2059,314,13,8,10.5,5,1732.64,0,0,2,0,0.9,0,65,3,E-commerce
user_growth_2060,160,18,0,0.0,3,373.61,0,0,0,0,0.97,0,83,1,Education
user_growth_2061,205,42,3,3.3,5,879.03,0,3,2,0,0.97,0,68,3,SaaS
user_growth_2062,244,0,27,80.9,4,1148.33,0,0,0,0,0.71,0,74,2,Marketing
user_growth_2063,203,2,10,28.2,3,605.99,0,0,0,0,0.56,0,53,4,Education
user_growth_2064,215,48,4,3.3,5,1048.95,0,0,2,0,0.66,0,70,3,Marketing
user_growth_2065,85,9,7,4.2,1,255.15,0,0,2,0,0.96,0,80,2,Finance
user_growth_2066,211,0,16,46.3,3,1463.91,0,1,0,0,0.66,0,69,3,Marketing
user_growth_2067,178,11,21,16.9,3,572.7,0,0,3,0,0.77,0,79,2,SaaS
user_growth_2068,180,2,13,7.4,3,1244.37,0,6,0,0,0.93,0,79,2,E-commerce
user_growth_2069,184,12,24,47.3,5,1194.43,0,1,2,0,0.89,0,63,3,E-commerce
user_growth_2070,143,9,24,31.9,2,510.15,0,0,2,0,0.8,0,70,3,SaaS
user_growth_2071,181,11,17,43.9,3,777.57,2,0,0,0,0.7,0,49,5,E-commerce
user_growth_2072,244,2,17,16.1,4,407.87,0,1,0,0,0.9,0,68,3,Marketing
user_growth_2073,83,0,11,15.6,1,134.16,0,0,1,0,0.86,0,31,6,Finance
user_growth_2074,200,7,11,12.0,4,1575.0,1,0,0,0,1.0,0,89,1,Education
user_growth_2075,172,40,3,6.1,2,768.19,0,0,6,2,0.47,0,67,3,Finance
user_growth_2076,307,9,19,31.6,6,1559.14,0,0,1,0,0.92,0,96,0,E-commerce
user_growth_2077,210,2,22,42.7,4,981.0,0,0,0,0,0.92,0,68,3,Education
user_growth_2078,288,0,8,9.1,6,2294.93,0,0,1,0,0.59,0,49,5,Education
user_growth_2079,188,9,22,51.5,3,417.62,0,0,0,0,1.0,0,67,3,Marketing
user_growth_2080,171,8,28,60.5,3,705.01,0,0,1,0,0.99,0,92,0,Finance
user_growth_2081,168,3,23,50.2,2,588.05,0,0,0,0,0.75,0,55,4,Education
user_growth_2082,162,44,4,9.4,4,898.26,0,0,0,0,0.55,0,37,6,Marketing
user_growth_2083,132,4,23,48.6,3,713.05,0,0,0,0,0.39,0,73,2,Finance
user_growth_2084,191,13,9,22.5,5,1774.37,0,0,5,0,0.85,0,63,3,Finance
user_growth_2085,105,48,4,11.5,2,917.61,0,0,1,0,0.87,0,54,4,E-commerce
user_growth_2086,265,12,10,19.5,4,1556.5,0,0,0,0,0.86,0,77,2,Marketing
user_growth_2087,205,8,5,3.7,4,1482.27,0,1,1,0,0.73,0,93,0,E-commerce
user_growth_2088,74,5,24,65.8,1,499.98,1,0,1,0,0.91,0,61,3,E-commerce
user_growth_2089,273,7,7,20.7,6,2777.45,0,0,0,0,0.97,0,84,1,SaaS
user_growth_2090,155,0,6,13.8,3,521.75,0,0,1,0,0.94,0,76,2,Finance
user_growth_2091,149,6,10,19.1,3,315.5,0,1,1,0,0.71,0,96,0,Finance
user_growth_2092,145,10,18,27.0,2,925.73,1,0,1,0,0.59,0,76,2,E-commerce
user_growth_2093,239,12,12,15.8,6,400.93,0,0,3,2,0.8,0,61,3,E-commerce
user_growth_2094,72,7,13,7.1,1,229.96,0,2,4,1,0.54,0,83,1,Marketing
user_growth_2095,145,53,3,6.5,2,266.46,0,0,0,0,0.9,0,80,2,Education
user_growth_2096,42,13,13,29.2,0,0.0,0,1,6,4,0.77,0,38,6,Education
user_growth_2097,318,11,17,19.1,9,2744.53,1,3,4,1,0.74,0,59,4,Education
user_growth_2098,141,4,11,32.5,2,201.44,0,0,4,1,0.78,0,82,1,Education
user_growth_2099,251,46,2,1.5,5,1364.96,0,1,4,1,0.68,0,68,3,Marketing
user_growth_2100,84,49,1,1.4,1,200.53,0,0,0,0,0.69,0,59,4,Marketing
user_growth_2101,164,11,23,44.2,3,1429.53,0,0,1,0,0.84,0,95,0,Education
user_growth_2102,158,55,4,6.7,4,261.06,0,1,1,0,0.53,0,96,0,Education
user_growth_2103,127,52,4,6.3,2,881.53,0,0,0,0,0.71,0,78,2,SaaS
user_growth_2104,258,5,26,75.1,6,1301.03,0,0,0,0,0.79,0,19,8,SaaS
user_growth_2105,128,1,26,31.1,2,456.33,0,0,0,0,0.68,0,66,3,Marketing
user_growth_2106,66,4,12,16.6,1,203.67,0,2,1,0,0.78,0,81,1,SaaS
user_growth_2107,93,19,4,10.8,2,617.37,0,0,0,0,0.77,0,75,2,Education
user_growth_2108,85,13,9,18.4,1,345.24,0,1,2,0,0.95,0,49,5,SaaS
user_growth_2109,248,6,10,5.6,5,1066.92,2,0,3,1,0.92,0,44,5,Finance
user_growth_2110,191,1,18,43.6,3,1334.48,1,0,1,0,0.7,0,55,4,Finance
user_growth_2111,253,13,18,37.5,5,2381.61,0,1,0,0,1.0,0,95,0,SaaS
user_growth_2112,140,20,0,0.0,2,477.19,0,0,0,0,0.83,0,11,8,Finance
user_growth_2113,172,7,27,37.0,3,1299.68,0,3,0,0,0.71,0,54,4,SaaS
user_growth_2114,312,2,10,15.2,6,2800.76,0,1,3,1,0.87,0,72,2,Marketing
user_growth_2115,129,5,8,14.6,3,669.55,0,0,0,0,0.73,0,100,0,Marketing
user_growth_2116,51,8,14,40.1,0,0.0,0,0,0,0,0.67,3,77,2,Education
user_growth_2117,223,6,15,34.0,5,438.29,0,0,1,0,0.92,0,63,3,Finance
user_growth_2118,255,10,23,13.2,6,2504.24,0,0,0,0,0.75,0,72,2,Marketing
user_growth_2119,231,9,25,62.8,6,1465.2,0,0,0,0,0.89,0,94,0,SaaS
user_growth_2120,101,10,27,68.1,2,954.59,0,2,0,0,0.49,0,100,0,Finance
user_growth_2121,201,9,28,55.5,3,567.29,0,0,3,1,0.93,0,71,2,Education
user_growth_2122,173,12,27,74.9,3,322.97,0,0,3,1,0.69,0,52,4,Education
user_growth_2123,150,0,16,21.1,4,577.5,0,0,2,0,0.85,0,51,4,SaaS
user_growth_2124,203,7,11,23.4,4,1443.43,0,0,1,0,0.87,0,95,0,SaaS
user_growth_2125,133,6,12,17.4,3,1235.53,0,0,1,0,0.71,0,46,5,Finance
user_growth_2126,237,35,2,3.8,5,1587.93,0,0,1,0,0.69,0,86,1,Education
user_growth_2127,168,5,27,45.1,2,424.85,0,4,2,0,0.74,0,55,4,Finance
user_growth_2128,301,7,29,58.7,5,1176.84,0,0,0,0,0.91,0,77,2,Marketing
user_growth_2129,255,13,9,5.1,5,1819.22,0,0,5,0,0.58,0,69,3,E-commerce
user_growth_2130,243,22,3,8.0,5,2366.98,0,0,1,0,0.52,0,83,1,E-commerce
user_growth_2131,121,4,6,3.2,2,589.02,1,0,1,0,0.66,0,83,1,Finance
user_growth_2132,127,1,6,10.3,3,1409.14,0,0,1,0,0.79,0,29,7,SaaS
user_growth_2133,248,11,23,61.7,7,3218.85,0,0,0,0,0.46,0,79,2,Marketing
user_growth_2134,245,6,12,17.3,7,1013.52,0,0,1,0,0.63,0,91,0,SaaS
user_growth_2135,24,7,17,50.8,0,0.0,1,3,4,0,0.99,1,66,3,Education
user_growth_2136,71,4,24,26.7,1,342.71,0,0,1,0,0.7,0,36,6,SaaS
user_growth_2137,220,8,11,21.1,4,1367.65,0,2,0,0,0.96,0,95,0,E-commerce
user_growth_2138,199,9,13,16.6,5,1270.44,0,1,0,0,0.6,0,98,0,Marketing
user_growth_2139,95,6,11,16.3,2,531.47,0,0,1,0,0.63,0,100,0,Finance
user_growth_2140,213,53,2,5.1,6,2033.17,0,0,0,0,0.82,0,58,4,Education
user_growth_2141,216,2,8,6.5,5,931.65,0,0,0,0,0.84,0,61,3,Finance
user_growth_2142,213,11,5,3.2,6,1164.14,0,1,0,0,0.83,0,63,3,SaaS
user_growth_2143,138,8,28,56.6,3,501.66,1,3,0,0,0.79,0,77,2,E-commerce
user_growth_2144,122,40,3,4.6,3,772.82,0,0,5,1,0.69,0,64,3,Education
user_growth_2145,237,11,25,31.1,4,520.35,0,0,2,0,1.0,0,70,3,SaaS
user_growth_2146,159,58,4,9.0,2,938.29,0,0,0,0,0.78,0,86,1,E-commerce
user_growth_2147,219,11,8,23.2,6,794.87,0,1,2,0,0.77,0,97,0,E-commerce
user_growth_2148,201,7,15,16.6,5,843.96,0,0,0,0,0.55,0,74,2,Finance
user_growth_2149,134,30,0,0.0,2,753.35,0,1,4,2,1.0,0,69,3,E-commerce
user_growth_2150,226,1,5,11.4,6,1136.67,0,2,4,3,0.83,0,61,3,Finance
user_growth_2151,245,12,26,58.4,6,2947.7,0,1,0,0,0.82,0,67,3,Finance
user_growth_2152,159,13,16,39.9,4,1707.97,0,1,0,0,0.6,0,36,6,Education
user_growth_2153,192,49,2,4.4,4,856.42,0,1,3,2,0.66,0,97,0,Education
user_growth_2154,174,2,12,8.0,3,592.78,0,0,0,0,0.78,0,61,3,Marketing
user_growth_2155,261,2,16,17.8,5,1939.45,1,1,1,0,0.51,0,64,3,E-commerce
user_growth_2156,107,18,0,0.0,2,808.94,0,0,2,0,0.71,0,100,0,SaaS
user_growth_2157,245,2,29,43.0,5,1590.74,0,0,1,0,0.76,0,95,0,Education
user_growth_2158,228,9,7,16.9,4,342.9,1,1,0,0,0.6,0,77,2,Marketing
user_growth_2159,176,1,6,5.4,3,408.77,0,1,1,0,0.66,0,57,4,E-commerce
user_growth_2160,52,7,20,45.9,0,0.0,0,1,0,0,0.86,1,92,0,E-commerce
user_growth_2161,146,9,22,59.3,2,972.26,0,3,0,0,1.0,0,87,1,Finance
user_growth_2162,84,56,0,0.0,1,411.02,0,0,3,0,0.73,0,31,6,Marketing
user_growth_2163,53,21,3,8.6,0,0.0,0,0,1,0,1.0,1,100,0,SaaS
user_growth_2164,152,7,24,26.4,4,235.31,0,0,8,1,0.81,0,70,3,SaaS
user_growth_2165,228,12,6,17.6,5,414.24,1,0,3,0,0.69,0,60,4,Education
user_growth_2166,162,7,11,13.9,3,1314.53,0,0,1,0,0.82,0,79,2,Marketing
user_growth_2167,181,34,3,4.0,5,687.96,0,0,2,0,0.58,0,100,0,E-commerce
user_growth_2168,221,39,4,4.1,5,681.3,0,0,0,0,0.87,0,50,5,E-commerce
user_growth_2169,263,6,11,26.7,7,883.37,0,0,3,4,0.74,0,34,6,SaaS
user_growth_2170,277,42,2,5.6,8,997.75,2,0,0,0,0.62,0,91,0,SaaS
user_growth_2171,97,1,24,65.8,2,204.2,0,2,2,0,0.61,0,100,0,Marketing
user_growth_2172,138,1,16,11.9,2,651.27,0,0,1,0,0.84,0,74,2,Finance
user_growth_2173,211,56,2,1.9,4,1609.19,1,0,0,0,0.73,0,44,5,Education
user_growth_2174,257,9,27,28.8,6,2025.7,1,2,1,0,0.84,0,53,4,E-commerce
user_growth_2175,232,13,6,9.9,4,264.59,0,0,1,0,0.77,0,97,0,SaaS
user_growth_2176,79,55,4,3.6,1,150.89,0,2,0,0,0.61,0,75,2,E-commerce
user_growth_2177,148,45,3,6.5,3,1195.84,0,0,1,0,0.89,0,60,4,Finance
user_growth_2178,194,5,21,24.1,4,260.89,0,0,0,0,0.74,0,100,0,E-commerce
user_growth_2179,268,28,2,1.1,6,2262.22,0,2,0,0,0.8,0,56,4,Marketing
user_growth_2180,115,10,25,37.2,1,315.36,0,0,0,0,0.67,0,69,3,Finance
user_growth_2181,233,21,1,1.6,5,2372.91,0,4,3,2,1.0,0,76,2,Finance
user_growth_2182,68,3,6,7.9,1,128.81,0,0,2,0,0.79,0,97,0,Marketing
user_growth_2183,170,56,2,4.5,3,1408.4,0,0,2,0,0.74,0,68,3,Marketing
user_growth_2184,263,0,5,10.3,5,1975.22,0,0,0,0,0.58,0,59,4,Education
user_growth_2185,178,7,11,27.7,4,1985.0,2,0,0,0,0.72,0,71,2,Marketing
user_growth_2186,150,48,1,2.4,4,1193.03,0,1,1,0,0.85,0,79,2,SaaS
user_growth_2187,248,13,15,9.1,5,1029.16,0,0,4,0,0.94,0,48,5,Education
user_growth_2188,184,7,22,16.3,5,2028.99,0,1,0,0,0.92,0,15,8,SaaS
user_growth_2189,244,8,24,61.9,7,2323.06,2,0,2,0,1.0,0,68,3,E-commerce
user_growth_2190,236,10,23,44.2,6,915.21,1,0,0,0,0.89,0,62,3,SaaS
user_growth_2191,224,3,27,47.7,6,2704.53,0,0,5,0,0.79,0,89,1,SaaS
user_growth_2192,151,12,7,16.4,3,381.94,0,0,4,2,0.67,0,87,1,Finance
user_growth_2193,275,21,2,2.7,5,311.66,0,0,2,0,0.62,0,85,1,SaaS
user_growth_2194,126,9,26,28.1,2,665.98,0,2,0,0,0.68,0,66,3,Education
user_growth_2195,255,1,10,14.9,5,1169.26,0,1,0,0,0.58,0,50,5,SaaS
user_growth_2196,275,2,6,14.4,6,1663.25,0,0,0,0,0.88,0,100,0,SaaS
user_growth_2197,232,13,23,38.9,6,2716.2,0,1,6,0,0.78,0,72,2,Finance
user_growth_2198,200,47,1,0.6,3,638.33,0,0,0,0,0.51,0,83,1,SaaS
user_growth_2199,79,7,24,28.6,1,59.27,2,0,0,0,0.6,0,62,3,Finance
user_growth_2200,234,57,0,0.0,6,2945.78,0,0,0,0,0.6,0,47,5,Finance
