user_id,days_since_signup,days_since_last_activity,logins_last_30_days,total_active_hours,payments_made,lifetime_value_dollars,payment_failures_count,pricing_page_visits,support_tickets,open_complaint_tickets,sentiment_score,failed_onboarding_steps,plan_utilization_percent,core_features_untouched,primary_use_case
user_1,103,37,10,35.713017525879316,4,4328.493726454859,0,1,3,0,1.9596716754180994,2,73.9176998714428,3,E-commerce
user_2,436,12,7,603.7605562817571,14,12349.515370041336,0,2,1,0,3.349557897824852,4,17.683401209120564,5,Personal
user_3,861,84,1,1490.6839150126689,28,22197.692128120412,0,1,7,3,1.8628786128770936,1,80.51200248207101,5,Agency
user_4,271,46,5,522.8110074301005,11,5189.523920370089,0,0,0,1,2.892693032085415,1,84.58724297769335,9,Personal
user_5,107,99,4,138.44296899780204,3,3332.3637446311177,1,0,2,1,4.429560678348725,1,63.84341774274641,2,E-commerce
user_6,72,87,11,32.38506103577891,3,2724.8407413596565,0,2,3,0,4.709085778133273,3,76.98549433989132,7,B2B
user_7,701,51,11,210.8156951034308,25,16467.87848705021,0,0,4,0,1.3695761157483428,4,17.183516668604337,4,Agency
user_8,21,35,1,34.53275376431664,0,699.612137392836,0,3,8,4,2.3072314250683235,4,57.59389826706368,9,Agency
user_9,615,14,14,737.7769426266591,22,22428.485092973035,1,2,3,1,2.9041767315504057,2,67.67993144461313,3,B2B
user_10,122,28,7,155.51846787098026,5,4514.05877541392,2,1,0,0,3.3524097772708106,0,66.15605808542779,1,B2B
user_11,467,37,0,740.0913113520535,15,3427.067552226753,0,1,4,3,1.2214849795364504,1,11.728987764318077,9,Agency
user_12,215,4,12,308.7887475287065,7,9393.060020003022,2,0,1,1,2.305803081670012,1,34.438246248003814,0,E-commerce
user_13,331,37,2,557.8907952211991,11,8480.68312342539,2,3,3,0,3.5639764645046235,2,13.393947745834653,14,Agency
user_14,459,46,7,94.92414695156002,17,7715.204167435309,0,1,2,1,1.008326049399681,4,57.25268725969084,9,Agency
user_15,88,67,6,133.7854504640156,2,1397.387449619539,1,0,0,2,4.87229312345497,3,76.52371288677531,2,Agency
user_16,373,75,7,640.299349114169,13,9972.39188408571,0,1,2,1,1.9283163527520886,4,57.05903661702138,2,E-commerce
user_17,100,44,10,64.36565806707972,4,4490.741927610316,0,1,2,0,4.668395074332029,3,75.48274386516542,2,B2B
user_18,872,1,10,1148.2930435520213,30,19206.359105227068,0,2,4,0,1.436058978138024,3,9.896759669900812,9,B2B
user_19,664,26,14,462.74685973672393,22,25721.805313892273,0,4,3,0,1.9523487281782903,4,87.81386908672773,2,B2B
user_20,131,28,1,251.5389984474828,4,1225.7464191696536,1,0,5,0,1.9394948043500015,1,4.110838020803705,6,E-commerce
user_21,662,35,8,108.24016940937662,22,17491.72915708013,0,0,2,0,4.984611616802585,3,3.7498660467172873,5,E-commerce
user_22,309,83,1,371.2963786143279,11,15334.39578216099,2,11,4,0,1.0184021829035377,2,64.32130030224263,9,B2B
user_23,770,25,9,320.5946893334406,25,30545.669866754477,1,0,3,0,3.558552837213983,2,51.73471873630755,2,Personal
user_24,344,42,17,499.9071261037909,11,4978.981001060689,0,1,5,0,4.478746324243412,3,22.036956884856494,0,Personal
user_25,492,26,8,213.62223693976534,17,13561.914227671743,0,0,0,0,3.689094616098947,1,76.44254586113547,9,B2B
user_26,414,69,2,226.55247380924806,15,6422.429346772795,0,0,8,3,1.7793677276518283,3,93.356825120798,8,Personal
user_27,806,95,1,837.6794600354739,29,18884.77483181121,0,2,2,1,4.8332374508117395,2,0.3761472525959797,13,Personal
user_28,386,10,15,709.5399523277104,12,15480.05949227634,0,1,2,0,4.5740830183561645,2,49.3915682816369,5,B2B
user_29,192,73,11,96.43340295957975,6,7623.382404109088,1,2,1,0,2.735819680998071,4,12.817499869842909,9,B2B
user_30,956,37,11,357.59757435892317,33,14592.878257360608,0,2,3,0,3.293313970444654,1,92.97997237048162,8,E-commerce
user_31,277,5,10,427.1495066047763,9,12880.513660800332,1,1,6,0,4.870076751220963,4,31.879605961923296,1,Personal
user_32,161,71,12,169.23951494094948,7,5098.15648413117,1,0,5,0,4.93024144770588,0,19.478468369952584,9,Personal
user_33,460,22,12,842.9001882216681,16,10164.4328229137,0,0,0,0,2.799293102871809,3,47.842867676945545,8,B2B
user_34,314,46,5,118.87024480156191,13,8662.349756433561,2,0,2,0,4.389400112572354,4,4.328248950118074,2,Agency
user_35,22,89,4,29.199785928363045,2,709.0205409033663,0,0,0,1,2.2079209078157453,1,25.28368312264049,2,B2B
user_36,253,45,12,137.24500555517747,9,7639.353705064266,0,1,3,0,2.4872514917226587,3,6.7657736491410825,2,E-commerce
user_37,748,11,8,297.5879211997098,25,20112.393496147757,2,1,1,0,1.659287531960905,3,12.737115449419978,0,Agency
user_38,857,30,0,1198.5281167005837,29,23757.733589707717,1,20,4,0,1.8367383711069212,3,11.21575508658681,9,Agency
user_39,561,96,2,688.9084363607187,18,7258.518678751987,2,14,2,1,3.6274932090374357,3,87.24199550179573,6,Agency
user_40,475,61,5,728.7317811720039,15,19747.16582951252,0,1,3,0,3.0431264720283235,3,93.04348480346279,9,E-commerce
user_41,59,81,13,40.59075481961704,1,1733.3736494433958,0,0,0,0,1.9245274425024115,1,47.45221657801461,6,Personal
user_42,511,97,2,486.0356811814682,17,5569.181419899647,2,6,2,0,2.6116384654466103,0,63.04170878533453,1,B2B
user_43,682,96,13,593.6101981889562,23,26923.361447575455,1,2,2,0,2.492733839454727,2,69.59018972629984,5,E-commerce
user_44,476,59,9,937.6105112113154,16,22352.950016842857,1,5,1,1,4.949440818141337,0,39.131332487206016,3,E-commerce
user_45,700,42,6,458.6911124633859,25,33340.16732596431,0,0,4,0,4.414263348845518,2,37.021046704288786,6,Agency
user_46,976,75,13,644.3090867902445,32,21087.258807498707,1,3,1,0,2.551865333535297,4,67.55690192236696,6,Agency
user_47,783,99,10,605.7613702743191,27,8689.937039913168,1,0,1,0,4.655666315584132,3,37.671451524523846,3,E-commerce
user_48,190,67,11,222.8184633458061,7,5382.316807712707,0,1,1,0,2.3705415665126846,4,58.10095195501771,2,Personal
user_49,958,67,0,555.077859108869,31,9644.583877244904,0,0,9,2,2.4838514499069326,4,51.51928108114577,6,Agency
user_50,687,95,1,1263.4279591770662,23,32309.221043317564,0,0,9,2,1.4198730408048177,2,52.44606009009814,8,E-commerce
user_51,958,71,7,579.4008651695727,31,12704.117735280342,1,0,0,0,2.561115455954209,1,82.9358862876451,3,Agency
user_52,563,91,9,1014.5540880499403,18,9218.823061862742,0,1,6,0,3.719539860419735,3,70.40571088986965,5,B2B
user_53,876,54,0,259.8238959333755,29,20409.611889805532,0,0,7,1,2.276785563907474,4,96.06826540380929,6,B2B
user_54,567,8,7,764.0149992951455,18,12611.441415286095,1,1,1,0,2.0652492623918985,0,79.09766272515796,9,B2B
user_55,244,87,1,444.8784863479698,9,9945.398558528821,2,7,1,0,3.2966266657262078,3,14.579251459989573,2,Agency
user_56,832,25,1,349.9591122199213,27,21244.50176142803,0,0,4,0,4.917058392132873,1,10.476683073183652,12,Agency
user_57,505,77,10,979.6097182152353,16,6405.708708575831,0,0,4,0,2.8125353948806797,3,66.56475539671354,0,Personal
user_58,131,39,12,125.82266840742085,6,2230.202333890407,0,0,2,3,4.750547881266323,4,64.60439795113486,5,B2B
user_59,485,40,11,919.976472428404,16,13536.399631717668,1,0,5,1,4.657454080979047,0,48.07446261920036,4,Personal
user_60,819,85,16,1135.099669892716,27,9529.414126740201,0,1,1,1,2.015050449379979,4,6.246391981598642,6,E-commerce
user_61,647,29,2,435.4407391355569,22,21043.354996433703,1,0,6,2,1.2426688457139514,1,95.14847675100698,8,E-commerce
user_62,21,22,7,9.613270744192546,1,639.6312046908329,0,1,4,0,3.5732099139767324,2,85.19246947244119,3,B2B
user_63,841,0,10,569.4382303630863,29,31252.90916348654,0,2,7,1,3.0721835376455666,0,48.6808037411858,8,Personal
user_64,167,45,10,46.214423959046776,7,7881.850184575948,0,1,3,1,1.3838341194526973,1,15.858096763080843,5,Agency
user_65,274,20,11,102.29766327833748,10,12618.09873837725,1,0,2,0,4.974792120508633,1,82.44726578557587,4,Personal
user_66,388,47,0,115.95567662342589,12,18458.480291481796,1,1,1,0,4.0106160048451205,4,7.4738910320631895,8,E-commerce
user_67,601,35,13,543.0592325984848,20,9623.33332150599,0,2,2,1,2.750776152898847,4,39.011392350635944,0,Personal
user_68,316,53,10,509.2652571050549,11,3450.8586604116226,0,1,1,1,3.4726741986651652,4,66.53822319327014,7,E-commerce
user_69,14,86,7,5.160802542154649,1,260.43432131276256,0,3,1,0,1.3502912690649205,2,75.86753985326516,5,E-commerce
user_70,242,56,9,84.12133517264004,9,10957.477531425166,0,1,3,0,2.98120661475844,3,6.284073662045808,6,Personal
user_71,777,0,7,1027.5941581724355,26,37872.849740210266,2,0,3,0,4.723329663269951,3,76.75564164835129,5,Agency
user_72,346,62,12,164.22809234580677,11,15109.68948816731,0,1,6,0,4.586403832219913,4,73.39405013516281,9,E-commerce
user_73,565,53,7,161.28437591000247,19,5622.2005596677955,0,1,3,0,2.3495233819325825,4,58.920961052204355,6,Personal
user_74,898,54,13,374.47704413435656,31,42775.56540159624,0,1,1,0,3.1254714552853553,2,33.84189143581343,8,E-commerce
user_75,340,39,9,630.7304817363973,12,8177.3778184670255,0,0,4,0,3.7895340963505872,3,16.480214725582787,4,B2B
user_76,92,60,1,152.79317498527817,3,498.5446037561442,2,12,3,1,2.3600370676316214,2,10.265296918386325,0,Agency
user_77,367,20,9,283.5892193302071,14,9141.132628456417,2,1,2,0,1.259516872375754,1,0.11836937185679686,0,B2B
user_78,956,46,11,1286.8328417734763,31,6761.895679438616,0,1,7,0,3.021766626871219,3,20.646017569209285,8,E-commerce
user_79,455,72,9,509.97481988601896,16,13410.900435773881,0,0,1,1,3.4065429432933456,4,41.133697004997295,4,Agency
user_80,428,52,9,593.437451064021,15,8660.550568437608,3,0,0,0,1.023366400486041,0,24.364433140008433,1,Personal
user_81,509,8,5,711.1112715467345,17,13389.027153971687,1,1,1,2,1.3823014941541225,1,30.89790536050099,2,Personal
user_82,776,75,2,1004.6054318044537,26,25291.90899714965,2,12,2,0,1.8291625743766091,0,39.04524153609902,0,Agency
user_83,943,60,0,571.0738220082957,31,41582.5745010292,0,2,5,0,2.3922091479637366,2,16.40652390707484,12,B2B
user_84,35,56,11,6.093926980727407,3,1217.4949829432874,0,1,1,0,3.1642048913223215,2,72.46210386587308,5,B2B
user_85,206,25,11,198.90883847092857,7,5053.633010792734,1,0,2,0,2.175371675038661,2,49.17267891649699,2,Agency
user_86,81,40,13,145.22088085389933,3,3391.8145266284805,0,0,1,0,2.104735257626015,4,1.9327147752040696,2,Personal
user_87,932,34,13,1101.6657453846942,31,42640.11484981717,0,0,2,0,4.477397375252327,2,22.66682313623034,6,Agency
user_88,562,62,4,945.0271543292973,18,5838.729551070268,0,1,1,1,1.580202563205705,0,70.96582446345307,0,B2B
user_89,872,73,2,1730.1232114181628,30,25233.050039171536,0,0,3,2,1.445166086632525,1,30.09305232867858,4,E-commerce
user_90,388,89,10,159.41786569073727,12,6907.5788171030745,0,0,1,0,4.811298867744544,4,92.01417716990488,2,Personal
user_91,2,96,2,2.8287550287395327,2,14.235507808925266,2,7,4,0,3.5000529964641833,1,71.26640474474206,4,Agency
user_92,390,37,9,538.6515381117183,13,13682.994499250442,0,0,0,0,3.868821919577754,2,28.992697587964134,3,E-commerce
user_93,566,1,7,1110.4440880890927,19,24804.771701886475,1,1,2,2,2.7249479655624285,3,51.64098461734441,5,B2B
user_94,106,6,16,209.099987818094,3,1307.0456618571698,0,1,3,1,1.0797286684788783,4,66.72390301801697,8,Personal
user_95,772,81,9,1084.4201876769532,26,32083.250465854304,0,2,1,0,3.5845214734688216,2,19.336586533709532,1,Agency
user_96,822,36,0,462.677582117791,27,35677.10818353147,1,2,2,0,3.5276971257124963,4,2.457243931642381,14,B2B
user_97,477,33,9,771.4311560977619,16,22011.31760183607,0,2,3,0,1.4417105458533324,3,50.71237458622565,7,Agency
user_98,703,90,9,213.2588145656836,24,11907.293793237268,0,2,4,0,2.848638854498526,0,92.48947224902922,1,Agency
user_99,402,16,11,636.49812852629,14,18362.510949285097,1,3,3,1,4.661315778662601,0,34.40103668576152,3,Personal
user_100,730,42,9,1335.442024188694,24,14183.7714930918,1,1,5,0,1.8203393278879005,0,40.21303281007065,8,B2B
user_101,556,58,14,460.02519823337497,19,16599.49709665668,1,1,1,0,2.8443950185364413,3,19.06202106815136,3,B2B
user_102,162,50,10,210.30954379579217,7,1178.1994623673368,0,0,2,1,2.8444127408020816,1,59.32086952731095,6,E-commerce
user_103,202,53,16,185.28878057876193,7,1408.8790932718794,1,1,2,0,4.243045872590553,3,74.01507472509984,4,B2B
user_104,958,78,1,892.6199530893914,32,35845.289200885265,1,8,2,0,4.298303481317778,3,44.06422663096205,1,B2B
user_105,996,24,14,686.9458705482064,35,24901.592612964592,1,0,3,0,4.037077678653567,2,75.02493796598185,7,Personal
user_106,270,70,13,417.97249529101657,10,4463.952360735993,0,1,2,1,2.461816636753095,0,30.26047233679574,9,E-commerce
user_107,863,51,10,1621.3487122638185,31,11709.708118127388,1,2,2,2,1.2881477000740804,4,70.69844180285014,9,Personal
user_108,816,69,10,1540.1401321571084,27,28680.692184350482,0,0,5,0,2.3979319088960565,1,25.834453317045416,1,B2B
user_109,271,69,1,117.0948835821034,11,1359.8968293890198,0,1,8,3,2.497245940492945,4,78.06495417715702,2,E-commerce
user_110,456,42,0,803.4778980624488,16,18816.88679191945,2,13,2,0,3.8109862979563056,2,83.06415782992094,9,Personal
user_111,462,76,0,693.5173192847278,15,3957.5993114412204,0,0,3,0,4.860000837906876,2,12.70640781371193,12,E-commerce
user_112,727,45,0,421.94430157349655,24,9899.582751719128,1,14,1,0,2.814564925774834,1,21.5472605850626,4,B2B
user_113,252,99,2,57.415872666821166,8,5639.920722691676,2,12,3,0,3.5297423317611614,4,69.42494378939388,9,E-commerce
user_114,702,21,7,427.6547545703833,24,18826.687587631714,2,3,1,0,3.1567634828901268,1,53.85403873763492,2,E-commerce
user_115,296,25,13,542.62591236593,11,6208.534942641705,1,3,2,1,1.6024742404529495,1,98.60369899890476,1,E-commerce
user_116,725,27,13,944.7036246689263,25,14088.234382612587,0,0,2,0,2.844809888528544,0,36.15768209790641,5,B2B
user_117,720,41,0,1058.4027761082887,25,34830.8787911713,0,1,2,1,3.179340618755977,4,5.328367418735538,14,B2B
user_118,749,94,0,440.8535108633543,25,25369.443156308604,2,1,2,0,4.802998424169035,0,5.154661561182936,6,E-commerce
user_119,338,70,9,495.7910735101496,11,2046.4152511379748,0,1,5,1,2.4661562176358243,0,39.685747415404194,7,Personal
user_120,879,69,0,134.86572763476047,30,21410.60805851481,2,10,3,0,4.920396412431911,0,11.09921844050974,4,Personal
user_121,53,83,7,43.094859519342485,2,2351.8957488893693,0,1,0,0,3.1692002960963377,3,23.966118582619135,4,B2B
user_122,792,71,2,1022.3384388865,27,14703.898483676205,0,0,1,0,1.96987697321223,2,19.775242754732535,9,Agency
user_123,922,84,0,348.1319635152847,30,8533.142744689369,0,0,5,3,2.3457031433093642,2,15.92005610439271,6,Personal
user_124,217,85,8,361.02437374447123,7,8490.627294575546,1,0,0,1,1.566779669040927,3,0.9016527651856121,4,E-commerce
user_125,764,70,1,417.5714333553811,26,24654.755541962473,1,1,2,0,2.811731482293812,1,11.235671093233645,16,Agency
user_126,188,62,11,251.794813498749,7,5764.843816212223,0,1,4,1,1.087705719155693,4,46.79312179396808,4,B2B
user_127,380,59,2,330.552336939388,12,2816.159169286676,2,1,7,1,2.4326578044451876,4,80.41675679607579,8,Personal
user_128,493,48,12,607.6140358839122,16,5581.970532313551,0,2,0,0,4.953618768623786,4,61.255040919880486,4,Agency
user_129,41,59,2,12.470398049791942,4,1353.603636013195,1,0,5,3,1.5225684164382385,0,83.13376624805095,2,B2B
user_130,157,35,1,20.745088216615464,5,2253.2754399066753,0,1,9,4,1.2151286615216728,4,50.37650032374411,1,B2B
user_131,15,95,12,27.422586180338584,0,415.2473038301864,0,0,3,1,1.4760215628730502,4,9.40410211388345,4,E-commerce
user_132,813,12,9,497.7974745426672,27,23999.49648338536,2,1,2,1,2.892403445960363,4,61.67636432339406,9,Personal
user_133,65,93,10,107.7301098433867,5,1154.2585315424976,0,1,1,2,2.1448924041028556,2,67.776486226274,9,Agency
user_134,857,42,2,1712.9420942588836,28,40861.01612345767,0,0,1,1,4.576390111956117,3,10.526102644426011,12,E-commerce
user_135,839,50,10,420.9425683760643,27,36002.232353577136,0,0,0,1,1.72516988805565,1,80.13363152265798,5,Personal
user_136,521,55,13,314.59251669740365,18,19541.04688645096,1,0,3,0,2.834933308546968,3,73.14992440062133,1,Agency
user_137,344,82,7,467.6451571980175,12,2927.345052017653,0,2,2,1,3.352190873382551,4,43.263244919886915,4,B2B
user_138,129,61,8,249.53146034061226,7,1261.0847620888576,0,2,2,0,3.0561643663141305,1,81.91036554552434,0,B2B
user_139,648,31,10,1192.350625492444,23,17609.50404542211,0,1,3,1,4.320974111881629,1,69.17865421426879,2,Personal
user_140,472,29,14,498.1787663948165,18,5773.551536816536,1,1,1,1,1.9258126852785615,3,12.036673851501101,2,E-commerce
user_141,63,28,13,101.47470081844894,3,3088.382589106059,1,0,1,0,2.509564441694765,3,53.98729154498197,2,Agency
user_142,139,38,1,49.75047980368387,4,1686.5440638414461,3,9,3,0,4.16833718629581,3,72.85558062299383,2,Agency
user_143,499,44,15,976.609142443824,17,13441.090245343537,1,2,3,0,3.1122856469472193,3,55.32882017182804,7,B2B
user_144,593,88,0,1145.836788788346,21,12681.570401815572,4,7,3,0,2.608469542591829,0,94.90286509515975,0,Personal
user_145,392,29,11,161.14532782840652,14,13238.77647445029,0,3,1,0,1.117770058979326,2,10.149126820876953,5,E-commerce
user_146,675,56,0,451.51015755998424,24,7294.480920016281,1,9,0,0,4.013541696062438,2,72.23216928788277,5,B2B
user_147,419,39,18,121.63339351513716,14,10208.616250739282,0,0,3,0,4.888728311867041,4,82.44508114295004,0,B2B
user_148,289,18,10,178.10013355499046,9,5017.538951656903,0,0,2,1,3.48114803795404,0,70.26531949051721,0,E-commerce
user_149,379,17,13,625.4697639578902,12,17035.60225327564,1,1,2,0,4.426164882755178,1,38.55850050644063,2,Agency
user_150,773,32,0,632.9321322436166,27,5276.773996605369,1,1,8,2,1.9800195395954046,3,38.5480313203326,7,Agency
user_151,490,83,2,131.29757641363204,16,22597.691242842426,2,0,2,1,1.9267238616934583,4,0.8686004871943975,14,Personal
user_152,231,46,10,173.30278282546118,9,9813.97407025844,0,1,6,0,1.0577684169405819,1,39.70980363545266,3,B2B
user_153,41,65,8,80.54976173739571,1,754.0179718333045,0,0,1,2,3.613593070359957,2,88.3182997365831,4,Personal
user_154,28,74,2,36.2991672677896,1,1134.506224893152,0,1,10,3,1.097460913718463,1,10.99306182944504,9,Agency
user_155,135,61,0,120.24528275317947,4,864.6223790578914,3,17,3,0,4.1283925883504065,3,63.91573479727525,2,E-commerce
user_156,201,37,6,83.70105830460741,7,9750.298902403745,1,1,1,0,3.7787296697412183,3,13.411496077363772,5,Agency
user_157,840,50,11,1657.938168464777,30,24105.288829894034,0,0,1,0,4.951809472826259,2,54.015980249904175,5,Agency
user_158,780,62,14,1294.4982317279569,29,14545.16401489713,1,0,1,0,3.041250333648159,3,71.5581202410695,5,B2B
user_159,930,3,12,590.3703934307745,32,19824.107447087234,2,0,1,0,2.7086991586920375,0,16.551091656024898,8,Agency
user_160,33,0,9,7.6933072217185785,2,263.6119498888386,1,1,3,0,2.14695875775718,4,70.40332214896534,9,Personal
user_161,48,7,10,9.964250832833292,2,2376.994950330805,0,1,2,0,2.907445167165098,2,13.998003121109093,7,E-commerce
user_162,503,28,15,165.3453974824387,16,3404.3731784859237,0,2,2,0,4.491485912491688,2,62.0553745629139,5,B2B
user_163,407,54,12,489.80834570903227,15,14029.623960453036,0,1,0,0,1.169758903166965,1,50.55530293228856,1,E-commerce
user_164,574,2,10,1070.30938716671,20,14305.869012657817,0,0,1,0,4.911600189144755,2,29.807495380926163,3,Personal
user_165,728,58,1,759.8955096178777,25,34726.49530786231,1,2,5,1,4.973228777231192,4,16.36156338724,12,Personal
user_166,805,9,13,1369.7851154167536,26,12936.340592613653,0,0,0,0,3.391285514351607,0,73.58541396009166,8,Agency
user_167,99,73,9,93.77127319562985,5,2865.4468006438406,0,0,2,0,2.3261768147816055,1,38.180513337700596,1,Personal
user_168,684,82,13,989.2751760798656,24,18266.924100177137,0,2,5,0,1.8921958732880952,4,8.653077727317637,5,Agency
user_169,872,33,13,1299.7667511362747,29,31940.479264525977,0,2,1,0,2.105961582739515,2,77.27893382727329,9,B2B
user_170,726,96,7,312.56553592306534,25,5851.894277885578,1,3,1,0,1.2004217060198874,3,23.28946834838207,9,E-commerce
user_171,987,86,8,776.0884753973398,32,13542.144209987306,0,2,2,1,2.9004438339334353,3,73.64520537055205,9,Agency
user_172,547,54,12,717.0481312899683,19,8016.513046585498,0,0,1,0,1.2292970834576233,4,56.48986859407367,6,Agency
user_173,961,99,2,225.1849368838342,32,36726.329393128864,0,1,7,1,2.379615851478668,0,19.452901157905124,7,B2B
user_174,739,89,2,581.5385776379674,26,9984.80734634574,0,1,3,1,2.4877178221314162,3,3.5744207193431032,14,Personal
user_175,613,49,6,684.1809383777049,22,18884.77030693259,0,0,0,0,1.7974589269886527,4,59.32490154026257,4,Agency
user_176,943,56,0,1879.2354241880792,32,13848.87152295797,4,10,1,0,3.1794142313441536,1,2.52118322394288,8,Personal
user_177,462,92,4,462.7455612699785,16,20223.18271224591,0,0,2,1,4.895037228972055,2,6.546448486411283,8,Agency
user_178,643,7,14,1061.276540166569,24,30477.13612565769,2,0,2,0,3.780524196073673,0,70.22190819667006,6,Personal
user_179,769,64,14,708.1935102108351,25,21787.44939787623,1,1,0,0,2.9669874004166408,0,53.887384140130315,1,Agency
user_180,5,56,11,8.065711864887234,0,104.2694989470651,1,2,3,0,4.107657197018025,1,32.62952656543769,7,E-commerce
user_181,218,66,10,268.4208108310489,8,3386.1067729216666,0,1,2,3,3.9499058875959547,0,53.92279426684237,4,E-commerce
user_182,503,87,7,897.619263443842,17,3641.792969474096,0,1,0,0,4.566941844231175,4,59.16493275249195,7,E-commerce
user_183,767,86,8,675.5665815398152,26,13102.280129956554,1,0,3,0,1.81867579037579,0,56.52858662444664,1,Agency
user_184,398,58,12,496.7750022690023,16,13707.362818820644,0,0,3,1,4.435510305034928,0,64.25540115154905,6,Personal
user_185,871,95,0,1129.7179145560974,30,25270.115622664518,7,8,2,0,2.2041043481667955,0,94.02881001903673,4,B2B
user_186,795,63,1,709.9569335896149,26,37748.07673050018,2,1,10,1,1.0857884550720698,4,38.877752008402545,3,B2B
user_187,393,66,9,147.05780302144245,13,8973.163387165725,0,4,1,0,2.1242605957869407,2,30.115141345757614,9,B2B
user_188,207,50,14,57.49691473862158,7,7498.337033788994,1,1,2,1,4.707394172650705,3,3.8434911030169716,5,E-commerce
user_189,15,96,5,1.9751391920895434,1,405.2928545457069,1,3,3,0,4.85516285785632,0,14.707305685676687,4,E-commerce
user_190,858,91,15,1509.8355575725489,28,24080.567696833812,0,1,2,0,1.581965429828057,1,10.624981588114268,5,E-commerce
user_191,554,7,14,304.31349262244987,18,9445.613663080649,0,0,4,0,4.897999533051133,1,33.54441868724622,8,Personal
user_192,892,76,2,447.6616386827405,29,22721.724182437865,2,14,1,3,1.3428918737171291,4,60.99907288150555,0,E-commerce
user_193,461,34,13,690.7934072331908,15,12071.434763028612,1,1,1,0,1.8742711464500879,2,4.633389113458342,0,Personal
user_194,691,95,8,489.2491548724366,23,25428.0492137831,0,2,5,0,2.776675123491218,0,72.76650044546848,5,Personal
user_195,575,55,0,610.3538264599315,19,27214.0599789407,0,2,3,0,4.97438946284684,4,19.921237543442455,9,Personal
user_196,864,77,10,353.17816479230424,29,17124.011268519767,0,1,2,0,2.9542522046615174,3,96.35045157884547,7,Agency
user_197,743,31,7,1429.173034987862,25,5125.972667015713,0,0,5,0,3.2016377727139433,2,56.838497519193865,6,B2B
user_198,241,45,10,414.039123067893,10,6587.320636054438,1,1,4,0,3.777699798094594,2,77.13623123884888,5,Personal
user_199,564,15,11,982.0369599692975,19,16638.4286099459,0,2,4,0,4.873174233091806,4,86.1181232297033,3,B2B
user_200,96,67,8,83.79553173953374,4,1207.663180889874,0,0,5,0,4.133405600496978,1,88.88463013255273,8,Personal
user_201,900,36,7,1393.6376754392654,32,35298.816554180696,0,1,3,2,1.8966160176947944,2,51.846174967980716,6,Personal
user_202,734,53,7,274.0496863065874,25,36202.20845182247,0,1,3,0,2.2119637226574187,1,39.67425584310811,6,E-commerce
user_203,485,84,10,56.44241088832553,18,23066.53319870966,0,1,1,1,1.3905129584340976,2,56.05149896884395,4,B2B
user_204,407,13,5,56.14506876258915,13,5644.99710105519,3,0,5,0,3.5778094566589593,2,40.20704016174279,0,Personal
user_205,231,94,15,280.55950254686155,9,10254.400878768409,0,0,8,0,1.7229612261568863,2,24.071496928324155,1,B2B
user_206,749,54,11,722.9724896583446,24,27489.958015255834,0,0,0,0,2.029619553917463,3,32.391982716666746,7,E-commerce
user_207,655,47,9,710.1701017166529,21,16652.12746820872,2,0,2,0,4.552454620721509,1,23.276985623859893,4,Personal
user_208,171,52,1,19.524774321554585,6,5015.00160132879,0,0,0,1,2.307022701328061,3,16.986977164422647,6,E-commerce
user_209,541,54,2,488.57957634586785,19,23388.516259947944,2,15,0,0,3.266586873416668,1,9.360773723572036,4,Personal
user_210,36,73,11,52.71586222613888,2,957.8186022141646,1,3,2,0,2.590264035156708,3,42.64627207239047,7,E-commerce
user_211,525,6,12,494.08696771251726,20,11442.024095108622,1,1,0,0,1.2961251496236543,3,23.528390660322373,3,E-commerce
user_212,160,32,10,238.59463871891558,5,4351.381949787098,3,0,2,0,2.4514553195868203,3,44.83665523944761,2,Agency
user_213,839,49,2,455.3555311449943,27,26060.045751343278,0,2,2,0,2.6322728121437233,4,0.400465373377612,13,Personal
user_214,699,84,11,1149.8338961521797,26,9442.437599597963,0,1,3,0,4.582804407646073,3,44.83123532431772,6,Personal
user_215,243,18,10,295.97870371735894,8,11066.426030469544,0,0,1,0,2.297802614585358,2,95.46118707097155,1,Personal
user_216,86,18,4,43.03869044684668,2,3039.1034919706053,1,0,1,0,2.5169644790482715,0,14.783689452802085,0,B2B
user_217,796,53,2,437.6160476813369,29,26663.69261902885,0,3,0,0,4.131587074689338,3,7.935080355863164,12,Agency
user_218,578,28,3,747.5030561902656,20,5477.896842958398,1,1,4,0,4.035826604846392,0,24.825811407298747,6,B2B
user_219,682,42,0,1143.6357248846841,22,21952.098162516842,0,0,6,2,1.9154050424623155,0,93.39334508549742,7,Personal
user_220,557,81,7,495.5588817214549,19,5816.87899900781,0,1,1,0,4.815082960304016,2,22.714792644865454,7,Agency
user_221,574,1,8,339.10244800655204,19,4902.760950297158,1,0,2,0,4.182229993579137,0,74.69617859648055,9,E-commerce
user_222,953,0,10,1665.197916633024,33,27378.72775962404,1,1,0,2,2.6304328128715637,0,6.211790085997015,8,Agency
user_223,646,46,2,886.0599012949748,22,14938.97547473161,1,0,2,1,4.286034067592368,0,62.98134371601777,0,E-commerce
user_224,796,68,8,757.2844909669249,29,25071.183876995918,0,0,2,0,3.0346985283597534,1,21.867421791594076,6,Personal
user_225,28,19,11,28.756290388858858,0,252.41993175212062,0,0,2,0,2.110856130074261,3,67.0172541648236,9,Personal
user_226,620,10,9,302.6141192290749,20,15124.42745343851,0,0,0,0,2.2116682725240495,3,63.58293376248469,7,E-commerce
user_227,556,1,11,717.7542984005012,19,7153.163610429853,0,0,4,0,1.8953695542535933,0,92.36958796601623,5,Agency
user_228,340,66,8,265.74766181070606,12,16802.631314638984,0,1,5,0,1.5799718312790136,2,62.66764306204482,9,B2B
user_229,798,86,14,1589.3972168736484,26,24140.904128547114,0,1,2,1,1.7379616474146014,1,40.82488116499078,3,Agency
user_230,958,11,6,969.8300344796882,33,34425.403075160786,0,1,1,0,1.2527121998152775,2,19.35678048492031,6,E-commerce
user_231,331,19,9,338.67345773264776,12,6502.105290767444,0,0,1,0,4.553803459729545,2,65.74510085441396,2,E-commerce
user_232,640,4,9,752.075773491377,21,5928.480745645111,0,1,2,0,4.724031238596493,0,11.636660392283249,1,B2B
user_233,506,36,12,931.9692213983631,17,24750.579545581128,2,0,1,3,3.347081569975582,4,82.85168269217678,5,B2B
user_234,348,37,8,564.3009276272669,13,6222.81649410065,0,0,2,0,4.36195822643474,0,24.73345469388637,1,B2B
user_235,473,93,17,452.73059372732007,15,11385.757221419526,1,1,3,0,1.7342844106125885,4,52.41588982487298,5,E-commerce
user_236,231,8,3,338.5371078354601,8,7910.335466098267,1,2,2,0,4.6066953009079405,1,59.59473043293955,9,Personal
user_237,190,31,2,230.63101505985495,8,1161.1618952162514,2,10,2,0,3.0254462385220333,4,36.24899903974869,2,Agency
user_238,225,52,12,232.98691331978392,8,9328.873696487532,1,0,1,1,1.2686599704222203,0,66.38737775722464,1,B2B
user_239,385,86,0,179.1789877917524,12,11221.217142245847,3,10,5,0,1.5652509779766408,0,25.021695889213003,7,E-commerce
user_240,377,98,9,370.0175455127383,12,6604.954578622567,0,0,0,1,2.2359058431472687,2,3.4624573776595446,3,Agency
user_241,283,85,9,160.47665424203836,10,2199.577692699596,1,0,3,0,1.1742303214190057,0,95.92677361349364,3,B2B
user_242,958,23,4,1760.9956811599818,33,11795.306691103171,1,0,0,0,2.2371735120697744,0,32.004583134315,6,Personal
user_243,633,80,12,466.6937745920564,22,28660.03946944015,1,0,2,0,1.2397217324755672,3,71.34622346604667,7,Agency
user_244,628,97,1,1199.0414221412198,20,22527.044568428282,2,3,7,2,2.3660487043603355,3,50.75336069203807,8,Agency
user_245,973,73,0,1082.7593147980924,33,15806.946881871221,4,7,2,0,2.0626790234257664,2,66.89986771130042,9,E-commerce
user_246,745,96,2,968.451068016105,28,5924.265644782115,1,0,2,0,4.977475905467175,4,10.869755646905846,16,E-commerce
user_247,259,86,6,293.08099273319823,10,9344.121465866245,1,0,2,0,1.9421866950546578,4,51.88478751160991,3,E-commerce
user_248,359,95,4,124.15051883298666,13,11042.246813009246,0,2,3,0,1.9567457957543213,3,39.221955351222036,1,Personal
user_249,710,80,6,577.9828244417123,25,16474.398806440608,0,0,2,1,3.74715587343354,1,45.18495668337076,9,Agency
user_250,456,53,2,131.50019167733336,17,9741.30693738011,0,1,0,0,4.437429914065808,3,13.64809421350893,11,B2B
user_251,411,13,10,527.5648131028029,15,6064.980033308858,2,0,1,0,2.548221650408346,1,13.628890483689226,6,Personal
user_252,649,8,2,615.9405701016611,21,22800.9967471782,0,0,4,0,4.50247207976277,4,75.47001764113983,1,B2B
user_253,318,39,10,501.85851982316,11,15480.259477730287,1,1,2,0,2.3605680829910285,3,33.034279417328136,3,B2B
user_254,677,65,12,351.2911797094894,23,8738.1649644189,0,0,2,0,1.7880635184600773,0,29.03579876237623,5,E-commerce
user_255,225,24,9,92.85198997854067,9,7170.805777656972,0,0,1,0,2.318555297310894,1,27.07773958992653,7,B2B
user_256,819,72,8,714.193584602719,28,19728.340229517955,0,2,1,0,3.4374254957119694,1,34.878155322289096,9,B2B
user_257,234,21,13,435.3598613788923,8,5873.632239971321,0,4,2,1,2.468572637248295,1,35.71170595936061,5,Personal
user_258,684,54,1,991.6641907901303,23,11242.653282334126,1,1,4,2,2.1564690024361726,4,27.074700518197137,5,E-commerce
user_259,664,25,11,594.9140450387462,23,27975.0300847632,1,2,1,0,1.9477435176899296,2,66.74931477734759,5,B2B
user_260,975,57,11,1055.7466944698601,33,26165.589631960203,0,4,3,0,3.803971575956595,0,4.772198370024938,3,B2B
user_261,827,28,12,215.02390446257465,27,24357.848789558397,1,3,3,0,2.3897534529938667,3,33.22938058058842,2,B2B
user_262,374,97,6,737.039631964866,15,6999.126162378992,0,1,1,0,2.823473486407738,1,28.02056068360693,0,Agency
user_263,672,86,8,918.0688466344725,25,8857.88800176856,1,0,3,0,3.2309805617715837,4,75.14180205498701,1,Agency
user_264,608,36,11,390.4987798889456,23,5390.508221229168,1,2,3,0,3.7449000127439747,1,14.649854401955299,1,E-commerce
user_265,472,51,2,572.5529679322311,15,17527.89055324521,3,14,2,0,1.9548547673949348,3,94.06871420972328,9,Personal
user_266,233,69,8,71.76784345874364,7,3222.516443497166,0,3,1,0,4.343782149643242,0,17.051861204515497,6,E-commerce
user_267,692,36,2,1339.0820521482108,23,24948.94652943916,4,9,3,0,3.887370999020959,1,37.00273640635512,5,Agency
user_268,113,60,0,48.82633689855866,4,2550.0642281487603,0,0,2,0,1.9363916760959978,4,1.5901432403479099,13,E-commerce
user_269,830,41,6,1104.9438115730727,27,19679.18881696348,0,0,2,2,4.899898250411642,4,28.669794347209056,8,Personal
user_270,497,99,18,281.482648975512,16,12978.15470011484,1,1,2,0,3.6591879641218337,2,76.10247006681249,4,E-commerce
user_271,442,75,0,646.8080491482403,14,9523.722226656835,2,11,3,0,2.8097075458668224,4,47.640471873836,2,B2B
user_272,564,37,9,888.8417771346852,18,5373.735021909337,1,2,1,1,1.6301093022140654,2,16.257571731025,3,Personal
user_273,268,33,10,369.70532596170153,10,5074.15962863432,0,1,3,0,3.1328840092325256,0,4.663487864457371,7,Personal
user_274,510,69,0,646.4499769872816,18,17782.703577925884,2,8,1,0,1.6591035473084728,3,22.991622017027503,2,Personal
user_275,807,29,2,1449.1228617566194,26,28212.960539342046,4,8,5,0,2.717966714791375,2,94.5602778526021,1,E-commerce
user_276,386,38,0,96.26482983988855,14,6901.716216758702,1,2,2,0,2.6348500909580754,1,7.238154535692054,12,E-commerce
user_277,387,75,8,282.0216272781775,13,9947.687241502135,0,0,1,1,3.8797585773898406,1,44.01737159240086,3,B2B
user_278,113,86,6,64.60732187674263,6,1548.6791544407022,0,2,2,1,1.7695327248969992,3,48.1995221945983,7,Personal
user_279,613,83,0,1212.0398616175967,23,8868.113869000521,3,12,2,2,4.287485419483383,4,89.9366139378995,0,B2B
user_280,625,30,2,524.9003633544122,23,3773.1993614358335,1,9,1,0,2.304529308064663,1,59.13453823757353,7,Personal
user_281,952,26,8,1420.3498503860333,33,43176.62219804778,0,2,0,0,2.7759545078751002,2,88.07670651487634,4,Agency
user_282,81,56,7,113.4792027212866,4,1173.0257941980333,0,2,2,0,4.08936390221537,3,49.183910435234054,1,E-commerce
user_283,699,30,8,351.5650914937054,24,10652.078099036453,1,2,3,0,3.501569598854059,1,20.009761911882595,0,B2B
user_284,113,5,8,62.61280194142007,7,1986.7732850004954,1,0,1,0,2.2321014072077494,4,72.5926979942235,5,E-commerce
user_285,2,90,6,1.2688813415015294,1,21.46672645258861,0,1,2,0,2.544811698183524,4,52.639331957901256,8,E-commerce
user_286,642,26,2,565.6930540207907,21,21678.30469510957,1,13,4,0,2.2231472559584406,1,66.84395799684687,8,Agency
user_287,220,38,1,119.9478774419202,10,1843.9152364581068,1,1,2,1,3.3790806691086286,3,0.8256493358503425,17,Agency
user_288,566,11,11,77.73320454596013,18,6248.135798532141,1,2,2,0,2.330498132827359,0,64.76018019189456,3,Personal
user_289,855,73,2,1514.0740207832891,29,29082.01505555382,0,2,2,0,3.9027907791325633,1,5.173970198444278,14,Agency
user_290,997,70,10,1928.8547035848087,33,20223.87373789993,0,1,2,0,3.3191486343349044,4,33.19977528111959,9,Personal
user_291,736,9,12,551.2520292249446,26,27127.23202034338,0,1,3,0,1.582826446990036,0,67.1475541072602,5,Agency
user_292,225,44,14,167.21169095438964,8,6768.925539785188,1,0,2,0,2.2410744747195297,3,59.22391132609566,4,Agency
user_293,385,16,13,43.687661044452376,13,6360.566823290714,1,1,1,1,1.885789767640623,4,64.91074289367045,1,B2B
user_294,403,38,0,561.1679520545674,13,13817.764882123965,0,1,5,3,1.2663523522144766,3,96.53330642314913,6,Agency
user_295,638,84,6,1064.3982416264878,23,6528.2173612086035,0,1,2,1,3.0639363448374524,1,70.11964695694178,0,B2B
user_296,130,91,14,49.212250188920784,4,3788.000741018178,0,1,1,0,3.0270514291364394,3,64.08989622728906,5,Agency
user_297,53,53,2,21.37840138127208,1,1307.5982305324076,3,8,2,0,4.018094706253156,4,61.35530418414044,4,B2B
user_298,684,45,7,1095.1921916628805,22,11665.148879120825,0,2,0,0,1.7566874544068374,1,39.87142493537392,4,E-commerce
user_299,730,98,2,927.7952679671987,25,23491.564175742576,1,14,4,1,4.785891317189787,4,83.91916911421816,7,Personal
user_300,672,1,10,124.47795997906908,22,29709.12783237014,2,0,3,0,2.3713804275286745,4,38.09386025057107,8,Agency
user_301,710,53,9,910.8158901336179,25,35465.0051574303,0,4,2,0,2.200995387664554,0,70.02436343255619,6,B2B
user_302,416,69,1,285.76856813571266,15,13457.319030876904,0,0,10,4,1.1029301451469364,2,29.314364471466714,9,Agency
user_303,247,81,0,197.742715462468,9,5733.305793168726,2,1,4,0,4.22206651473225,3,18.092067470348873,12,B2B
user_304,836,52,9,1306.2413848227645,27,12652.291110133505,2,0,2,0,2.5138870592546136,3,12.976330729799612,1,B2B
user_305,439,35,15,720.3010442082245,14,7273.933246000433,0,2,1,0,3.9873878995759084,0,63.45588566907985,1,Agency
user_306,203,25,14,174.71755097212267,7,5394.821225398109,0,2,0,0,4.534943824544219,3,32.79549304795902,7,Personal
user_307,184,28,10,349.5246664278216,6,3961.059366604273,0,1,0,1,4.06721466082783,0,27.504928859239353,5,B2B
user_308,123,82,1,107.29033718539927,5,5672.963382729066,2,15,2,0,1.136785942283332,3,59.20593293564674,7,E-commerce
user_309,401,10,10,628.1618752418207,13,8650.891713847279,2,0,0,0,4.309475645464753,3,2.5669754465501904,8,Agency
user_310,767,39,12,781.8543376494947,25,16724.440063384707,0,0,4,1,4.09792383381747,4,24.62256519846745,8,E-commerce
user_311,294,29,0,530.7615575952361,10,6544.161599501515,3,10,1,0,3.677160952612744,0,34.054728531708754,5,B2B
user_312,280,90,0,510.928981621895,10,11941.41465063249,0,1,2,1,4.040089676351614,3,5.099687181192703,14,B2B
user_313,837,58,8,222.71894955738466,29,28696.94210469856,0,1,3,0,4.917701583327755,2,54.500124716375055,1,Agency
user_314,884,38,18,1661.334199268655,29,28851.636865685556,0,1,2,0,2.7244515512733987,0,85.59886171264495,7,Personal
user_315,610,46,1,1017.7948813221618,20,12222.225964437017,1,0,10,3,1.401032830055686,0,33.450636299850686,2,E-commerce
user_316,198,53,6,317.4910907244253,6,8277.526215577036,1,2,1,0,2.8435598785108667,0,29.644099227541567,0,Personal
user_317,982,75,1,473.06037758524775,32,6605.299033308433,2,0,5,2,2.4471188370458776,4,3.319740856501052,6,E-commerce
user_318,907,25,1,1478.161932446914,30,40076.58658898009,1,1,3,0,2.1770016323538446,0,18.096133414244317,8,Personal
user_319,511,72,0,876.4938721057022,17,14345.683945761411,2,8,2,0,3.347519167187036,4,50.14921463950684,0,Agency
user_320,752,21,4,488.33799786809084,26,17236.787947777888,0,0,3,0,2.238491571704625,2,50.25239146938149,0,E-commerce
user_321,144,68,17,274.9383574399318,5,3941.6439790506033,0,1,2,1,3.7415809836381544,1,92.34361453455982,3,Agency
user_322,609,55,17,118.59317539847295,20,21335.522614279642,0,1,0,0,4.287945310742884,4,28.99182359285798,3,Personal
user_323,201,41,1,77.35034381508264,6,1120.4632828543815,3,15,2,0,2.6817567171181476,3,33.21061300457458,9,Personal
user_324,124,35,10,139.05411612493677,5,5483.2593590370225,0,2,1,0,4.600551805172014,0,65.6347694395143,5,Personal
user_325,187,19,12,223.27906498975665,6,4694.313105495371,1,4,3,1,1.3193557254016008,1,78.51759548993942,9,Agency
user_326,326,82,4,432.2059615965795,12,6661.318844000147,2,0,3,1,4.360452656801799,4,69.93107254324912,2,B2B
user_327,464,98,8,61.35998440451523,15,5206.567410439113,0,1,1,0,4.314292581757195,3,78.87182825222781,9,B2B
user_328,349,80,8,671.7192082519347,14,8646.803704299335,1,1,0,1,2.2879755853070596,1,57.51080392905972,5,E-commerce
user_329,771,61,16,142.41709704624756,26,21074.918549711525,0,2,3,0,2.19486074849846,2,86.28234827116036,6,Agency
user_330,660,97,15,245.3996887151466,23,15288.30682645629,0,2,1,1,2.2203799246140505,4,55.01067300691639,0,Agency
user_331,764,87,0,96.74347364082432,26,27152.33402576872,0,1,13,1,1.8754519723822505,4,22.934062725120906,5,Agency
user_332,955,68,1,1124.0646272121348,36,22863.028323427738,0,1,7,3,1.5454270582990168,2,54.170110649861826,9,Personal
user_333,932,65,11,1744.0581980472575,31,44981.85321488528,0,2,1,0,2.3188898353106704,4,71.29446851569547,0,Agency
user_334,403,64,1,550.2157450678114,15,12882.897785730838,0,1,2,2,3.3703613897778473,0,8.299175841755401,11,B2B
user_335,346,72,9,575.415019779033,12,14302.431458100222,1,2,2,1,1.555732917761818,4,24.301676297073584,9,E-commerce
user_336,963,39,11,120.60061796816396,32,9553.938061249266,0,1,0,0,2.8751149531240885,0,4.107822800411853,4,B2B
user_337,511,16,12,577.3426532939661,18,11690.713281291102,0,1,3,0,4.9951714034221535,4,25.248076039059963,9,Agency
user_338,147,0,13,143.05593961729227,4,2963.2475450729153,0,0,1,0,1.6353565908249874,3,98.40420712537195,3,E-commerce
user_339,148,88,10,155.109785914887,4,4532.752704989702,0,1,2,2,4.790250559840236,3,18.446624039044924,0,E-commerce
user_340,864,60,13,204.94516504624454,28,37800.09365998823,0,0,2,1,4.297018887860031,1,46.43717584908935,8,Agency
user_341,711,42,10,995.7037292685275,24,6061.431277295403,0,1,3,0,4.88885860378508,3,63.834579935756,6,Agency
user_342,820,34,2,866.0174063497524,28,6778.010047849828,1,1,1,1,1.718315042442132,2,14.954230505070287,9,B2B
user_343,489,24,8,759.7997964061003,17,21156.241168007964,0,2,1,0,1.854073961773457,1,76.02586375302076,3,B2B
user_344,929,76,1,949.4864981823337,32,13543.197846833531,0,0,7,1,2.1653494838193748,3,90.89531055606031,3,Personal
user_345,936,34,8,359.2603018650868,33,32847.88707742615,1,2,1,0,3.898807251662422,0,60.43836935784851,7,Personal
user_346,640,97,2,852.2804561586316,21,18834.89021199119,1,1,7,1,1.624889664524758,4,86.53188081278098,1,Personal
user_347,551,43,5,235.57128248789854,20,23406.596685228855,0,1,1,0,1.7122617532989284,3,26.384299713920946,4,Agency
user_348,338,50,8,594.0517885864622,11,3592.6023186116977,0,0,4,2,4.164579862168288,0,43.05648421698647,9,Agency
user_349,872,93,8,1103.0109848899194,32,9452.683574955267,1,1,0,0,2.1967820245269016,1,84.37724743492744,7,Personal
user_350,641,97,15,255.55860978401455,22,19266.42560222778,2,2,2,0,1.5399822773225407,4,32.55636677778545,5,Personal
user_351,779,11,15,1502.2565588779344,25,37070.30369347769,0,0,5,0,2.6902506600773926,3,87.1222144238395,3,B2B
user_352,988,18,18,1071.8756477730637,34,23390.80033716373,0,3,3,0,1.3638793937074243,1,36.31150678883381,4,Personal
user_353,953,44,2,227.29722680400573,32,18785.911969422592,1,6,3,0,2.0529746250929866,3,36.33947037233424,1,Personal
user_354,473,58,9,610.6347311978209,17,15278.382244266997,0,3,2,0,2.4853334337093846,1,30.903291479114447,4,E-commerce
user_355,946,42,0,549.6997154648251,31,44339.19692520198,2,9,4,0,4.407456698056599,3,54.69430836375686,2,Personal
user_356,151,63,1,245.67965134359807,9,6441.924624179218,3,13,3,0,4.170194965172886,0,12.906873889871996,2,E-commerce
user_357,415,16,11,686.3527050069413,13,20665.65643044288,0,0,0,0,2.771017143002473,2,3.660265184801925,6,Personal
user_358,990,73,9,1940.399976362619,33,5955.430381665899,0,1,1,1,3.89830023100955,0,89.74129799709907,2,E-commerce
user_359,298,56,10,313.958528466074,10,3003.4277205981416,1,1,6,0,3.27459854471602,4,92.8938254573792,3,Personal
user_360,611,54,10,589.25944167593,20,19812.316153765274,1,1,4,1,2.3633674203122723,3,7.61706618919249,6,B2B
user_361,263,46,9,402.81176004160636,10,11026.522159516111,0,1,5,0,3.903497373981139,2,54.96975549614926,2,Agency
user_362,764,47,1,268.6944047459406,27,13626.700488506634,0,1,3,1,3.733996617865512,2,9.465814746037726,14,E-commerce
user_363,144,66,0,164.03608457379877,5,2270.0878504617376,0,3,7,3,1.9805667192006924,4,37.24306804176174,9,Agency
user_364,346,79,11,393.70317232602144,11,13983.2131963653,1,4,0,0,3.4718220841730023,4,56.89048205046101,1,B2B
user_365,624,87,14,168.47933440399507,20,4703.202456198743,0,1,2,1,3.731927969307907,2,45.81193457280649,9,Personal
user_366,572,82,12,511.46510412891365,20,12367.909348775742,0,0,2,2,2.538182050570153,4,48.96350142045546,6,Personal
user_367,881,7,8,1516.4134243216395,32,24457.806629672912,1,0,3,0,4.476303260270809,4,75.53368230872337,4,B2B
user_368,2,94,11,3.453383763579709,0,60.43138069152911,0,0,1,0,1.6492313819858433,3,52.59602673341172,0,Agency
user_369,897,20,8,258.83075232261234,29,33895.55080394044,1,3,5,0,4.535541852956616,0,32.365809280532574,9,Agency
user_370,304,77,1,82.8003818751471,11,6374.289496531404,1,1,10,2,1.722950739430138,1,58.14561120889557,7,Agency
user_371,254,86,8,152.17683720113396,8,8272.982059630762,1,1,3,1,1.50012646243449,2,64.07539970761256,2,Agency
user_372,652,79,4,1148.8601982918872,22,20434.91490468666,0,2,2,1,3.4001096107165196,1,66.23113439993648,6,E-commerce
user_373,453,69,10,156.24645497276055,16,13428.154211826633,1,1,4,1,2.503946676281621,2,61.83066509769725,5,Agency
user_374,37,28,1,54.31577522470947,1,1251.4046830817833,0,1,4,2,1.0305159049213688,2,66.46027647428,9,E-commerce
user_375,160,99,2,46.75434836238338,5,2668.0340316901493,0,2,7,4,1.4534583045707001,0,31.009278366725834,5,B2B
user_376,9,81,9,11.555657299087814,1,79.28274520177473,1,1,2,0,3.6742501022484393,2,44.61339130792973,7,Personal
user_377,233,88,9,180.9309933200454,10,2415.5634813367096,3,1,2,0,2.233031958019302,2,66.87061692543477,3,E-commerce
user_378,99,11,11,158.2947164338796,4,1495.5145147231292,0,0,0,0,1.8378095001013603,0,75.43685416046456,3,Agency
user_379,659,14,10,358.50381097423775,23,18128.369777928194,1,0,2,2,2.5521961237952953,4,43.41461286582287,2,Personal
user_380,816,58,8,1072.6185162861937,28,34941.05780004986,0,1,0,0,3.427231338409734,1,36.533284351694505,0,E-commerce
user_381,208,86,0,113.94173766438972,6,7604.105681947276,0,2,4,2,2.4035346732283136,2,71.58826551728585,9,Personal
user_382,131,28,1,190.73004446661508,4,5306.394361771067,0,2,0,2,3.3128266611920734,0,19.80205588224268,8,B2B
user_383,404,46,13,711.0352593288308,14,8400.736842976341,0,0,2,0,4.952222874496435,2,0.949219553599856,0,Agency
user_384,152,79,2,51.8203595878083,5,3527.831592876083,1,15,1,0,3.764360745980661,0,47.11660024504428,5,B2B
user_385,54,9,8,94.31271764989866,2,1226.646982957189,1,1,1,0,4.726078510387671,1,17.337315482634086,7,Personal
user_386,120,15,10,147.33515800645995,5,1636.115195784308,0,2,0,0,1.471732779580698,3,37.828275903634214,2,B2B
user_387,673,70,9,229.83618467166355,22,5218.946491878079,0,1,0,0,1.2454917192539154,4,29.12341502633161,3,Agency
user_388,920,16,8,839.3431631687765,31,29063.92624304719,0,3,1,0,2.2439788080478147,3,77.72618885141223,4,E-commerce
user_389,628,89,2,254.7385021864188,21,31095.263473465762,0,0,3,1,2.0997133178443024,0,33.14084993998303,6,B2B
user_390,587,25,8,839.7980004528849,20,7341.806656261193,1,1,7,0,3.1034741129130707,2,64.06757913893229,5,Agency
user_391,625,84,7,963.6559096213152,22,4438.010559667075,0,1,1,0,3.075925014093115,4,67.39125965993212,1,Personal
user_392,968,85,10,291.3809600857319,33,38796.40006025052,0,3,4,0,3.3001886657758006,1,45.64542855523553,6,B2B
user_393,420,6,10,445.8996024503262,15,6873.875526341288,0,3,2,0,3.980911523324291,4,8.107793552891163,7,E-commerce
user_394,422,58,1,695.3663699215804,15,17864.935863652106,4,9,4,0,4.88531880084928,2,70.03650860754058,0,B2B
user_395,104,78,7,195.3858170104769,5,3814.423601721532,1,1,2,1,4.513034765756586,3,7.516791467536765,5,Personal
user_396,852,6,6,916.4827226815773,30,40517.12341052785,0,1,2,1,1.4734689583023264,0,9.921295970070199,8,Personal
user_397,254,85,2,484.00475331486507,8,5944.038304698761,2,1,7,1,1.7190186570450101,3,19.599736877488883,6,Personal
user_398,227,47,11,253.7426529576857,8,7897.021909988227,0,1,4,1,2.0232921001921675,4,28.03757977881579,4,B2B
user_399,112,39,2,95.08373725086041,5,2902.8680952988843,1,15,1,0,1.7072694311191712,2,84.64517003210484,9,B2B
user_400,510,58,8,872.9088315677558,18,17022.010603231072,0,0,2,0,3.178899506623138,0,67.49217771044972,9,B2B
user_401,473,86,4,490.34356188868463,15,11934.71271437469,0,0,3,1,3.213057608130922,2,38.721278841676025,8,E-commerce
user_402,99,92,9,98.66486223718678,3,1335.3566578192533,2,1,5,0,1.9089793115522453,2,97.86274511607533,1,Agency
user_403,153,38,1,157.8338406714371,6,4261.873709183277,1,2,1,0,3.847589001226742,4,10.06403954767185,11,B2B
user_404,861,94,7,1471.3555845587166,28,24784.994884693704,1,1,2,0,3.931657196678021,3,60.98143873842544,8,E-commerce
user_405,914,93,12,1536.1496812954713,31,37910.13627894042,0,1,0,0,1.0839199793357333,2,84.72141089530825,1,Personal
user_406,896,38,8,776.5524351302155,29,34136.19485759719,0,0,3,0,2.5830308148892662,2,80.2022577956785,9,B2B
user_407,878,60,1,643.8108262360098,29,30616.407061926453,0,2,9,1,1.151698007019918,2,9.030774856562672,5,B2B
user_408,338,17,9,349.71617703792884,12,3414.6177233546287,2,1,0,0,3.081274432975353,0,69.7274223674543,8,B2B
user_409,706,58,6,838.9170445613581,23,26423.979554386224,1,2,1,1,2.390511205755977,2,25.786375555269192,2,E-commerce
user_410,822,16,7,454.43505555880563,29,22616.2877335535,1,0,0,1,2.0147046063805205,2,35.57334780654667,7,B2B
user_411,163,13,7,262.1878897364184,5,7373.220097338678,0,0,0,0,1.973418079673129,4,48.89919823111655,4,B2B
user_412,720,30,11,737.5084235219546,25,33403.818265829585,0,1,1,1,1.3990721354032254,2,79.07501660653935,6,Agency
user_413,957,68,0,703.0950206920124,31,7160.318574265891,1,2,9,1,2.3527122061635604,2,16.620144266904724,2,E-commerce
user_414,681,47,1,206.31568279610744,22,28553.560617063005,1,1,8,3,1.142778388627913,4,10.855523503961672,7,Agency
user_415,996,59,6,551.5905815477857,34,6669.5970387440975,2,2,5,0,2.169179063447263,0,15.344124504364466,1,Agency
user_416,161,44,12,306.48511044015544,6,3465.143938160439,0,1,2,0,1.1827029542654128,3,21.822353559198316,7,Agency
user_417,580,97,11,394.2198548751183,20,17054.029363710164,1,0,2,1,4.125546278894802,4,5.950185381102912,1,Agency
user_418,801,72,1,337.08695248769106,27,9343.293286514809,3,9,2,1,1.1571347289071618,0,92.63564695700775,6,Personal
user_419,398,36,13,388.1607650495058,14,15356.480383112166,0,1,1,0,2.2332044154728337,3,31.90834070887484,1,B2B
user_420,277,42,9,189.32027933049886,13,1489.1413875057071,1,1,2,0,3.293189480346656,2,17.69756298664206,6,Agency
user_421,816,41,2,136.1109016204594,27,10270.957058497834,1,10,1,0,2.6382454411737752,4,63.783420368207025,0,E-commerce
user_422,916,89,7,654.0019361530977,31,28520.445326560268,0,0,0,0,2.129084268996402,2,78.6996118766629,5,B2B
user_423,504,99,2,571.4384182844351,17,18722.30990700579,1,1,10,3,1.5594524619510781,4,75.32341656014168,9,Agency
user_424,896,48,1,1028.8351421267917,33,41439.0499006187,2,6,1,1,4.191161224024997,3,71.87071927870923,6,Agency
user_425,392,79,2,304.7650844925467,13,14404.960940126763,0,0,9,2,1.9467371175643766,0,5.052997543796711,3,E-commerce
user_426,135,14,9,128.23315697879204,4,4756.059066798311,0,3,1,0,2.3921642817951736,4,78.21595192204462,0,Personal
user_427,195,3,17,377.22438870598097,6,4435.343559227079,0,3,2,1,1.156582054436066,0,50.18786412518581,5,E-commerce
user_428,401,40,0,327.6018048017744,16,2028.1774586311315,0,0,2,0,1.1462631116364337,2,10.938302581353636,8,Personal
user_429,640,85,7,378.0038049241393,21,6660.5866515859125,1,1,1,1,4.036853660842873,2,95.64246245392265,2,Personal
user_430,33,40,2,18.56538366298586,1,958.8134989627182,0,0,2,0,3.209479286436508,3,2.122411847188106,9,Personal
user_431,688,12,7,667.1899017268441,22,24342.02126574323,1,0,0,0,4.134370629669322,3,82.53720092260049,5,Agency
user_432,460,81,15,709.8206099786091,15,10941.179476656773,0,2,2,0,3.789988041154299,1,18.146721887817165,4,Agency
user_433,955,32,10,469.2655602099846,32,36175.93052043257,0,3,1,0,4.630025397061586,1,47.64171263230645,1,Personal
user_434,883,15,2,1278.2861125040668,29,25151.19830502412,0,0,1,0,4.5432971641864945,3,94.93254850103558,1,Personal
user_435,470,41,11,65.88679225102874,15,3918.826536819703,1,1,0,1,4.1533095824847095,2,58.268525207070546,2,Agency
user_436,375,65,11,335.9897468135615,13,5115.274235084136,0,1,3,0,2.900756640168575,0,10.25863697642383,5,Personal
user_437,22,54,13,34.63115972547649,1,941.5982410115034,1,1,1,0,2.23250563041541,3,73.18198248852413,0,Agency
user_438,750,98,9,557.6944619785647,26,28215.80519857483,0,0,2,0,3.0281071497785597,0,4.29268471050499,6,Personal
user_439,670,88,1,784.6373301399935,24,30327.073908426722,0,1,1,0,3.0082864292792943,1,11.314102838213888,16,Agency
user_440,38,33,7,18.59950061003076,2,391.0228959968015,1,1,5,0,3.4411021955573506,0,87.97726271226475,6,E-commerce
user_441,230,29,7,347.2519859221373,8,11398.803233266015,1,1,1,0,1.7443902711316164,3,42.525014061333486,2,Personal
user_442,365,79,2,72.7555581168848,13,5264.505276627659,2,11,4,0,3.622479521779955,2,41.36128629850872,5,Personal
user_443,563,12,4,968.2648672233228,18,3113.4431657220753,0,2,1,0,2.826403696823263,3,30.421137725472658,3,E-commerce
user_444,438,34,2,208.7390327801122,15,21849.20612874555,1,2,0,1,3.4808193277634367,4,1.0381836983992998,12,B2B
user_445,776,92,1,1366.8124579507628,25,13695.10007974335,2,13,3,2,1.9584192916781826,4,54.77846040483869,2,Personal
user_446,283,95,14,217.85497304728815,11,9922.22772774745,0,0,3,1,2.73757957550942,4,57.925994063461886,4,B2B
user_447,27,98,11,39.77366737054116,1,349.6690117242108,0,2,2,2,1.840804857810081,2,66.17073908499546,5,E-commerce
user_448,226,38,14,159.6753428693893,8,7030.924172465271,1,2,3,0,4.501220627027207,3,30.023094756287705,7,Personal
user_449,277,45,8,504.48131257079496,9,12653.796106156082,1,0,2,2,2.9518441801661504,4,43.27863113504118,5,B2B
user_450,798,28,2,271.8072097109592,29,15487.70572235523,0,0,2,0,1.8999256622952485,3,74.16057622062988,8,Personal
user_451,609,61,13,267.4652481673239,22,21413.310213495664,0,3,1,0,1.1648347829661851,1,98.54869685389853,9,Personal
user_452,284,92,9,294.4390555356897,11,3821.407864843763,2,2,2,1,3.7029546586141673,4,3.4305540064530238,9,Agency
user_453,879,61,7,224.74538703760783,30,29108.781996319176,1,2,3,0,1.8585788559590228,4,4.264849794656744,9,B2B
user_454,960,56,8,453.46785689601376,33,19334.65519851644,1,0,1,1,4.958328769275113,2,42.80824819829282,9,Agency
user_455,481,15,19,910.6080967035599,17,6976.602757136215,2,2,2,0,3.1348014936606865,3,65.96218348096133,3,Agency
user_456,453,52,2,885.7646513499865,16,8649.216103593602,1,10,2,0,2.1559079849921283,2,38.63646248353169,1,B2B
user_457,829,9,8,675.5460696283475,28,10816.666060683454,0,1,2,0,3.6307097351705213,2,99.96386539651793,8,B2B
user_458,816,29,7,1513.0626469800059,27,37198.359479807055,0,0,2,0,2.100879693752342,3,19.535925808613584,2,Agency
user_459,659,90,0,748.0749764107039,21,15073.577113734456,1,1,4,1,2.0592885224472326,1,0.7925458007427499,6,Personal
user_460,516,83,12,316.0555135426412,18,8275.38546150481,1,3,2,0,2.2329442037197675,3,19.01293623127691,3,Personal
user_461,547,32,1,784.7029908190661,18,13772.559006607187,0,0,3,2,1.5775535423556202,1,88.6842375101301,0,E-commerce
user_462,192,64,11,259.5673790385079,6,3729.4324812081218,1,1,3,1,3.4205791417811744,2,14.514899286846461,7,Personal
user_463,49,95,0,96.98756720902307,1,1886.4444546583836,3,15,3,0,4.377644595770653,1,47.897478030664075,3,B2B
user_464,512,28,2,309.03800119175077,19,24936.90676984179,2,10,1,0,1.2912618783136889,1,41.92761807214481,5,B2B
user_465,17,54,1,23.407521935974053,3,420.0957473736998,0,0,3,2,2.3931976695447528,1,7.734033231136507,11,E-commerce
user_466,172,80,2,34.20136314362325,6,7524.398515785141,1,1,10,2,1.279375276688824,4,5.459558641945295,7,B2B
user_467,220,44,0,69.50404417522871,8,6702.044428240233,0,1,4,0,3.6202360693623308,4,2.042421986564713,15,Agency
user_468,158,29,14,16.9762961603182,7,1907.94557882,0,0,1,1,1.776972485735031,2,35.47516439823354,1,E-commerce
user_469,477,67,13,953.5112152443818,17,17209.217158776,0,1,1,0,2.4248117220388394,3,92.60395590824987,8,E-commerce
user_470,46,82,1,74.71872113068956,1,1292.8094090504478,0,0,7,2,1.0068820441445816,1,84.88873295859058,9,Personal
user_471,373,61,12,594.8506005416604,14,12785.430492786554,2,0,0,1,3.453480679047372,4,39.95062484775861,2,Personal
user_472,518,36,10,553.4724032986264,18,23328.61358704551,0,0,2,1,2.3782729178351,3,99.28918435178527,0,Agency
user_473,99,24,12,66.34261829451324,3,2457.136012272685,1,1,1,0,2.2362169680013992,1,5.194375265624718,1,Agency
user_474,892,47,19,345.5627093073432,29,40633.26979594466,1,1,2,0,1.8295119217453668,3,78.86322200641908,7,Personal
user_475,745,64,7,477.4570928371692,24,28891.17870379248,1,2,5,0,2.6361084836585933,0,43.38365240273626,9,Personal
user_476,37,52,13,30.130776901618475,2,998.5272015868446,1,2,5,0,1.7820103607862143,1,43.33051445875854,5,Agency
user_477,280,78,19,430.35697159351645,11,9000.598909290344,0,1,2,0,4.850278349510529,3,17.013379814534268,0,Personal
user_478,349,72,10,392.7497322216804,11,6858.251686211075,1,1,3,0,1.6180072459812136,1,51.48799199722609,8,E-commerce
user_479,497,54,2,122.8677885563423,16,24483.153608657685,1,9,2,0,4.653218859835105,1,8.471849688008525,6,Agency
user_480,302,48,13,40.545045340623844,11,10579.30230585488,0,0,2,0,2.713892392626328,0,61.65771790003773,9,Personal
user_481,181,87,9,53.292036541764325,6,1262.1326135850504,0,0,0,0,2.5114639662468883,3,24.159044085388725,2,B2B
user_482,607,49,0,534.1281665071875,22,11956.67735550686,2,0,2,1,1.9252792036193953,2,3.1193423603561965,15,B2B
user_483,99,11,8,185.43358769692034,4,3271.8658023966013,1,0,1,0,3.5430253374700764,4,60.73615182565727,5,Agency
user_484,700,50,1,917.7453000082648,25,5274.498250676053,1,2,10,3,2.4815934743845256,1,74.64050087514458,2,B2B
user_485,993,36,13,1612.1049252951343,34,6032.265089095894,0,0,0,0,2.87028384900967,1,74.97420702342113,7,B2B
user_486,116,60,11,114.3889606288025,3,2929.1265303351297,0,2,4,0,1.2228275827736965,1,19.67090452204412,0,E-commerce
user_487,191,25,0,150.34862159148102,7,3814.4720944584988,1,8,6,0,4.6740406027542,1,0.06747294865960818,4,Agency
user_488,253,82,2,77.40805916488054,8,6255.029652457593,0,2,10,2,1.2272630665841007,4,36.576125939273766,7,B2B
user_489,981,38,8,1730.7515600528675,32,16501.59616465283,0,2,2,0,2.72417366084734,2,91.9069215796509,2,Personal
user_490,928,46,2,1473.6677631819985,31,11518.613112338884,1,0,9,3,1.9759175561969462,0,57.789938463583425,9,Agency
user_491,983,62,13,412.2941708832712,33,35399.25639602524,1,1,1,0,2.801194504974987,2,72.75020056250169,5,Agency
user_492,161,45,9,172.8005064897481,5,4533.067737360215,2,2,2,0,2.2875186035444823,4,87.9570337523553,9,B2B
user_493,256,87,8,262.6591065728935,11,3585.7765135927057,2,1,2,1,1.3092751714312305,3,90.60582477246972,1,B2B
user_494,323,10,9,415.9186858837226,10,6260.232310689075,0,0,2,1,2.8242709215891955,0,52.902515730942724,8,E-commerce
user_495,128,61,11,242.91265261867474,6,4048.813548140757,0,1,2,0,4.273538225437806,0,54.09420849120551,1,Personal
user_496,18,94,2,21.628183308276803,1,148.50577210070702,0,1,3,1,1.0681258443520143,3,9.989735469814454,9,E-commerce
user_497,793,97,9,893.2453558553447,31,9226.860635663617,0,2,2,0,3.3284307327208893,1,80.74854352900137,2,E-commerce
user_498,735,24,5,143.77597584325818,25,6097.598355851927,1,0,1,0,4.5230884349067555,4,69.88585999054455,9,Personal
user_499,566,70,8,124.25069970978294,19,23519.722464228606,0,2,2,0,1.870197720057432,3,60.44642941163065,8,B2B
user_500,570,51,22,259.89657500691237,20,22149.296831888038,0,1,2,1,1.7330234587562487,2,61.72151025785602,8,E-commerce
user_501,323,3,10,52.22731258722592,12,12564.403464865001,1,1,3,0,4.089106502807772,2,36.29113446233851,6,Agency
user_502,872,56,2,1318.7870773803966,30,32468.60647799934,0,2,8,1,2.2815828373892355,3,84.09177474016911,9,E-commerce
user_503,686,71,9,1011.3887182257316,23,24093.92802868886,0,0,3,0,1.7679370702425938,4,61.777970508726085,4,Personal
user_504,792,19,12,283.9374215727363,27,20959.991864078158,3,3,1,0,2.51195700227694,0,22.3528062241531,8,E-commerce
user_505,626,92,8,1057.0322446059072,20,21222.975865995428,0,0,3,0,2.570008049080872,0,23.984327850953836,6,E-commerce
user_506,288,62,8,113.49891826779248,10,1937.1657500521517,1,1,3,0,4.496404252066264,1,86.16030137732295,1,Agency
user_507,943,95,1,633.9162992231677,32,31086.842775440655,0,0,8,2,1.657075627562302,4,62.57075456365888,9,Personal
user_508,854,81,0,489.3899165792308,29,34163.84022378219,2,9,3,0,2.6238458253583574,2,39.87041284279318,0,Agency
user_509,663,97,4,535.2952520724682,22,18243.19168206828,0,0,2,0,3.1375518571430674,2,18.710075923528755,9,B2B
user_510,962,56,17,561.6744312936722,32,20286.751987615087,1,1,1,0,4.815860933301097,1,61.02159732452017,9,Personal
user_511,639,89,5,657.5353197889245,22,11172.405759202155,1,0,5,0,1.4528587064395815,2,18.431038001950505,3,E-commerce
user_512,155,40,11,135.48162105895486,7,5258.544299880525,0,0,0,0,1.8308620868987657,1,47.016703121830105,9,Agency
user_513,490,2,8,967.496195915553,16,17726.266429789488,0,0,0,0,4.850114826346221,1,67.75105342412363,7,Agency
user_514,386,5,18,79.61638518404071,12,17058.707209612363,1,2,3,1,4.8292993941088165,3,56.54154343211207,5,Personal
user_515,986,51,2,364.9625905240645,32,20119.363238794158,1,15,4,0,1.7086616850590906,0,92.20999001262683,1,Agency
user_516,785,54,1,157.2898207646806,26,31117.206758395812,0,0,8,3,1.3656437503090808,4,3.9721201851768972,4,Personal
user_517,104,53,8,134.06622012851744,3,3147.1452572061016,0,0,5,0,2.6843405373544793,4,27.979487585140284,8,B2B
user_518,929,94,1,189.11432556295645,31,41551.9794927971,2,2,1,0,1.1988731699518764,0,6.792128284928007,13,Personal
user_519,393,86,14,663.8695518987513,14,11299.357135208053,1,1,0,0,3.6196141291405604,4,19.460423002149952,5,Personal
user_520,811,48,11,869.9462360177824,29,22945.900587383814,0,1,3,0,1.3099840866469687,2,12.398333584553068,6,B2B
user_521,246,8,12,270.92336372940883,8,7627.099291550864,1,2,2,0,1.232118508377123,2,73.26616270202314,4,B2B
user_522,176,98,7,205.39720337895773,5,6814.577612728081,0,3,2,0,2.940747744835397,4,36.9375941294398,2,E-commerce
user_523,39,19,18,16.557295637290213,1,1888.0317903439488,0,0,1,1,4.831146544440406,3,92.50442712030205,2,Agency
user_524,477,68,1,226.86672171266005,15,3964.03739824141,0,2,2,1,2.7071837442526383,4,4.723887165823379,9,B2B
user_525,682,32,0,481.3234869788394,23,5049.907947380317,1,1,2,0,2.4259246346422043,1,12.826354650872585,11,B2B
user_526,759,49,9,931.7811812566919,25,35817.03177414765,1,1,5,0,4.991826862009144,1,97.05448002654883,4,Agency
user_527,538,81,9,268.5823905660873,19,15518.288893795769,0,0,3,1,3.1278758431167337,0,17.583871981001863,8,Agency
user_528,867,50,0,278.3332541066212,29,28325.44111332901,0,0,0,1,2.500965627560994,2,2.2184807821269414,12,E-commerce
user_529,818,16,11,1589.5556648715274,27,21848.01277470197,0,3,4,0,2.5434432533664073,3,70.18898911702742,3,E-commerce
user_530,921,87,7,130.56597773535913,31,8486.63312331678,2,2,1,0,1.779837984134042,4,63.31379993231678,3,Personal
user_531,408,2,5,663.051028616484,14,16142.120987766717,2,0,5,1,3.0488922297901557,1,56.602713056567076,0,E-commerce
user_532,525,31,14,838.5650617010845,18,20278.182240217866,1,0,1,0,2.7554201126720232,2,32.675612705440514,9,B2B
user_533,828,48,0,550.377243901105,28,15754.065758822175,0,0,9,1,1.0101108453836007,2,72.81999535329012,3,B2B
user_534,506,89,2,180.99142862943114,16,9503.067613850679,1,8,1,0,1.6421603464070391,3,65.32552770683363,3,Agency
user_535,903,66,2,340.15506915249495,32,38560.684513095744,0,1,1,0,2.2449554746702147,3,2.353078105194686,16,E-commerce
user_536,825,72,11,1175.7240600192993,27,6811.263193646751,0,0,3,0,3.034733310750917,3,96.40907313056962,3,Personal
user_537,36,67,5,47.567970830294286,1,1607.3903403376366,0,1,1,0,1.2333330891392067,3,55.56729089401195,6,Personal
user_538,685,13,10,1087.2434950381798,23,11336.596591041563,0,1,1,1,1.6149761143358239,1,52.546160103590154,0,Personal
user_539,20,97,11,37.62428455116598,2,633.6862729799445,2,3,2,0,4.790629067876381,3,84.82366775874695,6,Personal
user_540,321,10,12,454.1064988562944,11,15125.43591568068,0,1,3,2,3.171421404125356,2,64.04135106289766,1,Agency
user_541,776,68,1,307.3875054914482,26,27560.037753659693,0,2,8,3,1.4265844666161438,2,7.447928660637526,7,E-commerce
user_542,512,66,15,288.0209775893915,19,12108.462879240524,0,0,4,1,3.772351035078292,4,50.65893737902599,0,E-commerce
user_543,400,29,2,680.067235463567,14,14411.615760297474,2,8,0,1,1.247211480316139,2,78.05964928940134,9,E-commerce
user_544,654,28,9,325.4837298315876,23,13393.320696790775,0,1,2,1,3.955496908185492,2,69.99801201768912,2,E-commerce
user_545,972,8,9,231.13421495153628,32,16987.283131113403,0,1,1,0,3.9998508868801075,1,97.07687241427469,7,Personal
user_546,883,52,0,1268.1929466666836,29,44018.2100487345,1,2,2,1,3.6043159029970107,2,4.360992803779005,18,Personal
user_547,471,24,9,407.3208355281281,16,18267.998949855602,0,0,2,0,3.928818178477399,0,26.121895664040185,7,Agency
user_548,143,55,0,264.274882276722,5,4863.773054451996,1,13,2,1,1.351863124052231,2,54.91564562824255,4,Agency
user_549,92,75,10,122.86458642717204,4,1930.8991229279795,1,1,3,0,3.9071222094210705,4,61.94897990207492,4,Personal
user_550,354,37,1,96.215804462671,11,2553.132008439917,0,0,3,0,1.5467532788955318,4,0.7106954925930942,14,B2B
user_551,834,52,2,1585.3735164701507,28,5335.56455759939,1,13,3,0,2.3580236290873753,3,82.68016663758641,9,E-commerce
user_552,800,58,0,473.00704073317377,26,23950.52519615676,0,0,2,0,4.7709810140025315,1,17.57119842528943,10,Agency
user_553,727,39,7,538.4916129982025,24,28564.900468792555,0,2,4,1,3.0115019106365604,4,0.0849109621718136,8,Personal
user_554,959,24,12,828.8586997727818,31,27985.598963604567,2,1,3,0,4.869705728332056,0,95.23913983761297,0,E-commerce
user_555,854,33,2,168.5165433456387,30,36581.37031462017,2,16,6,1,1.3556898355469502,0,39.15567944300997,4,E-commerce
user_556,51,10,7,53.21234441414561,3,331.7138934489437,1,0,3,0,2.9102263982527203,3,95.74898009560935,2,Personal
user_557,665,96,1,222.31291347363174,24,14300.055887046257,2,9,1,0,1.2496092811074826,1,27.7931600345224,2,B2B
user_558,698,94,0,601.5668472540921,23,10936.380986780932,2,6,2,0,3.520841049597139,1,6.34486351312259,1,B2B
user_559,575,87,13,440.65044338135203,19,14448.188051065534,0,0,7,0,1.3148280054740655,2,77.25196045530231,2,Agency
user_560,190,78,8,297.9952701169677,6,1568.8181618097474,2,1,2,0,1.7014712101615093,0,83.58195318256982,6,Personal
user_561,125,37,14,203.25299651277365,5,5991.990483837283,0,2,1,0,2.035321240277122,0,49.20868988476359,7,Agency
user_562,150,71,9,58.722671480890085,7,2256.973957218186,0,0,5,1,3.994975406657933,0,7.385034017786463,7,B2B
user_563,314,94,0,250.08443839044637,11,14602.208867583053,0,0,3,0,1.655848475272299,0,7.659400060645947,13,Agency
user_564,570,29,2,461.3414733974737,19,13774.159426690889,2,0,5,1,4.386528213172271,4,4.936365116898891,6,Agency
user_565,342,89,11,132.58650646966805,12,16877.216410797806,2,0,2,0,1.5276157553232035,1,84.93815481562842,6,B2B
user_566,305,17,12,493.2038061771649,10,9129.451312991392,0,1,0,2,1.1409777962806253,2,27.402311954219115,1,E-commerce
user_567,692,69,12,999.0638060954146,25,32446.135390434643,0,0,0,0,2.5801816758786713,4,84.77063903139278,9,E-commerce
user_568,682,36,5,314.8967186836976,24,3574.1604630256993,1,0,1,1,4.917766567885181,1,42.692454189351935,3,B2B
user_569,838,59,12,667.6946228630468,27,32406.085381081743,3,0,2,0,1.441368911155109,3,59.64878392481506,4,E-commerce
user_570,783,47,6,235.7061354790362,27,35733.989762067125,1,3,3,0,1.4068737761585162,0,78.95625168209664,0,Personal
user_571,54,76,15,69.85399686174631,1,609.5209777588584,1,1,2,0,4.004666043182496,2,4.043924298293133,3,E-commerce
user_572,444,63,0,146.78935554921554,16,4140.594517608387,0,0,7,3,2.0295645360496795,1,82.11660061897848,3,B2B
user_573,613,66,1,1209.6175261974417,20,14776.835369224584,3,13,3,1,3.8691264689028677,3,13.864804176549761,8,Personal
user_574,993,76,11,1572.2128703135897,33,46686.441920550205,0,1,1,1,1.8000423577734534,0,35.841835520298645,8,Agency
user_575,264,93,2,222.1436564713319,9,7763.552335062412,1,1,7,1,2.8402879767926517,3,19.021905884754485,16,B2B
user_576,53,76,0,63.561387980530995,3,1522.9836659763312,2,6,2,0,2.0611595109956715,3,89.54265836686287,0,B2B
user_577,572,47,1,1047.6462858639932,22,6492.586285024546,1,9,6,1,2.8061128595163476,4,2.244062789559109,7,E-commerce
user_578,620,95,12,714.7289523062833,23,3122.027359500804,1,0,1,0,4.076388370341215,3,55.92026082967854,3,Personal
user_579,5,75,0,2.1577356207805742,1,207.28152041772876,1,13,0,0,4.048039761910647,4,64.25225000623945,3,B2B
user_580,103,80,0,84.41224668723288,3,920.9080994412141,0,3,5,3,2.0836621048728636,4,31.65823090990735,4,Personal
user_581,196,57,11,333.5871477370772,7,6570.555401245558,0,2,6,1,4.713487374884204,3,29.048677130945975,1,Personal
user_582,774,79,2,1024.779661314332,26,35726.091110764115,0,1,2,0,2.055136409793096,1,7.593544158108214,8,E-commerce
user_583,877,55,6,1172.0020416154116,31,12619.44775279748,0,0,2,1,1.9612454044769323,3,18.710041786467258,4,B2B
user_584,992,39,7,1732.9851362256645,33,34657.7794096157,1,2,1,1,3.455225604701735,3,46.81189296049592,6,Personal
user_585,884,97,15,1589.917147314023,30,7550.6293814247265,0,0,1,0,3.4851881368671562,1,76.50253234901474,9,Personal
user_586,350,39,10,646.6620602333252,14,11259.143515442403,1,1,1,0,1.186160158259896,0,84.53955041605148,8,Agency
user_587,47,90,4,13.17003295750684,1,581.7155898160238,0,2,1,0,3.4311108495475904,2,38.516138489890075,1,E-commerce
user_588,867,69,0,983.0387630338162,29,33048.22816349967,0,0,2,1,2.4977446293960575,0,19.637250997472727,14,B2B
user_589,823,32,12,1240.2347383290848,27,15271.10100269239,0,2,2,1,3.9897701012822364,3,0.0020517960894972376,6,Personal
user_590,936,75,1,1439.7187013738812,32,24198.029290851697,1,0,2,0,4.2324226581810915,0,10.847600706334678,9,E-commerce
user_591,820,87,10,1027.263842669266,27,26218.98700081924,0,1,0,0,3.2086152781881463,2,97.52363053924898,4,B2B
user_592,656,52,1,273.4837345729315,22,8335.991082867391,1,9,1,0,1.0068201260090603,0,31.22650271612114,6,Personal
user_593,269,79,7,434.4616451195846,10,10322.525794366302,0,0,4,0,3.5454632406665683,2,59.47761242092461,2,B2B
user_594,370,39,14,543.2382674610069,14,6888.961671602962,0,0,5,1,3.9955251186637373,0,76.2283657645613,1,B2B
user_595,636,49,1,167.68646633985543,21,22137.082630703004,3,5,2,0,1.995933064926057,4,60.89330209896426,5,E-commerce
user_596,106,96,7,104.01129868941936,5,1285.0101518360123,0,0,4,0,2.858584004563155,3,41.84999704668394,9,E-commerce
user_597,670,58,14,288.473229591256,25,24096.747425071462,0,1,0,0,4.862906493647153,2,15.257557330953142,5,Agency
user_598,659,58,4,488.4550089372121,21,7096.417299194243,0,1,3,0,2.192462213576414,3,46.37013974582308,3,Agency
user_599,657,74,2,88.27062740035713,22,15860.664812222065,1,2,10,2,1.1751810434182621,4,29.47842091785916,0,Agency
user_600,120,85,2,103.27520999765288,7,1934.9127981899348,1,1,0,1,1.8434191619120406,0,19.391505769627848,9,Personal
user_601,831,12,8,951.3006708135407,28,32140.49245236689,0,2,6,0,3.235203337415985,3,44.19127677144766,0,Agency
user_602,787,73,1,1005.161851054343,26,13214.969684610962,0,0,2,0,4.799148405232026,0,15.220166600873943,12,B2B
user_603,604,88,4,821.8215200697077,22,26985.07638782687,1,0,3,0,3.434760516801419,0,19.33224368931764,1,E-commerce
user_604,58,52,10,97.9593027038911,1,2617.6507517712594,0,1,3,0,2.21329248095064,3,41.772012205357356,8,B2B
user_605,951,36,2,484.4199271565166,33,13161.70608495912,1,1,0,0,3.5542791122698163,2,18.186751475816145,16,E-commerce
user_606,346,99,12,113.80475007104884,13,11287.581363770267,1,0,1,0,3.4993691903911497,2,12.60146760282952,2,E-commerce
user_607,741,62,13,1272.9791843150895,25,6629.94476315221,1,0,1,2,3.387700542918617,3,58.79100778344889,5,B2B
user_608,474,26,11,188.4455010923205,15,10721.486334502752,2,0,1,0,1.637704827553208,2,29.092140532757604,8,B2B
user_609,117,39,1,228.3891660810362,4,4340.638905824198,3,10,2,2,3.5382671973799766,1,22.953718014865952,6,Personal
user_610,830,35,2,1411.6827877616506,27,28779.45826984437,0,1,13,4,1.632244700257945,0,14.191073972934475,3,E-commerce
user_611,791,6,12,831.8674509914786,27,26191.220327528208,0,0,2,2,1.0743682344921335,3,34.98819256335112,2,Agency
user_612,127,4,7,249.51698983368468,8,2249.721035830865,0,1,3,0,3.1590579485899806,4,92.89824151942067,1,Personal
user_613,393,44,13,112.01120362494675,14,8650.3712307474,2,1,2,0,4.9570669808736705,3,3.1005859331058483,9,Agency
user_614,908,57,11,613.6490511792853,31,8746.379472453693,0,1,7,0,2.398958363375934,3,85.21562083079391,9,Personal
user_615,641,30,6,841.3935150779607,21,23945.213255407223,0,2,3,0,4.862236873274632,0,39.736089778514085,0,E-commerce
user_616,58,22,12,44.370756905744294,2,1605.1497596252239,0,1,1,0,1.3848229666503782,4,56.160163872638456,9,B2B
user_617,634,41,7,1181.717576116062,23,23391.083490821526,0,0,2,0,3.929800463469225,0,51.28122969253715,0,B2B
user_618,513,9,7,115.26574814691878,19,8311.861269935807,0,3,2,0,1.4573199786513413,2,92.57402616072336,3,E-commerce
user_619,751,31,9,859.0557431677904,25,14719.389936722064,0,1,2,0,2.0942862942210967,3,77.01292692057136,3,B2B
user_620,802,52,10,980.5620182566754,27,16071.831521717537,0,0,1,1,3.2833633412884975,0,98.48235353279492,8,E-commerce
user_621,96,29,9,128.65760977696567,3,591.207210107974,2,3,1,3,3.3711187759069956,1,79.44299516216974,9,E-commerce
user_622,638,28,1,373.71859592282544,24,12981.484428967202,1,0,8,2,1.7181130939641358,3,29.58884942066873,0,E-commerce
user_623,118,30,8,93.53579304995361,4,4855.547285380759,0,3,1,0,3.461245628909757,2,96.2883679359314,3,Personal
user_624,560,81,11,953.6760835635362,19,25411.922092893412,0,1,2,0,3.374458817522243,0,98.35657908079234,2,B2B
user_625,601,92,0,282.7051478870255,21,17020.214346373657,4,6,2,1,4.649412347956553,0,12.309370361669947,8,Personal
user_626,488,1,12,815.4718678991413,16,12442.817227014075,1,1,2,0,2.8086430088366288,1,90.10441837829771,4,Agency
user_627,237,77,11,277.0637369331049,8,1513.7445584287839,0,0,0,1,1.9010631147802202,2,66.42021828931621,8,E-commerce
user_628,885,76,7,1370.118300072849,29,39439.31274433787,0,0,2,1,1.647154340094521,1,92.19937700331138,9,B2B
user_629,897,30,2,1305.9010343228347,30,5010.157264935353,0,1,5,0,2.599978387237999,3,9.87663180640536,14,Agency
user_630,272,11,9,134.44194081490548,9,12923.740981772991,0,1,2,0,3.851011020774783,4,89.13730311872168,8,E-commerce
user_631,189,38,7,223.16065365340378,7,5105.784195092211,1,0,2,0,1.1701739397196036,0,88.52755936823789,0,Agency
user_632,999,65,14,1746.925316339346,34,20366.665158651835,0,2,2,1,1.5162135460376245,1,11.764623899321858,3,Personal
user_633,704,95,10,648.3986783462607,24,32799.24001581547,0,1,2,0,1.4244538404145577,0,14.3515708278262,3,Personal
user_634,447,12,12,865.6255411506629,15,2725.6248264095957,0,0,2,1,3.341000612205835,0,11.777941937696667,9,B2B
user_635,581,45,14,557.3002490022866,22,18106.35387635228,0,0,4,2,1.971458602125065,1,9.102908880028526,9,Agency
user_636,790,26,11,293.3212406384949,26,23464.551245951454,0,0,4,0,1.665037713205586,0,35.328528507398836,5,Agency
user_637,861,66,1,723.1761931390656,29,12802.568944935,0,4,3,0,3.3710828789720892,2,7.885774029208463,16,Personal
user_638,247,47,2,471.3339393190791,11,6002.08379945759,3,18,2,2,4.045239661809517,2,35.46926130725849,0,Personal
user_639,963,97,9,681.2932380371312,35,33080.860697573284,0,0,1,0,2.3286196658106575,4,72.03003332750949,9,B2B
user_640,76,59,11,132.95337428480389,2,2866.788693336192,3,3,1,0,3.3128184227063846,2,82.02831250202027,4,E-commerce
user_641,154,28,1,273.25394946012096,6,774.967830836598,0,1,9,3,1.0674497619269574,1,66.6214740146417,2,B2B
user_642,656,87,11,502.07248392735625,23,30935.91325628677,0,0,3,0,4.74076412183028,2,46.510472628296874,0,Personal
user_643,435,34,11,112.31245437884746,15,5395.584164589302,0,1,2,0,2.3475847412590913,4,29.55174395909569,5,B2B
user_644,997,69,11,1472.2300473195494,33,15464.586181386145,1,0,2,0,4.9900227726940045,3,12.440336245523087,2,E-commerce
user_645,86,33,2,59.50110965888531,2,1449.6422348351928,0,1,7,3,1.4548223399507154,3,49.36518279113837,3,Personal
user_646,697,29,9,1106.5257423613032,23,4671.228582954587,0,1,4,0,4.115293797343246,1,71.95989533698975,8,E-commerce
user_647,285,70,16,268.1976003330245,10,3003.143485045917,0,0,4,0,1.0802683816278669,4,54.82432115040483,1,B2B
user_648,974,73,10,995.4346333792555,33,48101.71712264262,1,0,4,0,3.173899681537453,2,72.14819192904628,0,E-commerce
user_649,220,95,11,347.16613202088837,8,4220.645700035133,2,0,4,0,1.347345681760046,4,33.52196723435007,9,Personal
user_650,69,97,12,57.02783270217942,2,703.0098855027481,0,0,1,0,4.580552103846065,0,6.6796063055348025,5,Personal
user_651,47,62,12,44.271271937336266,1,461.2865173843283,0,2,1,0,4.158545010589611,4,77.10979260325766,0,E-commerce
user_652,94,27,9,76.5876177222545,4,3513.3156632439814,0,0,0,1,4.889361506382732,2,21.972411182955597,0,B2B
user_653,750,59,6,598.4602342701239,27,32591.69241110163,1,1,1,1,3.4335318125991816,1,61.62850602360239,6,B2B
user_654,958,78,12,1053.1279592760363,32,15867.213631810137,1,2,2,0,3.088691217937352,0,80.42927445547332,1,B2B
user_655,453,93,11,741.4336818821404,18,2691.240408953765,0,0,4,0,3.0758954237775504,4,13.911000184467671,3,B2B
user_656,204,62,0,160.62139770118654,7,3067.9663693283665,0,1,2,0,2.5457934978173795,3,6.726091456859371,8,Agency
user_657,912,92,11,999.6285797477901,30,6879.403950298921,0,0,2,0,2.874760268916564,2,68.93743618400939,1,Agency
user_658,218,21,12,299.61525819832525,7,2104.3043283407073,1,0,4,0,3.5416503325414013,1,74.65308668189245,5,E-commerce
user_659,474,67,6,290.0571653410717,15,11574.068196350212,1,2,1,0,4.731790430225109,2,14.76666111414876,9,Agency
user_660,432,19,13,270.9907182638838,14,6629.613129550137,0,1,1,0,3.383537353024124,4,82.51161619793714,1,Agency
user_661,341,95,10,638.8583649984964,12,9622.189505972621,1,1,3,0,4.428463769269468,1,9.414856615046997,7,Agency
user_662,551,99,9,812.5683448203167,21,9040.377612012036,1,2,1,0,4.451119645210003,3,51.958346815680734,3,E-commerce
user_663,612,25,0,732.3526671124636,20,28962.397272375176,1,0,2,0,3.075330703393037,0,10.918373807500622,8,Agency
user_664,289,90,15,384.56308188235806,10,13226.80130288107,0,0,1,1,2.3898785659904864,4,22.17660742355533,6,B2B
user_665,254,97,0,39.5399112417097,8,7748.593780269626,2,14,0,1,3.558295493328324,1,30.19307414472392,5,B2B
user_666,734,16,3,935.4063957723424,24,15376.624455343364,0,1,4,1,2.783509367659371,0,16.443578328890183,5,E-commerce
user_667,357,11,9,381.29986870797615,11,7908.124659888026,2,1,1,1,1.3257634692877316,1,42.57261948212534,2,E-commerce
user_668,23,21,14,26.14926100636134,1,541.2671130545543,0,1,2,0,2.5112364017297346,4,3.551092757056018,9,E-commerce
user_669,762,16,14,596.573816485657,26,28758.69495600723,0,1,0,0,4.9762885521973,1,88.89152752961554,6,Personal
user_670,522,9,12,133.00581175169577,18,13219.000004737503,0,0,1,0,1.1940474801051488,3,16.34873350365953,5,Agency
user_671,758,64,10,354.2471642480775,25,33013.05847531616,0,1,1,1,3.7866676476037067,1,88.60177564559486,9,E-commerce
user_672,837,21,4,1595.6693174221118,27,39744.33011206718,0,2,0,0,4.364754820284988,4,86.35774001340033,9,E-commerce
user_673,100,68,0,87.65291683147744,6,2011.7576902052022,2,14,0,0,3.594903613901515,1,45.16772071576868,8,E-commerce
user_674,802,81,9,791.3317928550707,27,24245.463832848298,0,3,4,0,3.27899292465316,0,49.77257122150923,2,B2B
user_675,180,49,7,36.02674812987614,7,1669.957948343772,1,1,1,0,3.83021766791503,0,30.191354053448137,2,E-commerce
user_676,223,13,10,38.21681145778457,8,3126.7068943354125,0,1,0,0,2.7173709491986227,2,99.68745999755302,3,B2B
user_677,906,37,1,1325.1561429462888,31,21386.99930877323,3,12,0,0,1.365446949235507,2,67.07721905902234,2,B2B
user_678,762,46,9,855.253454714545,26,10880.691128271998,0,1,4,0,4.8494870172135265,3,95.18082859355522,3,Personal
user_679,659,28,13,702.8507628371875,21,29289.401354339418,0,3,4,0,2.7292030799367843,0,41.47968443881781,5,E-commerce
user_680,442,75,8,248.37598064895718,16,5358.31363301546,2,0,2,0,3.6615569486720703,2,88.30165794327863,0,Personal
user_681,608,88,1,921.1360451788862,21,15506.880077692596,0,0,2,0,3.125241747557181,1,2.0311177190128116,6,E-commerce
user_682,769,98,9,322.7104657354175,28,24805.222216113994,0,0,1,0,1.2186922879102182,3,86.68288721013126,9,Agency
user_683,325,51,4,149.78470421067988,10,11743.509656852351,0,2,1,0,4.810986403970154,4,13.092655949485966,5,E-commerce
user_684,516,75,13,503.28221278984927,18,11474.870765049487,0,2,1,1,4.170148904457293,2,63.68544267685091,5,E-commerce
user_685,16,6,8,10.302907808203003,3,705.7513294818045,0,0,5,1,1.5963915778775797,2,67.87035148391467,0,E-commerce
user_686,792,62,1,451.58229415963865,26,24214.894544417264,0,1,0,1,4.926595505153067,0,1.4253158068790928,14,E-commerce
user_687,336,10,10,445.51971228284697,11,8325.357640366983,1,1,5,0,3.9476054886868317,3,44.702761803934365,8,E-commerce
user_688,759,25,2,1014.666353779663,26,6091.603856047312,1,0,6,2,1.8246515093324756,0,68.39161100307959,7,E-commerce
user_689,258,5,6,429.9782676159253,8,6685.044728648366,0,2,1,0,3.445480226238293,0,23.946310081659306,9,Personal
user_690,497,63,1,444.1421997925811,18,20840.757079843806,1,1,7,4,1.3180465905668917,3,59.58485944970862,4,Agency
user_691,988,31,11,235.99533287428923,35,32262.493670119686,0,0,1,0,3.241646040062444,1,55.42349244493292,3,Personal
user_692,896,76,1,555.4896536902895,29,38032.79013435805,0,1,8,3,1.27812854214974,2,31.833952213042693,5,Agency
user_693,160,74,10,313.92166081183234,6,4356.884028315,0,1,2,1,3.1794210284772078,0,77.88638089812294,4,Personal
user_694,475,57,13,585.6233641475137,15,4907.118946394549,1,0,0,0,3.2107827550511416,2,8.087206545868098,5,Personal
user_695,852,86,9,1234.1223928758916,29,4782.95168934768,0,1,3,0,4.497755140642976,3,17.143966129207,9,E-commerce
user_696,664,91,2,75.68263785542298,23,12380.200055951504,3,15,3,0,3.900230001089176,1,47.11500396194378,2,Personal
user_697,908,75,1,984.808529161285,33,33059.8906653998,0,0,10,2,1.229680978871481,4,89.17366979250957,6,Agency
user_698,690,62,1,118.20007002419389,25,27987.570017389593,1,2,6,1,2.4252735905975036,1,57.51595545279473,7,B2B
user_699,675,75,2,797.537747007282,23,12358.492351592507,1,2,6,1,2.215544308821175,3,84.2066850939193,4,Agency
user_700,380,28,10,702.7965534372464,12,10375.682047103526,1,1,2,1,3.425517914296135,1,51.75697191475933,4,Personal
user_701,545,3,10,1057.2980096331723,18,13052.94113124585,2,0,0,1,1.6759254768887133,4,78.5455968610946,3,B2B
user_702,929,80,14,1047.02952732899,30,21806.904999811442,0,1,2,1,4.431094383876456,0,32.579739474562516,9,E-commerce
user_703,957,39,1,928.8537973901043,31,14748.03233396448,2,13,2,0,4.7238604600661755,1,81.5142317187638,4,B2B
user_704,691,43,1,1309.8129430388478,23,7695.459510891009,1,0,1,1,4.099962597979633,3,15.332429565070516,16,E-commerce
user_705,427,38,13,589.1996566989187,14,5914.37064641276,0,1,0,2,4.763009810580025,1,55.88311614118561,7,Agency
user_706,613,14,6,136.8881908783855,21,4591.343899900902,1,1,3,0,2.2091996164893835,4,17.588149153016097,4,B2B
user_707,268,28,11,263.9474641482897,9,3729.456746392339,1,1,2,0,4.444476673451085,3,92.04330241055565,8,B2B
user_708,835,28,11,464.64872179361817,30,4520.723728273633,0,1,1,1,2.95557257145497,1,70.1459119437275,0,B2B
user_709,577,74,10,572.7464776041895,19,19171.764372513175,0,4,1,0,1.6556688117743397,3,85.88548191493788,6,E-commerce
user_710,417,61,1,402.5653727006404,17,8021.78451962987,1,16,1,1,3.6752023961336047,4,20.78629071554324,4,E-commerce
user_711,168,1,11,202.62062105846564,6,8196.97401838743,1,3,0,0,3.7364810828235155,0,6.7684355269236445,3,Agency
user_712,842,46,8,654.961430460732,29,11549.939053913926,0,3,3,0,2.1476980550267606,4,33.720926331101474,2,Agency
user_713,43,77,7,17.720895720549322,2,884.1782835490642,0,2,3,0,1.1099733265102802,0,51.66853909549318,9,Personal
user_714,556,65,1,587.7292107008298,18,11733.18578921116,0,1,2,0,1.7993890363422533,2,15.826016738985649,14,E-commerce
user_715,285,21,13,478.05486187323015,11,1533.3904370010566,1,2,2,0,2.599110190695547,4,39.77264155060883,1,Agency
user_716,397,81,1,540.5644236313924,13,16977.450081049934,0,1,1,0,1.6702516442394741,0,15.44478861223542,10,B2B
user_717,12,26,6,8.91478734309492,0,77.27700847793534,0,0,6,1,1.7761197929584167,2,37.25451124153805,1,B2B
user_718,607,66,7,1139.6387021477901,23,28716.01218562923,0,3,1,0,2.565562657529078,2,70.36074104611558,6,B2B
user_719,302,80,14,553.6247043827807,12,13633.290431362306,2,2,3,0,4.847146457234242,2,33.6218096951017,5,Agency
user_720,898,55,8,446.99023902914934,30,26130.440629033787,3,0,1,1,4.056974061630593,3,97.91656263551415,9,B2B
user_721,253,91,11,44.248033167358486,10,7453.83562036506,0,0,2,1,2.2789936049062565,4,17.497908872073964,6,B2B
user_722,499,92,6,752.7347863873576,16,17175.58325998049,0,1,1,0,4.806416275674193,4,75.30961246340027,8,E-commerce
user_723,754,20,8,1261.034460408797,25,16902.606904950717,0,0,0,0,3.5825871690349307,4,58.916361238242324,1,E-commerce
user_724,35,46,7,67.86299363576514,2,1194.3750963516225,1,2,2,1,2.8217985785605606,4,23.309560015654174,8,Agency
user_725,727,79,15,1301.8310111541834,24,5099.597835943848,0,1,1,0,2.8732007958205883,3,75.36136371406785,6,E-commerce
user_726,849,64,2,1053.6226345937678,30,6309.889602896304,0,1,9,1,1.9330016123726943,4,44.75402105578512,1,Personal
user_727,90,83,6,99.63895000531713,6,2301.7831994591547,0,1,1,3,1.9319682101837587,0,68.23982755430202,9,Agency
user_728,776,5,9,118.64884598155723,26,23072.81075462274,0,0,3,0,2.546528768854823,2,66.22572451646421,1,Personal
user_729,605,18,9,344.0315856480721,21,27195.835258142673,2,2,1,0,3.1115855361735703,3,11.064343324806625,3,Personal
user_730,922,35,0,897.3531220857406,30,8952.369700838617,0,3,8,2,1.8958775954020082,3,83.99830248617472,1,Agency
user_731,970,68,7,1255.3326878540156,33,40758.58202201327,0,1,3,1,4.046947608850072,4,68.1474906378319,0,E-commerce
user_732,602,2,10,697.5846469495982,22,8700.182367242165,0,0,6,0,2.4351914286294103,2,78.05867126366647,5,E-commerce
user_733,418,0,15,631.6015030051987,14,9502.713428473699,1,1,4,0,3.8671921172158097,0,44.77658349640687,9,Agency
user_734,115,57,10,72.62907439881842,3,2213.417600231862,0,1,2,1,3.3123673550747386,2,19.506172170279655,4,Personal
user_735,617,37,9,723.9939419509944,22,14195.311151107802,1,0,2,0,4.847381618107338,1,32.62135237473315,2,Agency
user_736,903,14,6,241.52564698558206,31,10630.384564179514,0,0,0,0,2.5411397041359307,2,90.14692283942561,0,Agency
user_737,196,33,9,173.64904098238625,6,5421.488056239355,0,2,2,0,4.604865857043161,0,93.80186018514284,8,B2B
user_738,826,88,1,1259.9024112389507,27,33927.05506403192,0,1,9,3,1.8955922566894778,0,48.186639852728774,7,B2B
user_739,501,79,0,710.148272379107,17,12459.384263992231,0,1,1,1,3.5506571383578276,0,14.824276194098736,12,Personal
user_740,626,37,0,1240.8704715925896,21,16950.584433052267,0,1,7,3,1.7314116400827348,3,73.03111241084977,5,E-commerce
user_741,493,24,9,309.60061771273104,18,21294.908879465955,1,1,1,1,1.3385997384256427,3,76.5993010266275,3,B2B
user_742,75,23,6,78.49197513229201,2,2757.9461369033543,0,3,3,0,4.800898422373729,1,81.54662974069144,1,B2B
user_743,413,11,7,299.8825156884552,16,11180.0951823402,1,0,4,0,1.4277442539829757,2,3.1083810722495997,3,Personal
user_744,376,17,9,352.36686468387444,13,6240.21036736092,0,1,1,0,3.2529332349740283,4,0.9733872396633148,1,Agency
user_745,420,14,10,725.8462036357718,14,18825.115515369867,0,0,1,1,2.320283201796618,1,35.715562828185256,6,B2B
user_746,729,79,7,1020.5979900435728,25,22574.15427745877,1,0,2,0,2.719407913159407,4,15.24966177765098,8,E-commerce
user_747,277,78,0,492.12879900623227,9,4141.604960029793,2,15,3,0,3.440732043347268,4,80.49818585141144,1,Personal
user_748,761,71,12,370.3567115370746,25,13021.005929088664,0,2,1,0,4.635405511529287,1,53.28438535786423,8,B2B
user_749,676,59,14,1189.345019755543,22,27811.3085654406,1,1,3,1,2.830268494289206,2,82.53481263617978,8,Personal
user_750,394,45,8,84.13803844993858,14,2752.7008158105855,0,2,5,0,4.9509182212257645,4,17.691307674413515,7,B2B
user_751,869,88,18,1554.0662719297825,28,43140.76497376201,0,0,4,1,3.371248261405999,3,62.72227088618278,0,B2B
user_752,457,16,12,331.43476270575,15,4965.682293334693,1,3,1,0,1.642215770568698,3,58.01720908352732,4,Personal
user_753,920,92,8,641.8991832077882,30,37557.2369514332,0,0,2,0,1.7600371793250091,1,34.03783008392685,9,E-commerce
user_754,192,52,4,206.00991277967256,7,4370.85873690734,0,1,1,0,3.864444142357004,4,51.708130055776145,3,E-commerce
user_755,739,7,7,1394.7230925821898,25,20063.64917522471,0,0,2,0,1.201591176973527,1,58.902753712471856,6,Agency
user_756,689,78,7,131.45058450442778,22,30749.57115428924,0,3,1,1,2.9213663048889074,3,88.94878045358215,7,B2B
user_757,99,26,16,76.15464641080719,5,2334.519349619945,0,0,1,1,1.5928764392140664,1,5.5638384756183985,9,Agency
user_758,548,45,5,946.6627546170891,20,15994.595965581962,2,2,5,0,2.73287454071138,4,82.33738668247605,7,Personal
user_759,978,49,11,833.7484299705842,35,7059.678142627569,2,1,1,1,3.999669688286878,4,98.01563892809475,1,Agency
user_760,999,70,19,477.91970732899284,34,5100.530687711356,0,2,3,2,2.8352517129657366,3,73.17750581086325,2,Personal
user_761,96,2,10,87.0824586748495,3,1537.535451367456,0,0,3,0,1.6538044359237078,0,73.73469822607903,9,E-commerce
user_762,664,92,10,552.81303588189,22,23655.82281641277,1,2,4,0,2.0077014814265697,0,21.797429744009612,9,Personal
user_763,663,99,0,1219.4497889876063,22,6932.938093369844,1,1,10,2,1.6869449740749156,2,52.30732809491372,6,Personal
user_764,190,81,2,294.05830964325804,8,1922.6647477788974,0,1,2,0,1.2782447339456589,3,5.584395994502991,12,Agency
user_765,736,52,7,779.9535931524185,24,17291.015338149118,0,1,4,1,3.3373505443244875,2,60.22810043529202,5,B2B
user_766,37,65,2,73.18245084052644,3,1263.6486692826973,0,1,2,1,3.4301351651122007,3,11.685558447153312,14,Agency
user_767,780,59,15,767.5413013509183,29,28893.72692790236,2,0,2,0,1.2486077085302698,4,94.01184100557549,7,E-commerce
user_768,369,82,2,77.73054318809497,13,4808.173443403513,2,0,8,2,2.15619690791105,3,51.39867413878735,6,E-commerce
user_769,695,34,1,415.8332419566875,24,5964.119309060628,1,2,4,1,1.7892276394849125,1,96.98758654355285,1,E-commerce
user_770,525,45,8,487.4803040187643,17,24841.879926963484,0,0,1,0,2.335278274210405,2,56.38756815024231,1,B2B
user_771,279,14,14,111.07408105985826,9,4667.666433067187,0,2,6,1,3.2309589613244474,3,79.33834466829276,2,Agency
user_772,217,31,1,412.38110158340294,8,9417.928549149188,1,1,8,3,2.169006155803908,2,74.20231031538202,3,Personal
user_773,867,93,8,1349.9301893752177,28,38024.11893980686,2,0,1,0,2.665637117911224,3,66.08237751929266,0,Personal
user_774,873,77,8,532.3079793495465,29,34713.55001739156,0,0,1,1,4.190094189766422,0,1.4460845753810903,4,B2B
user_775,798,70,9,975.577833719864,29,10052.814814893793,0,1,6,0,1.6484374217208058,2,7.742915050030497,6,E-commerce
user_776,273,33,2,401.515677792735,10,11460.830926937851,0,3,4,0,3.4764587812136836,4,15.747805182375004,18,B2B
user_777,881,83,15,1663.706799097089,30,34901.938421132705,0,0,2,0,3.0223776067633823,4,91.17814217352833,4,Personal
user_778,62,44,0,110.05664413286337,3,1974.8571423963456,0,1,4,3,1.1548750421055598,3,60.11416668628448,6,E-commerce
user_779,596,34,1,643.0036768789132,20,12023.758583231313,1,16,2,1,3.910138625961643,4,23.599599583783228,4,B2B
user_780,880,37,15,1383.2191802939253,30,14795.340728955147,0,1,0,0,3.204753438164592,4,32.02184016155471,9,Personal
user_781,729,47,8,851.526698526588,25,7643.575602296175,0,0,0,0,2.9094461078427813,2,62.31598740802718,7,Personal
user_782,342,59,5,393.346987751592,11,9555.16125960441,0,1,5,0,3.6706772590848002,3,59.70544656150173,6,B2B
user_783,397,62,10,126.24985917449816,13,12440.685540983408,2,1,0,0,4.209161231925443,2,95.57029102151047,0,Personal
user_784,699,85,4,237.42342361125154,24,14798.007946674086,0,1,0,0,4.890675160134305,3,52.9084564007549,0,Agency
user_785,19,31,2,21.016163502310715,2,501.4320028671426,1,14,4,0,3.517401473505494,4,35.50148819732395,4,Agency
user_786,177,87,11,108.11813757643992,6,3780.392652946209,0,1,1,0,4.497759941601531,3,52.49927567414182,1,E-commerce
user_787,612,78,2,85.66171018103293,21,20713.306818612113,0,1,2,0,1.0043661640918278,3,1.9769905853322522,16,Agency
user_788,396,10,11,583.4642170145198,15,18040.43908293476,1,1,3,1,3.120942770903565,1,54.036380578387664,1,Agency
user_789,445,54,2,71.96741750153447,14,5507.503247490072,0,1,10,2,1.5280684115875363,3,32.60525502877138,8,B2B
user_790,233,81,2,286.82905755676495,7,5164.0713718342495,1,2,2,0,1.3767698283325487,1,14.155267275936867,14,E-commerce
user_791,915,80,8,1028.8884110903361,31,10375.264767676714,0,2,5,0,3.1278840682575684,2,75.68118192423505,1,B2B
user_792,76,71,10,147.49684131943496,2,2517.307694794785,0,2,3,0,3.9873060245963763,1,6.644827686128185,3,B2B
user_793,265,57,1,270.30131566153756,9,10016.780825651505,0,1,4,2,1.4581046252200853,2,27.475527617451235,2,Agency
user_794,455,17,11,100.48344174860583,18,21355.913199932907,0,0,5,1,3.6804297973777396,3,15.303759040854159,5,Agency
user_795,796,87,0,913.9728825104927,26,13969.192398667765,2,8,2,1,2.9588770153637998,2,94.46756331972314,3,Personal
user_796,718,63,9,1219.2233959544856,24,34291.32406151205,0,2,3,0,2.748343463837704,4,9.009426316817848,8,Personal
user_797,735,81,8,1465.6000254990308,24,5767.412870468819,0,2,1,0,2.1610265617434425,3,75.81836095962566,8,E-commerce
user_798,384,94,5,352.37837952354727,12,12340.079558940082,1,1,2,0,2.530374058004018,1,63.04255694691703,9,Agency
user_799,564,37,10,399.63213245950925,18,4270.028416933715,0,3,0,1,2.3991825231777115,0,63.28044006709712,8,Personal
user_800,851,31,7,1551.067715841687,28,38482.082520343676,0,1,2,0,3.584748736059526,3,76.3433027147885,2,B2B
user_801,506,94,1,234.46018289378307,17,14593.752229485131,0,2,7,2,1.8600461151180516,4,40.04879720737935,2,Agency
user_802,367,44,12,465.8385824524597,12,12889.288012847579,1,2,2,0,1.370545474751224,2,40.0743364997274,3,E-commerce
user_803,144,39,2,125.40346645590728,6,6108.599039899733,1,11,3,1,3.6400519768338415,1,28.870578223745568,8,E-commerce
user_804,885,32,11,157.5799966727662,29,10411.120540424055,0,1,2,1,3.185192279515523,1,59.77500368856607,5,B2B
user_805,69,40,4,52.429518981476974,5,464.82679981790557,0,0,2,3,2.7208003869706303,4,92.98052521102582,8,Personal
user_806,99,7,16,59.78948508275308,3,4410.415505041757,0,1,1,0,1.6097715376316142,4,92.39831993909313,7,B2B
user_807,396,10,4,555.8149842270795,14,7592.110113318177,2,1,2,0,2.644108447477246,3,70.29606721813852,6,Personal
user_808,25,85,10,47.56754864036611,3,270.10127141806095,0,1,2,0,4.158927053280046,0,90.61857710330501,4,Agency
user_809,948,72,1,577.6065939064023,31,24724.55637413511,2,10,4,1,4.558484943157028,0,96.35188283557684,8,E-commerce
user_810,891,87,7,1462.830688389882,31,28444.082105031874,0,3,1,0,3.8103062798568805,2,79.51049430027913,3,Personal
user_811,469,40,9,96.23113287381673,15,2998.634585232076,1,4,3,0,1.2396487035235233,1,40.78333289433462,3,B2B
user_812,484,48,2,543.2560808326122,16,8407.22743683937,1,14,1,1,3.6816391064044742,3,48.32249663317051,7,Agency
user_813,565,75,4,132.23549339257184,19,3658.9368034900813,0,0,2,0,1.9639423581851783,1,93.12569200955986,3,Personal
user_814,151,30,1,283.0740651553804,7,3611.1789695834154,1,3,2,0,2.2610049721056202,3,9.837188462878721,14,Agency
user_815,144,31,13,224.07371036050196,6,6520.248188349263,0,0,0,0,1.7834928318399381,4,82.06939611861753,3,Agency
user_816,569,78,9,768.2096490032848,19,28005.81499629284,0,0,1,1,4.103023162480818,2,11.611403574541779,0,B2B
user_817,39,30,0,64.95072187838763,2,1313.0184563988664,0,1,3,0,3.594408490549116,4,18.919712260666994,17,B2B
user_818,109,25,1,145.0013496625808,4,1337.8328880134227,1,1,6,1,1.0017522196360715,1,34.41084673229688,8,Agency
user_819,693,85,11,1345.1090877593892,23,31713.91322712835,0,1,2,0,3.6718904386771043,2,18.82406555595525,3,Agency
user_820,42,91,9,61.17384423960877,2,1185.7083858481142,0,2,1,0,1.9470890456156136,3,90.64650646515402,2,Personal
user_821,186,19,10,345.37435262636603,8,2216.8817423014243,1,2,1,0,2.7785776573014465,3,21.689054699747167,2,B2B
user_822,935,30,0,1012.1848061568985,32,43456.64961717865,0,1,0,0,3.5330148861959567,2,11.664513033831422,14,Personal
user_823,398,73,13,128.32410909688454,13,15556.270698450775,0,2,1,0,3.5463761104732017,4,8.545387014947703,7,E-commerce
user_824,223,39,14,246.08890056693235,9,8457.662411776826,1,0,2,1,4.167407451020522,2,15.49618465238687,9,Personal
user_825,634,66,2,216.2310086848022,22,23402.92547925437,1,1,5,4,1.8402889953647885,4,24.741513497120494,6,Agency
user_826,133,96,9,163.02310218787756,5,1864.0338292622073,0,1,3,0,4.081344486787289,2,98.28934014843861,6,E-commerce
user_827,163,1,10,165.7281008454172,7,2362.7340836747035,1,1,2,1,2.760737922467743,4,79.7063757003912,3,Personal
user_828,215,96,8,275.82205001469134,9,7734.234759783692,1,0,4,0,3.6806907682357393,0,67.3555058769569,2,E-commerce
user_829,733,32,8,87.29243051506397,25,10912.55491239144,0,0,1,0,2.822877520261147,2,91.62619838498019,3,B2B
user_830,235,76,8,110.49627952412007,7,5813.953193692242,0,3,4,0,4.794440679163773,4,95.62086593676148,5,Personal
user_831,843,29,9,871.2639527936601,29,33880.23925390616,2,0,2,0,1.7172090589665778,1,45.35729142787493,3,Personal
user_832,658,32,8,1254.1195526987365,23,26502.83406087707,0,0,1,0,3.7000203543294283,1,32.7689449442628,3,B2B
user_833,751,48,2,622.4717396827755,27,19072.981602511427,0,2,11,1,1.8380177149974892,2,31.531532685427422,1,Personal
user_834,588,25,12,532.9084275071206,20,23901.345766762985,0,0,5,0,1.6909241637909784,2,3.5729102081448527,6,E-commerce
user_835,9,94,0,13.12130312201324,1,384.641827460213,0,0,2,0,1.2640253432466717,3,8.204720325751358,13,B2B
user_836,74,65,7,92.2932616744282,3,2550.403251776587,0,0,2,1,4.1965775558866545,4,35.50459671937439,1,E-commerce
user_837,954,37,7,637.2335396682388,32,14576.321839600478,2,5,3,0,1.6298053345850607,2,3.6898839448733622,4,Personal
user_838,492,89,10,433.23116657643146,16,8526.620817736022,0,0,3,0,1.746026731143104,1,88.26048156188958,5,Personal
user_839,913,45,6,468.9438410776411,31,17500.248869967894,0,1,2,0,4.913736895956157,1,84.78567357997436,4,Personal
user_840,253,66,0,489.66651540389125,9,2594.8147665510432,1,0,8,3,1.627307412422676,1,25.15009199344028,3,Personal
user_841,230,97,15,80.0872247405662,8,3977.202070828932,0,0,2,0,2.00194736640489,4,80.25589003095854,8,E-commerce
user_842,519,43,9,418.5682532609462,17,7488.321483819188,0,1,0,1,3.363795840606405,0,79.62118790817144,2,Personal
user_843,174,98,2,25.9423642159357,6,4435.224111001355,2,0,2,0,3.1364473536100532,2,18.878532761977592,10,B2B
user_844,653,74,7,340.46181564195103,23,29959.437344226502,1,2,4,0,4.37789307005539,0,69.70680386310943,8,B2B
user_845,168,38,2,265.92638737094546,5,1629.871194659923,1,15,0,0,3.9172829913304974,4,28.985783803013444,7,Agency
user_846,170,66,9,81.97960002930806,8,6360.049618197577,2,0,4,0,4.326884501972743,2,7.027623588769993,8,B2B
user_847,393,5,9,99.08334266837862,14,14119.599933046165,0,1,0,0,1.8460263519094497,3,50.47978339289786,9,Agency
user_848,946,8,11,947.3821454525461,33,8806.256237099135,2,4,2,1,3.5608768174680208,2,43.832704087905924,2,B2B
user_849,795,81,0,94.5585290664902,27,36980.02778550499,0,0,0,1,1.1609634336735213,2,13.780150216901582,8,B2B
user_850,634,72,10,165.50930962196094,22,19388.511927534062,2,1,1,1,1.2757624491168804,2,49.05533369900844,0,Personal
user_851,194,72,2,317.0908955209126,7,4145.323799514524,1,0,8,4,1.8333998870786257,2,94.93757457569163,2,B2B
user_852,517,37,1,809.5182666555913,19,20185.87014501831,2,13,1,0,1.0976804105757254,2,73.13931471891301,3,Personal
user_853,29,40,10,53.32414900430977,0,480.8619232141324,1,1,4,0,3.3190600356020368,4,73.88723099457941,1,Personal
user_854,165,75,9,284.39058915801996,6,5974.310540068929,0,0,2,2,4.36162039377812,2,75.75507950822903,7,B2B
user_855,422,97,0,589.9701666056861,15,2864.115831796975,1,2,0,0,2.5197672336721144,4,16.34886443754325,10,E-commerce
user_856,339,71,7,67.60759338735693,12,14500.169613729444,0,1,1,0,1.1793617473596512,2,1.9901435400606737,3,Personal
user_857,648,49,16,1028.6432184651728,21,16308.661899141647,1,0,4,0,3.8553897985149073,2,92.46909356939317,5,B2B
user_858,496,91,9,846.4093881361441,16,16690.98584846926,0,0,6,0,4.718745809856603,4,83.01377644387733,9,E-commerce
user_859,365,91,0,590.6634680928505,13,5458.831190324779,0,2,1,0,3.8686855682330714,2,12.074177405608664,14,B2B
user_860,833,83,7,888.0697691820128,29,29545.108119001925,0,0,3,0,3.313788972011101,1,55.27435048366303,1,B2B
user_861,342,72,2,185.53961475443316,12,13594.777845997525,1,3,7,3,1.0302169971320863,2,61.500592995316715,5,E-commerce
user_862,500,6,9,853.0634769042904,17,13147.296704898972,0,0,0,0,1.061502496177988,3,13.194502911624506,3,B2B
user_863,657,92,2,973.4173353986149,22,21548.09650988695,1,2,4,1,3.778688433916213,4,6.097157502921546,13,Personal
user_864,511,83,6,1003.321024214136,18,13048.214618296055,0,1,3,0,1.9241047033771719,2,2.325043528415205,6,Agency
user_865,327,79,8,129.4318109857611,11,14791.554498629195,1,1,0,1,4.43265070872943,2,86.39517200542653,6,Agency
user_866,217,3,9,114.74150759236228,8,5946.692547722327,0,0,0,0,2.8654564753304452,4,2.4905069746200437,5,B2B
user_867,301,5,3,151.2273619172314,12,12907.29896379535,0,1,2,0,3.122542329489825,0,31.869583786086697,9,Agency
user_868,132,82,2,211.96897371943126,6,5420.031226125277,0,3,3,0,4.015746177065466,1,0.8501685466217856,11,Agency
user_869,804,48,1,365.9195860572005,27,18872.06443638354,2,15,2,2,4.117722431213373,1,78.14059261710523,5,Agency
user_870,70,60,0,15.865757366499711,3,1074.7661493510464,0,2,2,1,3.5706033323222726,2,0.19924379470646958,8,Personal
user_871,252,59,2,503.310914193199,9,5864.971383227803,2,10,1,1,4.7537272616509725,4,56.28156198177924,2,Personal
user_872,415,40,7,61.068371224500105,13,17504.609492602238,1,3,3,1,4.929193745281678,3,13.956681730832166,0,Agency
user_873,787,59,13,1327.6404431555518,27,11996.60625604378,0,1,3,1,4.787541777498467,2,55.81608582861015,2,E-commerce
user_874,445,13,13,353.4176645310769,14,12726.83782580143,0,2,1,0,4.296716741375774,1,77.03412394526786,2,E-commerce
user_875,876,74,6,1488.3847712209076,34,36156.33380461267,0,0,1,0,3.822500880977006,2,71.84162052263005,8,E-commerce
user_876,182,81,9,209.98776586081394,7,3804.9805213014224,1,1,2,2,3.65330343152667,4,74.17190058665551,2,Personal
user_877,167,11,8,302.78758911602205,5,5661.20542207527,0,2,3,0,1.4150007076821356,3,27.917384255347766,7,Personal
user_878,91,85,0,169.23876735108897,4,1460.8612957298956,1,2,2,0,2.08593738727645,0,6.655324900172996,13,Personal
user_879,714,11,8,83.74259272550073,23,7081.148579678978,0,0,2,0,1.0227528941175081,3,14.896363854845019,2,Personal
user_880,858,12,11,208.73692930344342,30,34961.17493083519,0,3,1,0,1.5496394809359675,2,95.55064850789407,9,Agency
user_881,531,24,9,305.68692226403607,19,5019.85525635105,3,0,4,0,2.7569179086767535,1,61.351398709598115,9,Personal
user_882,39,66,0,53.49627235253547,3,671.274348364671,3,6,1,0,1.5861462031562934,4,72.78996058639255,5,Agency
user_883,126,18,7,225.25236384485456,6,5478.470422725485,0,0,0,2,4.606653658707032,2,89.9064591780606,7,E-commerce
user_884,451,54,5,439.2242580637967,17,9286.59418126155,1,1,3,0,4.222796741341128,0,85.27545665512919,7,Agency
user_885,173,99,14,216.81206331935107,5,8440.158045967744,0,1,0,0,1.286447648358073,4,21.840184971911903,9,E-commerce
user_886,653,44,12,299.1717673634527,25,32054.493427329868,0,2,2,0,1.9956548618690642,4,5.80600446087537,9,Personal
user_887,754,7,11,1228.5954862189024,26,12872.60537398918,0,1,3,0,4.276287538446035,4,92.51282008634585,8,E-commerce
user_888,220,92,11,426.34315054575035,7,1505.6844002739153,1,0,3,0,4.212184506239494,2,98.1668292637757,8,E-commerce
user_889,638,52,8,389.395626479075,23,23432.366889536435,0,1,3,0,4.781802200471155,0,56.73441935139753,7,Agency
user_890,58,26,2,60.3298198663802,2,1467.074771912177,0,2,8,2,2.2905145917401897,2,88.84019148377796,6,E-commerce
user_891,660,31,7,173.98960257499274,22,6292.359465599416,2,0,2,0,4.9050802529644875,4,23.181604971475334,9,B2B
user_892,476,90,1,553.2831921051087,15,17535.13878250968,2,1,2,0,2.640551942885766,4,10.879034352797097,8,E-commerce
user_893,456,82,1,481.21157401596406,15,2919.7091349766233,0,2,0,0,2.001313775208129,1,2.6784870240319214,12,Personal
user_894,829,47,0,310.40190619266275,27,36607.687538813094,0,3,5,4,1.190098573397349,3,81.1183419483786,3,E-commerce
user_895,895,69,8,841.2335954072865,30,10059.230610038307,1,2,2,0,2.197091570976123,2,65.46536232403324,1,B2B
user_896,361,73,1,265.2623808661737,12,3873.181470240548,1,15,2,0,4.225601440525319,0,63.732016814376536,7,Agency
user_897,935,82,10,1020.5325499796687,32,12066.411937028195,0,0,3,0,3.1358189215916976,4,1.7458908225166159,1,E-commerce
user_898,1,21,5,1.2127432373147184,0,48.211986132143,1,4,3,0,4.175709100939816,2,31.749289236509128,0,B2B
user_899,387,32,0,44.946798949881156,14,14006.54440882073,2,0,5,2,1.927189269489404,3,93.94957865224814,4,Personal
user_900,973,27,2,1504.171760678843,32,39953.05268027533,0,1,2,0,3.0321092622152834,2,8.402998256971554,14,Personal
user_901,348,85,1,506.245049778983,14,7966.963876574912,0,1,1,0,3.256095174408728,3,8.109394307765802,16,Agency
user_902,190,58,10,151.2293854205545,7,3825.4738201673704,1,0,1,0,4.772432270880529,2,75.93111538080446,4,Personal
user_903,505,2,5,101.29203017828112,16,7853.649054147537,0,0,0,0,2.066390307321669,1,73.28332431922887,1,B2B
user_904,191,27,9,293.0650186879948,7,5086.169803345155,0,2,3,0,4.746752957139579,2,98.92848941001763,9,E-commerce
user_905,508,39,2,972.7350648934935,16,15154.804848591091,0,1,2,0,4.219435661862864,1,16.932792635448077,10,B2B
user_906,369,34,10,205.27028397103413,14,12335.621278854005,2,0,2,0,3.923576216346781,3,68.21933922090193,7,Agency
user_907,409,60,12,292.3109773350521,14,6777.266066095972,0,0,0,1,4.147481076740501,4,19.365511338380237,6,E-commerce
user_908,824,47,0,370.1774597727295,28,39296.09331988289,1,11,3,0,3.421700183520228,4,39.9709915871088,4,B2B
user_909,929,53,7,1111.2499513159767,30,11741.754017549314,1,0,2,0,1.9763200418499434,2,49.15606024331265,3,Agency
user_910,934,49,0,368.18153894137356,32,45256.40293543231,3,8,3,0,1.757979875359411,0,21.482754110002556,4,Agency
user_911,117,78,8,90.88191363146466,4,663.2174850020075,0,0,2,0,4.465365743401562,2,90.68107423588597,6,E-commerce
user_912,134,96,10,190.85951334766335,4,3571.187921655579,3,1,5,0,3.900557610383333,1,71.61978304673625,4,E-commerce
user_913,58,6,6,67.5247813276302,2,1160.0900574842287,0,0,3,1,1.8528171310437962,1,28.375776809249476,7,Personal
user_914,556,99,2,463.8590529560308,18,14017.067816534876,0,1,0,0,3.460373463497606,3,18.52381766641934,11,Personal
user_915,685,48,9,615.4548567525158,26,21015.735647082824,1,1,3,0,2.7901859256568953,2,28.78673284225077,6,E-commerce
user_916,672,93,13,784.9031749333394,23,16532.21613830432,0,1,2,1,1.6346206798523757,3,62.298538224308444,8,Personal
user_917,173,84,9,19.227736056509922,6,4094.582729597917,2,1,4,1,3.1274284374286574,0,82.64086383102858,7,E-commerce
user_918,829,62,2,206.56089380128088,33,31479.247011993404,2,10,2,1,2.126076369865669,4,50.316825705516045,7,Personal
user_919,815,29,2,1446.1281179310236,27,29229.51238879609,0,0,11,4,2.3657028081204294,4,10.249467350451402,5,B2B
user_920,149,60,9,36.947541811744415,5,6332.08394605036,1,1,4,0,2.8678331941816433,2,24.931486641109025,6,Agency
user_921,80,23,9,115.43414662399678,3,1299.852332462184,2,1,2,0,3.3604342083742473,3,34.514391938955235,7,E-commerce
user_922,886,19,5,1637.392245461179,32,28731.901683894517,0,1,2,0,1.187625641524602,3,63.613625371102664,4,E-commerce
user_923,213,36,5,130.84565466091058,8,6674.092017990504,0,1,3,2,2.6083709976439873,0,24.664337536167523,9,E-commerce
user_924,203,3,10,163.19854727385464,6,4392.554902322012,0,3,2,1,2.030647679346741,3,23.39283926538919,1,B2B
user_925,764,91,13,902.2463127241901,27,20530.65829061417,0,1,2,0,1.1226023628289297,1,28.620186862119425,6,Agency
user_926,229,19,8,406.5315726897482,9,4378.524986765535,0,0,3,0,1.5026501984460232,1,59.25290444535489,9,Personal
user_927,676,59,12,1277.3835362772836,23,7694.9065755086895,0,1,3,0,1.5561366352735102,1,49.26302839421671,2,Personal
user_928,227,23,8,341.67362891038994,7,3318.9793669198157,0,1,2,0,1.7314969924718846,2,84.16359533024408,9,Agency
user_929,659,89,2,174.3566025661624,21,6424.007184027618,1,14,2,0,4.213510285751685,1,69.79323144133129,7,Personal
user_930,532,48,11,729.5810204146271,18,19012.685630051572,0,2,2,0,2.757967465912557,1,66.68218719563306,5,E-commerce
user_931,441,50,12,387.8934885571035,14,15317.13511625111,0,0,4,1,1.5883439690815475,4,15.465006200461362,3,Agency
user_932,402,61,0,399.72142341127284,15,19206.469261879898,0,0,9,5,2.3629079061345886,2,5.522779861218574,1,B2B
user_933,47,35,12,9.088951257824311,1,1778.2698448639153,1,2,3,0,2.1917618349161563,1,50.999886455927154,6,Agency
user_934,233,97,7,107.88320908863275,8,1710.7006193580382,0,1,2,1,4.192062074817809,0,7.164166537153616,0,E-commerce
user_935,305,81,0,488.60263556574887,12,13661.265012174897,1,2,11,2,1.1166019528722426,1,36.401791592633636,6,Agency
user_936,526,85,1,506.286457748031,17,23049.521106925327,2,5,2,0,1.6395894411757523,2,2.61123483615886,9,B2B
user_937,143,45,1,96.26163105118314,4,3567.766264172316,4,8,2,0,2.6164647261846397,3,17.680897662985117,9,B2B
user_938,415,33,18,344.2990398213695,13,13015.992468608934,0,0,6,0,3.22124622914823,4,11.036786868922732,6,Agency
user_939,513,71,1,884.0832056385404,17,25097.7683051281,1,0,1,0,1.1183367345520554,4,10.199836555925657,15,Agency
user_940,373,5,10,568.115603634893,13,10799.728747191471,0,1,0,0,3.5105672057606925,2,34.61261525661536,2,Personal
user_941,566,93,1,349.44797812853636,19,25888.546968739003,1,0,7,2,2.3696331571178506,1,7.884651827199662,3,Personal
user_942,886,47,0,286.40259781350926,29,7740.755273892133,1,0,5,3,2.138129769447827,0,26.548020453967926,3,E-commerce
user_943,259,57,7,149.90832487104768,8,3521.7095297996984,1,2,2,1,3.6955575957855236,1,68.28080860699093,3,Personal
user_944,656,81,1,1213.23084059462,21,16291.085930387702,1,10,0,0,3.8495505422505927,1,74.56352721723555,8,E-commerce
user_945,471,2,10,567.5638509917461,15,14748.920552709173,0,1,5,0,3.5153591542347313,0,11.986512984952135,5,E-commerce
user_946,953,17,7,1061.2726139741783,32,39768.93142713619,0,0,4,0,2.367720870393689,4,77.85664399339335,9,Agency
user_947,971,39,13,1197.3865520726224,33,48037.11312118155,0,4,3,2,3.1184194162638446,1,37.055915821707806,8,Personal
user_948,12,20,12,9.545444459020548,1,269.9798080960229,1,0,2,0,2.5486308245337415,3,67.93826689350033,3,B2B
user_949,330,70,2,539.0561017403345,12,2354.1221966802614,1,1,1,1,3.8024869206387777,3,16.59391130477558,12,B2B
user_950,736,57,1,805.3634910214694,24,30214.800189141155,2,13,2,0,3.3343207449347547,2,79.35927210776393,9,Agency
user_951,784,98,10,252.30767596439782,27,25242.55176924147,1,1,3,1,1.327196455309799,2,69.71827803090463,8,B2B
user_952,968,25,15,334.17657758561256,33,13488.526932298864,0,1,4,0,3.5723742328759895,0,3.8868356672500215,9,B2B
user_953,358,7,8,400.971591451081,12,9761.686436171078,1,0,1,1,3.748953657351206,0,51.94811108895483,2,Agency
user_954,972,99,8,1826.8578787332258,34,37328.650139645106,2,0,0,0,2.4828087224587976,2,16.618117347097183,2,B2B
user_955,408,42,2,279.83456472338924,14,16184.7604105803,1,2,8,1,2.1308056798850776,1,96.99645374926902,5,Agency
user_956,668,86,9,1170.42165151612,24,18358.529464682786,0,0,0,0,4.372057419379851,4,25.583453851109784,7,E-commerce
user_957,373,33,0,578.8145422084518,14,6988.025888212901,1,1,2,1,1.7006660955989514,3,18.631029697687502,5,Personal
user_958,8,43,6,4.566749132184984,1,390.5473295338577,1,0,2,0,4.617065233943475,0,19.670215177343742,3,B2B
user_959,122,13,19,20.623785459705005,7,4251.860734151145,2,0,0,0,2.76348948598031,2,13.458913381796322,7,Agency
user_960,348,77,4,102.14141171214345,12,8132.999552963038,0,1,0,0,3.8949986105371734,3,60.09296006037103,5,B2B
user_961,676,1,10,1003.2776086336522,22,11911.691280305527,0,0,0,0,4.256388027868944,0,49.31796487415207,1,Personal
user_962,90,36,9,43.143525204950585,3,3410.967081164427,1,1,0,0,3.0204496842787596,0,37.46597341030413,7,B2B
user_963,648,57,0,521.9087573262408,22,10302.069273514266,0,1,2,0,2.596407757483263,1,4.256264519231328,5,E-commerce
user_964,698,37,14,735.1534339577206,23,8883.410753663546,0,1,3,0,4.661805474460394,0,73.5959364668568,0,Agency
user_965,316,40,9,467.1710883374778,12,9114.237901040638,2,0,2,0,1.9234142117416928,4,0.5856297898418905,6,Personal
user_966,178,73,1,56.09479970623621,7,3212.7990150795763,1,8,2,1,2.027880310876578,0,45.766158832931836,9,E-commerce
user_967,540,59,16,470.93193181467547,19,17982.39502164385,0,0,3,0,2.4464812560537483,4,63.25719807953342,2,B2B
user_968,732,13,17,747.8394020356608,24,7544.899950357251,0,0,2,0,4.437863111882262,1,43.07108356093469,7,B2B
user_969,869,64,2,979.8595653234091,29,29956.471894105107,0,2,3,1,4.755153056852304,4,5.991794182665422,15,B2B
user_970,41,56,0,67.85029396468738,2,727.6820941557605,4,16,3,1,1.8802708590194475,3,77.8249886185035,7,Personal
user_971,740,1,8,315.379542230763,26,3708.089716669274,0,0,3,1,4.4554805905249815,0,32.39439523036217,0,Agency
user_972,704,69,9,1150.95534996329,24,7541.334307117908,0,0,2,0,2.032811837874277,2,13.475555118193306,0,Personal
user_973,923,16,12,1307.400898651619,31,43392.71471838064,0,3,0,1,4.882564986999553,2,55.02658147464038,5,E-commerce
user_974,502,88,4,580.3895825829675,17,22103.541297615935,0,0,4,0,3.389631567926329,4,1.917155756401523,0,Agency
user_975,959,27,11,1370.5097326605264,31,14876.3977775238,0,0,1,0,1.0283458697895296,1,32.40636907449444,7,Personal
user_976,145,80,1,128.01088708118132,4,5803.876677159331,0,1,7,2,1.4922225643217601,4,75.0642369593401,5,B2B
user_977,201,34,15,72.95403808122678,8,6509.530060258597,1,0,3,0,1.5899381232188339,4,91.27113293641744,4,E-commerce
user_978,929,4,8,1268.0422255924,32,45233.671462161794,1,1,5,0,1.7502926312750269,4,59.1727459440488,5,B2B
user_979,724,64,6,794.139225076742,25,15792.072387619644,2,1,1,0,4.070476491306387,3,21.761158539728186,3,Personal
user_980,461,39,11,606.1283877954171,15,16441.90040666872,0,3,2,0,1.8910635056677996,3,22.000015071414648,0,E-commerce
user_981,732,75,16,543.2887046544239,28,5752.866696643879,0,4,2,0,4.87656648019944,4,60.38716642123973,6,Agency
user_982,752,40,0,1370.9309657031574,26,17169.010216267176,0,0,6,3,2.0748079558136014,1,40.67617068387297,9,Agency
user_983,925,35,4,1124.8025440215765,32,44743.91014695801,0,0,3,1,3.770070037014071,0,17.726429877590355,8,Personal
user_984,909,44,11,238.39863061876818,31,26592.01266938218,0,2,1,0,1.87126607714083,2,78.73970396737204,3,Personal
user_985,558,27,2,532.6821909448353,18,10018.654328737946,0,0,4,1,4.570825256380338,3,6.189540265501647,12,Agency
user_986,547,69,1,840.7808476950592,20,5695.469757410658,0,1,9,2,1.5592201767666698,0,32.164083464839855,8,Agency
user_987,253,30,10,407.0404838247033,10,9274.670152966724,0,1,3,0,4.457622497367455,3,6.142943877810425,3,Personal
user_988,390,72,2,405.49641609794526,13,13267.223562191706,3,8,1,0,4.825924388924908,3,70.1372113102662,9,Agency
user_989,594,51,0,1069.2121084402063,21,12965.381814628896,2,13,3,0,1.5025639084383857,3,27.52779276021472,3,E-commerce
user_990,883,70,0,537.367337080873,30,42200.65461638892,0,2,8,1,1.0942868690641876,4,23.286696234834114,7,Personal
user_991,256,13,13,225.31520633669285,9,1535.7764056200356,0,1,1,0,4.213631306358543,4,30.335828602225344,3,E-commerce
user_992,709,79,6,1281.3998982274595,23,13235.309486313403,0,2,1,0,4.464504236376682,3,87.41305329727079,8,B2B
user_993,815,73,11,1469.35352545624,29,37855.22341003715,0,1,4,1,3.3350456835119426,3,51.80185704728307,7,E-commerce
user_994,921,88,1,1292.0287741663092,30,17906.169241149208,0,3,2,0,2.4640021910020824,2,11.693857504967642,12,Personal
user_995,450,9,7,779.4283677894982,18,7358.119885567201,0,0,0,0,3.610518544300895,0,77.44808872846787,8,B2B
user_996,10,83,0,2.6866920721684204,2,290.3991844690613,1,0,1,0,2.2226562903698293,0,18.048632985512377,14,Agency
user_997,824,93,8,1436.6361347508946,27,34666.568887053545,1,1,4,0,1.9535427686138727,1,41.247614818957345,9,E-commerce
user_998,798,0,10,565.9239023114538,27,7694.000183141947,1,2,1,0,2.952580838109062,1,56.80758192478618,3,E-commerce
user_999,242,4,11,106.19682941449388,10,11479.495528042065,3,0,1,0,1.8646153104255188,1,58.444291472971,3,Personal
user_1000,251,19,11,139.2554749515219,8,10235.348192941248,1,0,3,0,2.9348144332606916,4,6.903211650727137,0,Agency
user_1001,877,7,11,784.16092490354,29,11538.041335341997,1,0,0,0,4.826426021854288,4,83.68044917030427,3,Personal
user_1002,5,42,11,2.8863240437424387,0,185.20179126958658,0,0,1,0,4.359136142469562,2,47.94307599378621,7,Agency
user_1003,119,75,7,84.38033119833042,6,2656.4539597241187,0,1,1,1,4.766523678000089,4,98.92606997178926,4,Personal
user_1004,801,0,11,285.5237579524321,28,18505.71167126091,0,0,2,1,4.225315899389434,1,71.74424079475922,5,Agency
user_1005,374,56,10,247.86320960622433,13,15052.772255746122,2,1,2,0,2.419003743785107,3,99.25689042839181,3,B2B
user_1006,65,63,12,77.17705109593716,3,3141.1455633436417,1,1,1,0,4.248180954206236,1,45.347524806510954,4,Personal
user_1007,146,83,9,137.1702186244611,5,1562.129084606064,0,2,2,0,4.691662974212856,2,14.0781407240678,9,B2B
user_1008,224,27,7,169.96350478200378,9,5359.952787738499,0,2,1,0,4.788143151348217,3,72.7309377029647,7,Personal
user_1009,239,36,9,362.8639117140155,8,6367.526994946685,0,0,2,0,3.732791402739988,4,77.77602824831163,8,Personal
user_1010,177,47,1,318.1874033795728,7,3882.323622046556,0,1,6,3,2.086787376578529,3,85.28352678824957,2,Personal
user_1011,779,71,0,1198.0237288178378,26,16626.59473187227,0,1,7,1,2.489541073407875,2,30.14490256063107,9,E-commerce
user_1012,853,36,14,623.3735379221226,28,6271.332804351883,0,0,1,0,1.588800912640623,4,51.0683984115327,3,Personal
user_1013,282,43,1,427.0721135273613,15,10109.48509493969,0,0,9,3,1.7961108901928062,0,85.7505573360398,0,Agency
user_1014,63,53,0,24.49202784214393,3,1551.6678725353286,0,0,3,1,2.8483872967710777,1,16.94654350619318,12,E-commerce
user_1015,217,55,3,75.43010649003924,9,2987.161482817945,1,0,3,0,4.41994405932823,1,2.568384305614091,3,Agency
user_1016,854,27,10,646.2144302948715,29,35630.167493468485,0,0,1,0,2.8601766142331644,2,67.09167840534916,5,Agency
user_1017,827,33,2,1351.8427324789268,28,34002.298242462835,0,0,3,2,3.6432703338393577,2,7.31547377926889,12,Agency
user_1018,795,5,4,451.609027459497,28,21375.660494880176,0,0,2,0,1.0965631084893346,1,8.333777736120584,9,Agency
user_1019,689,26,1,151.70503758926145,22,12698.462748886315,0,1,6,2,2.2368919623264256,3,93.01360795119595,5,Agency
user_1020,461,19,10,161.46438188724642,15,15542.233596647407,0,0,1,0,2.745077120170357,0,44.537229384257046,2,B2B
user_1021,929,69,1,1608.670743951562,30,16691.200036174334,0,0,5,2,2.1680155138193595,0,67.42577101274053,6,E-commerce
user_1022,610,54,0,795.5548270221063,21,9528.417687385896,0,3,0,1,1.686084752212714,2,2.189794168371133,9,Agency
user_1023,105,72,11,61.01363209231034,4,3976.681740274393,0,1,3,0,4.05820585708196,2,13.012107086388502,5,B2B
user_1024,99,36,10,114.35114474423092,3,674.6489429568354,0,0,3,0,2.4576188245449493,3,85.5843143504734,9,B2B
user_1025,511,19,6,563.3270554127727,17,4734.200991440488,1,3,3,1,4.269741076935538,2,72.43056297311568,0,Agency
user_1026,385,25,17,517.9514182293437,12,2042.6051149586929,0,1,1,0,1.3918763615802692,0,83.95923219571594,7,Personal
user_1027,405,28,12,219.93782312743375,16,4812.389573514642,0,1,1,0,3.7190263507294876,1,49.48357051738705,6,Agency
user_1028,823,0,9,1433.9669510758795,27,6670.044972591866,1,1,1,0,2.1733133328260408,0,3.348485353774455,8,B2B
user_1029,518,34,5,356.2805387991486,19,25802.1531929499,1,1,6,0,4.181532696490471,3,67.05158437106319,2,Agency
user_1030,476,69,13,675.3726678561086,16,8566.309556416598,0,1,3,0,2.6086817081696423,1,37.45324284201747,7,B2B
user_1031,977,58,10,127.6321810607425,32,11447.568177003457,0,0,1,0,3.661398529054266,1,40.24158343628837,1,Agency
user_1032,709,68,15,572.9064196804057,24,11233.985611359762,0,1,4,2,4.737221074545894,0,44.12622015063806,8,B2B
user_1033,863,32,8,662.9985885070579,29,40669.43657076113,0,1,1,1,1.0825065280550574,1,49.29096357818177,0,Agency
user_1034,645,50,14,730.5401672284843,22,18322.650473283084,0,1,1,1,1.0444671293374945,1,66.19342325659369,9,Personal
user_1035,870,77,9,207.23304071770582,30,18632.628470452597,0,0,2,0,4.081117008706854,2,72.67756762518745,6,Personal
user_1036,771,73,1,1234.5634493713762,28,34157.316632160364,1,11,0,0,3.5855722060323125,1,77.68422863616253,9,B2B
user_1037,437,84,1,224.52339970761213,15,9952.483670346723,0,1,2,0,2.1719188820177306,3,2.61484012204934,7,Personal
user_1038,23,52,12,31.886552510343847,0,461.7338699062151,1,0,0,1,2.9775868110970496,1,80.34794199207435,5,Personal
user_1039,997,87,11,1621.2247250612857,34,14284.730374193887,4,1,1,0,1.167742662395475,2,12.214920789060113,0,E-commerce
user_1040,565,83,1,659.6749125252644,19,12430.484247896788,0,1,3,0,1.7697824214449631,4,1.0233114722292225,11,Agency
user_1041,677,48,0,1020.69806880649,24,13032.78890605565,2,13,3,2,2.69798549810867,4,38.727908715946015,6,Agency
user_1042,714,88,10,969.2796995508766,24,25331.77621224927,0,0,2,0,4.336177664885929,3,52.877667576398025,1,Personal
user_1043,458,49,6,355.18202948167703,16,8258.299543263685,2,0,1,2,2.9186687314403392,3,43.37794004948859,2,Personal
user_1044,83,28,9,135.85699160559327,5,2570.841052888267,0,0,0,0,3.345450018103915,1,47.57172044082054,3,B2B
user_1045,145,59,2,95.69022740346296,4,1154.946376833622,0,2,9,3,2.34609500804512,1,28.542768512447335,5,Agency
user_1046,85,38,10,100.75088621687003,2,1156.6810243641676,0,1,1,0,2.235275654355381,4,16.995091079967274,8,E-commerce
user_1047,78,39,0,118.26794494077616,2,1819.992503355834,1,13,2,0,3.8027972844082236,4,10.489473304327191,3,E-commerce
user_1048,457,45,2,374.7474164902003,15,21553.361406632324,2,11,4,0,4.446669034713013,0,45.139883906806745,5,Personal
user_1049,878,42,10,592.8769230273884,30,19295.225955627124,1,1,1,0,1.810462802784707,4,12.526099655193867,6,B2B
user_1050,1,49,11,0.9727574193283631,2,34.88333545399254,1,1,4,0,2.42591266059133,4,24.498847254794043,3,B2B
user_1051,51,22,12,84.36066260243298,2,840.4251754571088,1,1,0,0,4.91924069555742,3,13.361588562616511,5,Agency
user_1052,685,62,2,1278.7931747340829,23,7340.809979374869,1,1,1,0,4.932874259184844,0,6.951517388893096,7,Personal
user_1053,717,37,11,814.2671333390284,24,5473.683401582817,0,2,0,2,1.8929197211757516,0,88.24611478477513,4,Personal
user_1054,772,83,12,1047.4386299687326,28,14470.064939375183,0,2,1,1,1.2657833555705125,1,67.40259530086843,9,B2B
user_1055,446,22,11,810.0340674852558,14,5394.256807813943,1,0,1,1,2.0836864452402115,1,92.37591118689178,3,E-commerce
user_1056,449,85,2,128.97031894038116,16,5760.881102165789,2,10,5,0,2.590927829214749,0,64.4012158232911,6,E-commerce
user_1057,881,92,1,476.57633149017363,29,34565.30278100063,0,3,1,0,2.764022403724655,0,17.09051288533193,13,Agency
user_1058,488,79,10,706.0920857964672,16,2787.8040379494378,1,1,1,0,3.4752252293216945,1,55.52985892696398,6,Personal
user_1059,800,48,1,1332.0915821066953,27,24081.16452647564,0,1,6,2,2.0560435040719636,3,46.26300506752249,5,Personal
user_1060,34,31,2,58.764075230155335,2,750.5759123080011,2,9,3,0,2.32139204762865,3,52.8477401003397,1,E-commerce
user_1061,348,84,10,309.2688653364814,14,9672.57299856785,3,2,2,0,4.399938141996834,3,32.0225494476775,6,Personal
user_1062,95,70,0,25.62585236368196,3,2881.0992640924273,0,1,2,1,1.3739156837065076,3,10.850621767438032,13,Personal
user_1063,72,43,1,67.088506094588,3,1375.3113300415814,1,9,2,0,1.1674987958928589,1,89.71749016706801,6,B2B
user_1064,551,28,15,296.65604248776464,19,10072.224188269352,1,1,3,0,3.016180732493845,2,78.23534464877902,3,Agency
user_1065,154,52,1,100.60408273201223,5,5852.474815890897,0,0,1,1,1.2386488933224196,4,9.014674483321008,11,Agency
user_1066,250,4,9,391.8270894978152,9,11051.866116363017,0,1,1,0,2.5699592049369206,4,95.3919085826981,4,Agency
user_1067,674,85,15,164.11998636475073,23,9211.00091246715,0,1,1,0,4.5871124674769375,4,98.54230941181098,8,B2B
user_1068,438,46,7,732.5130891874404,15,4114.065770147786,1,1,3,0,1.9659321448298934,4,49.31006097302003,4,Agency
user_1069,118,33,7,107.6834090417787,4,5357.295731941658,2,1,4,0,3.8239031004996127,1,86.46398413127812,1,Agency
user_1070,771,64,8,950.2740526692617,25,15994.623111246498,3,0,3,0,2.2094615695602675,2,0.47702561781248765,4,E-commerce
user_1071,891,54,11,240.87226225888102,31,26560.070778625533,0,0,0,0,1.1796802209685424,1,6.6655591746673455,2,E-commerce
user_1072,306,89,11,226.74056815692236,10,6480.909100040448,0,2,3,0,3.2267623256412374,2,2.2389408928777943,9,Agency
user_1073,268,42,5,72.47570796235946,9,2857.176176333379,1,5,3,0,4.339413962147007,1,77.31629973476213,7,B2B
user_1074,961,73,10,1851.7826836086178,33,30290.6469857645,1,1,0,0,2.6378737933704777,0,7.977911144323491,9,B2B
user_1075,54,29,8,88.2250452208733,2,1546.0922698002,0,1,3,0,3.4691753058323482,2,1.7050546064178551,9,B2B
user_1076,236,58,2,229.69932705343675,7,3335.7915986105145,2,13,4,1,4.600094390630904,4,14.741877335525954,1,Personal
user_1077,389,16,11,204.1646434660253,12,9854.967626638125,0,1,1,1,4.1587780509479515,2,30.629479129854364,3,Personal
user_1078,990,25,14,1854.829052974972,33,40454.01130389702,1,2,3,0,1.7755055975712772,3,46.470068189745696,4,B2B
user_1079,734,7,11,553.9744124008348,26,23171.774185653652,0,1,2,1,3.933535837460023,2,6.540328471611712,3,E-commerce
user_1080,763,80,0,309.6791306171872,28,7142.656424845268,0,2,4,2,1.366960961324508,3,49.898223355092355,4,Personal
user_1081,825,75,3,965.2601789015742,28,24470.29808463164,0,2,5,0,3.983867231544339,3,24.806146104460037,9,B2B
user_1082,401,34,2,759.1615022907154,13,14685.912610680596,2,6,1,0,2.9780622020888727,0,27.437149509762225,3,Personal
user_1083,624,71,7,66.94119241718245,20,25379.111634323497,0,1,0,1,1.5118326564332114,2,82.1902251647863,2,Personal
user_1084,767,88,14,423.71933407405237,26,25548.993226561717,0,1,2,0,3.2796377867569566,0,98.69235760523382,0,Personal
user_1085,303,84,1,570.5643065842717,11,3596.4940735135865,0,2,4,2,1.3194433868959206,4,46.386402926161765,3,Personal
user_1086,919,36,1,390.63320672929063,31,33964.2154398361,0,2,4,2,3.071686934565767,2,9.112267651410953,15,B2B
user_1087,207,67,2,65.23864952994116,6,7344.439296249325,1,1,1,0,4.515609814583481,1,19.764299058315626,8,Personal
user_1088,229,27,0,270.98845759449495,7,1396.7190287032254,1,3,4,2,2.179698298216817,1,50.044844646631645,6,Agency
user_1089,853,18,6,1482.090284413931,29,20069.934220451483,0,2,2,2,2.8141484270628734,1,73.03535711807213,2,B2B
user_1090,910,30,12,915.9228747927982,31,18184.31261310919,1,0,1,0,2.8229281651203535,3,41.37400309598838,7,B2B
user_1091,578,79,7,1150.030466690945,19,20301.407791237267,3,0,3,1,3.060747835490464,1,20.25485776581595,5,B2B
user_1092,75,13,8,104.28196718416399,3,1104.4583665493574,0,0,5,0,3.0783571133370278,4,65.48851125676258,0,Personal
user_1093,435,52,11,104.72291080943506,16,13741.31789222111,0,0,1,0,4.801548576716451,2,66.48426495367198,9,B2B
user_1094,103,47,7,204.5972481701626,3,4747.709633008689,0,0,2,1,3.597601869509974,2,46.01838500789507,4,E-commerce
user_1095,422,40,1,369.24959905035666,15,17260.26704824146,1,1,3,0,2.109827979551776,3,1.5638329427226694,13,Agency
user_1096,704,59,0,454.82962927171735,25,32711.781083339683,0,0,3,0,3.1261471878159597,3,1.620137850386436,10,E-commerce
user_1097,764,44,0,886.2174228816588,25,37461.035143145884,1,0,3,0,3.5088943316319314,3,16.431370019475963,10,Agency
user_1098,738,91,4,500.50010525121587,26,4044.3549178746653,2,0,2,0,3.559086884055858,4,65.90239862667921,6,Agency
user_1099,806,65,5,213.00102640380123,28,26616.82609421111,1,0,0,0,3.3410169049527307,2,38.39856238926968,5,Personal
user_1100,306,63,8,31.430438666233346,11,7214.798507140142,0,4,2,1,1.7109446184861494,0,47.24806779377294,6,Agency
user_1101,98,47,0,93.51242031375283,3,4281.958302377887,2,0,3,1,1.13437275631803,3,9.098913016233976,17,Agency
user_1102,850,62,13,1436.5344268959466,29,13881.912351849285,0,0,2,0,2.3513722094674177,1,64.94799454793653,8,E-commerce
user_1103,798,72,12,947.5442844523221,27,39218.76895412238,0,1,0,0,2.710088618241014,0,22.582583361918484,1,Agency
user_1104,335,54,1,669.4954457775001,11,10926.647640871988,2,15,3,0,1.2472169583043464,0,48.57140466076137,2,B2B
user_1105,859,76,1,554.062410360795,31,34969.18828315546,0,0,11,3,2.0852670385447203,3,32.845939314640674,3,B2B
user_1106,435,32,1,275.2961110241857,14,3850.6112465056895,0,3,8,1,2.1989005660385854,1,96.36057327846216,5,Agency
user_1107,447,37,2,180.37521657668879,14,5925.25535192457,0,3,9,2,1.292812138334963,3,98.22210958935474,4,B2B
user_1108,994,12,17,409.250492797912,33,38893.39629481991,0,2,0,0,1.6176404313690607,3,75.34913073380436,5,Personal
user_1109,308,72,8,197.69119598507996,12,1844.7331954650253,0,3,3,1,1.2277398277492537,1,98.39174948547723,7,B2B
user_1110,249,76,6,399.9926254189057,10,10398.117831939837,2,2,3,2,2.929264417545287,0,11.355064280773808,1,Personal
user_1111,166,30,12,302.27569176673563,7,934.1991696285786,0,0,3,0,1.7565173473028266,0,99.23246540134492,5,Agency
user_1112,481,74,6,939.23216439585,16,16628.337271481265,0,1,3,1,4.749597102311444,1,10.355591637084416,8,Personal
user_1113,984,67,12,532.6887372987278,32,21086.358787864367,0,1,2,0,1.0412135938149558,0,41.54517736790876,4,Personal
user_1114,335,97,14,594.4458877833694,15,10893.284904741926,0,2,1,1,2.65047870023614,4,23.894757015445368,0,Agency
user_1115,542,3,10,392.23709093780167,19,19686.206016464483,1,0,3,0,4.706991085380674,3,95.38459634051912,7,Agency
user_1116,759,18,12,238.62734924779897,27,15492.24111130822,1,1,1,0,2.5376728269190734,4,63.578993479914146,3,Personal
user_1117,106,69,11,185.82301999976139,5,1044.9808774886856,2,0,3,0,1.372437122401843,4,59.712753382344175,7,E-commerce
user_1118,563,97,12,736.7421973782788,21,4579.4780594023105,0,4,3,0,2.2115797714471483,4,99.74385048873266,3,Agency
user_1119,81,81,12,33.452084906875406,2,2551.671802240487,0,0,3,0,2.992041575337734,2,61.242610389075395,7,Agency
user_1120,133,76,0,121.91835877353574,5,3781.1222920986575,1,11,2,0,1.7406067493733324,2,64.61598809360338,8,E-commerce
user_1121,797,22,5,514.6943273523435,27,30604.03919212942,1,2,3,0,2.8662468205730476,4,4.477429929675902,4,B2B
user_1122,900,82,14,1349.918712494437,32,25144.288155159455,0,1,1,1,4.34537278314335,3,85.90506020335373,4,E-commerce
user_1123,138,80,0,132.68573566968308,4,3313.3883560917593,1,10,2,0,4.490471880786452,4,97.00894317421239,1,B2B
user_1124,184,26,2,364.2522688091922,7,4216.1618357959915,0,2,1,0,1.1970429388429285,4,1.324255772175218,13,E-commerce
user_1125,401,87,9,81.81020198358551,13,2482.2343573749095,1,2,4,0,1.643613432210294,2,22.11056095380688,3,Personal
user_1126,330,53,9,255.59457186742665,12,6633.024445195359,1,0,3,0,2.1011605430672167,4,22.591534397015913,2,Agency
user_1127,785,70,10,797.2540992445313,27,38402.91206455276,0,1,4,0,3.379463403550407,3,36.604712521317815,1,E-commerce
user_1128,508,48,1,536.4245070430783,16,22509.48047255125,2,10,4,0,2.4439790351698685,3,31.02100709175669,2,Agency
user_1129,852,33,0,596.6369092778688,29,16888.355090091907,3,10,4,0,4.376163653784301,4,30.561464739749557,3,B2B
user_1130,984,14,11,1461.7875697128131,32,30947.58053633896,0,3,4,0,3.8666874731317504,3,60.52167171350913,8,Personal
user_1131,69,83,2,121.57934133440459,3,2975.8563948877086,1,11,1,1,1.4018240924540328,4,80.56080068369498,5,Agency
user_1132,546,82,2,1028.4274038718352,19,13572.110453949188,0,3,0,0,3.4982300100483648,2,12.9379183378554,14,E-commerce
user_1133,774,70,11,1261.3703199213833,25,4495.472394417759,1,0,0,0,1.4520505013879137,4,6.7860478577332355,4,E-commerce
user_1134,53,14,10,90.95342586877456,1,442.70745143745654,0,1,4,2,2.0201426785458403,0,27.79784763841151,8,Personal
user_1135,450,20,13,515.7162320300962,16,12585.452607311308,0,0,3,0,1.7114825341369122,2,25.501377344295495,7,B2B
user_1136,205,29,0,342.1834641932443,7,9968.078240609979,1,0,7,2,2.3093687712451354,3,35.74396635738372,5,Personal
user_1137,126,59,15,85.25883585001975,5,4560.49810438098,2,0,1,0,3.465582099107437,3,42.4334263114571,2,Personal
user_1138,747,27,0,640.260907061608,25,6118.847775207514,0,0,2,0,3.254419690216646,2,13.510783243265907,11,Agency
user_1139,43,88,9,30.191793228975065,1,581.4132946572545,0,1,1,0,1.7041126111509075,0,95.21472093812,9,B2B
user_1140,752,32,6,743.0030248879958,25,29861.575166458206,1,1,1,0,4.960691221673727,2,43.71290560843858,5,Personal
user_1141,971,48,16,623.9658339986602,32,41621.710311288116,0,1,6,1,2.687346929473175,1,55.15925710848579,7,Agency
user_1142,883,55,1,1701.5955166702854,29,28959.094382203657,2,10,1,0,1.3882773126197465,0,74.86332804859066,5,Agency
user_1143,111,34,8,77.07893204639541,4,3773.8937323009336,0,1,2,0,1.4822760678204605,2,72.50847969865215,9,B2B
user_1144,761,79,1,217.8625976546079,27,4775.415988379007,0,4,0,0,3.335574854906379,1,1.7280672094375227,11,B2B
user_1145,663,89,5,729.9315840737058,23,28034.200294614307,0,1,1,0,4.916277613533891,4,86.08320234991899,9,Agency
user_1146,183,10,3,38.15334957538782,7,7406.446339286782,0,1,1,0,3.2878044064767913,0,62.41813089408278,6,B2B
user_1147,848,98,13,262.9071495563849,28,14124.781098983729,0,2,2,1,4.796165906466548,4,87.47588473885995,6,Agency
user_1148,95,71,9,49.099784749922456,3,3504.5929778525424,1,0,1,0,2.776531403032107,1,30.276575058250376,7,B2B
user_1149,971,77,10,953.7797760075632,33,14243.072027740292,1,0,0,0,2.743364414608048,3,13.20236769133356,1,B2B
user_1150,374,82,0,345.2681124987952,14,2548.7566104969633,0,1,1,0,3.000029437263529,3,19.169627296407942,11,B2B
user_1151,912,65,13,1476.9060584784365,30,12814.643707909083,1,3,3,0,3.789701832622221,3,38.25179079749093,2,E-commerce
user_1152,520,45,7,782.600958037504,18,6779.915716050608,2,0,1,0,2.4704638658053306,4,65.10845716412402,7,B2B
user_1153,900,8,5,819.0042827240992,30,18178.793867761313,0,3,1,0,4.455544130715828,0,73.73111964695933,3,E-commerce
user_1154,360,81,0,264.25367798173085,14,8578.881854242421,0,1,7,3,2.083942751109091,4,32.67104754272489,3,Agency
user_1155,900,84,9,631.1616207451625,30,25095.82510565717,0,3,3,0,2.7590567801137693,4,50.51633885700391,1,Personal
user_1156,696,25,13,1093.1311034375974,24,18411.93138092084,0,0,1,0,3.0439673999196715,3,89.4926515139504,5,Personal
user_1157,281,71,13,55.90145768153591,10,4827.680392431084,0,2,0,0,3.4281289530523846,4,87.97932352384719,5,Personal
user_1158,195,47,8,24.25042114367946,9,1230.9726167375036,1,1,4,1,2.104287649463453,1,74.93570775127645,0,Agency
user_1159,864,65,7,1392.3656737867855,28,27846.351072580415,2,1,2,0,2.7099198839433414,2,76.27395319435024,7,B2B
user_1160,195,69,7,196.28273230394277,7,4447.660881910535,1,1,1,0,2.9381510008562266,2,89.7684449081332,2,E-commerce
user_1161,667,27,8,232.56566688894682,22,12299.644803987305,0,1,3,0,3.747639914732853,2,73.63323872899161,0,Agency
user_1162,93,37,2,50.924500642848365,4,4093.148264245694,1,0,1,1,4.094176738943256,3,14.744934864493098,14,Personal
user_1163,672,52,2,1257.821047314738,22,25941.517627816353,0,1,1,0,3.951309309375149,3,16.26006007763519,7,Personal
user_1164,946,55,2,1639.4706483881916,31,41245.07939421487,2,4,4,0,2.366332209158341,2,0.6240497597705486,7,Personal
user_1165,61,86,0,88.36408732095842,4,1663.7277714857055,1,0,9,2,1.0025346614534407,0,8.734341585367634,4,Personal
user_1166,634,4,8,644.2885124643435,21,6905.468623176961,0,1,1,1,4.394661247148718,2,11.577077699078842,4,E-commerce
user_1167,51,97,8,55.51935937794528,1,1852.8281958983202,1,1,2,0,2.0400934925798757,4,95.01720928365695,0,Personal
user_1168,403,47,13,787.0447406669272,14,5752.147999160673,0,1,4,2,1.7804232226913101,2,67.58869606024898,4,E-commerce
user_1169,789,36,11,1526.6864724269349,27,19610.859401101407,0,1,2,0,2.256085002333562,2,85.16087004702992,6,Personal
user_1170,5,78,7,2.5450559349654256,1,39.625177513499914,1,0,2,0,2.8093794119985795,0,64.28991932734907,4,Agency
user_1171,466,43,10,764.7519830067287,16,19636.71719880994,1,1,1,0,4.403197513278455,3,41.85400284000711,8,E-commerce
user_1172,604,99,17,286.75568369326845,20,6443.066623671066,0,2,2,0,4.113449055178138,3,2.5158782461582763,3,E-commerce
user_1173,682,45,0,344.90186384202417,24,31126.062491343317,0,2,7,2,1.062789023108742,4,95.58370369750374,8,Agency
user_1174,829,42,14,1147.814138112625,29,36385.122617367386,0,1,3,0,2.087828459641314,2,7.093247205258124,7,Personal
user_1175,534,47,10,464.3141146269266,17,13833.923829475083,1,0,4,0,3.3738448898073448,1,61.01630660198326,0,Personal
user_1176,405,86,7,757.3234212684673,14,15591.110523440228,0,0,3,0,2.132996249109498,4,10.220321173051538,3,B2B
user_1177,838,69,8,225.52129990142527,27,27549.27373368256,0,1,1,1,1.4360926428779726,3,28.414767858956836,6,B2B
user_1178,513,45,9,549.8840420970129,18,21104.00120336684,0,1,0,0,3.7367909738987226,0,18.581745729879472,0,E-commerce
user_1179,645,44,1,1190.1481355580452,21,15758.143050311099,2,9,1,0,1.571990204781755,3,55.371691515887676,7,B2B
user_1180,233,25,0,423.5511174942769,9,9404.20195730201,2,13,4,0,3.6707910468258858,3,88.70753451221,1,Agency
user_1181,524,22,10,208.24048487671195,19,13524.731746396188,2,1,1,0,3.5918572196216365,0,63.56223077977161,7,Agency
user_1182,346,79,12,275.62762404341044,13,16380.8373167123,0,0,2,0,4.240993777696068,2,66.41880195062606,3,Agency
user_1183,46,46,6,58.71121036408125,3,1236.7902487080555,0,0,0,0,1.5582184182542576,2,90.89314962133027,7,E-commerce
user_1184,546,86,0,219.9562534618526,20,14096.555511411734,0,2,11,3,1.7089770976966285,3,74.94252279711053,0,Agency
user_1185,945,81,1,1832.5838099081238,32,38110.180912988384,1,0,2,1,4.997106103784948,4,11.8230458593018,13,E-commerce
user_1186,78,35,17,143.36585051743927,2,3273.737698080541,0,1,1,0,4.404169794343609,1,41.63920918598654,8,E-commerce
user_1187,730,74,6,304.55989832080877,24,21864.96740545046,1,3,3,0,4.0072483053106644,4,86.53563377721201,6,Agency
user_1188,813,50,9,268.44884100984416,27,10642.903006717333,0,3,4,1,3.6486614187788304,4,64.58613885658445,2,Agency
user_1189,923,97,1,242.08085630085483,30,24043.338122823065,0,0,7,1,1.1291928382856138,3,13.560778274133812,3,E-commerce
user_1190,73,67,7,133.43983620188075,5,3545.1181720582936,0,1,1,0,3.922000671566409,3,3.871250836706608,9,Agency
user_1191,794,20,13,371.5008794574321,28,30874.19667729009,1,3,4,0,3.896712140561813,1,24.403441368578438,6,B2B
user_1192,249,12,8,221.84439969433421,8,10334.076976465676,0,0,4,0,3.525993130749153,1,37.83496488266912,5,E-commerce
user_1193,47,47,0,44.78242695272387,3,304.42593000269284,5,8,1,2,4.185113513191314,1,83.75678660808568,3,Personal
user_1194,121,50,2,149.81263906469917,5,3152.4947740430002,1,10,2,0,2.7950555537073387,3,74.12445570252967,2,E-commerce
user_1195,214,33,13,50.56759076770299,7,7296.961517122259,1,2,3,0,1.4850108485295626,3,95.53757278069176,1,Agency
user_1196,239,77,6,126.8710881615743,8,10122.001512419944,2,0,2,0,3.2362709104369496,4,55.9174798746506,9,Agency
user_1197,56,48,2,104.71057716817373,1,404.1696070285841,1,3,3,0,2.0601741148453705,3,17.982105853109505,17,E-commerce
user_1198,350,29,0,639.0927213335987,14,15175.9124488595,0,0,2,0,2.537732389716601,2,7.131221199701709,9,E-commerce
user_1199,107,26,12,169.53638861757724,3,3175.550510412305,0,0,8,1,1.069659615764904,2,67.95778928953071,6,Personal
user_1200,831,28,13,113.73262670660036,28,11533.555929691762,1,0,2,0,2.5311623516715334,1,70.61512025362862,0,Personal
user_1201,48,27,10,34.623017286844515,2,925.2712675313519,0,2,1,0,4.235204424541818,3,84.84153284195612,7,E-commerce
user_1202,573,34,6,740.9586751678238,23,10134.553491913994,0,0,1,0,3.1708894677530193,2,53.64035108750838,0,Agency
user_1203,337,7,14,209.90429259855645,13,9735.477254984737,1,0,0,0,1.0392021077358842,4,64.9005147595177,1,E-commerce
user_1204,26,15,12,47.533582735656594,2,190.47224549602424,2,2,0,0,2.879375280959389,0,20.304881010489883,0,B2B
user_1205,804,35,12,1048.7295418952383,27,9755.838214527234,0,1,2,0,2.1658065905816297,4,73.67590901264514,3,B2B
user_1206,257,29,7,60.81205006562039,10,10683.795046640924,2,1,1,0,2.9102026215886845,0,83.84117226401352,1,Agency
user_1207,8,17,4,14.616884950302687,0,87.73743666885198,0,2,3,2,2.618770885791508,4,59.37377461864164,0,E-commerce
user_1208,625,86,1,1199.8479065842644,20,9689.27007850982,1,0,7,2,1.1907188887395306,2,11.567446237419821,0,E-commerce
user_1209,867,48,15,214.7156668166894,29,22023.254177646195,0,1,1,0,1.1647091958520632,3,31.2857356311943,1,B2B
user_1210,253,76,10,281.20556489783405,11,7152.4213111702675,1,2,1,1,3.734352045127729,0,47.551465101129,5,E-commerce
user_1211,692,3,7,468.0633582551913,26,27238.830335184903,1,0,2,0,4.4041063852069655,3,67.71623914028342,1,Agency
user_1212,719,89,10,608.5574623812438,25,18068.440664784506,1,0,4,1,4.836954338601902,3,32.03271078652254,1,Agency
user_1213,303,88,10,133.7252061768903,11,12284.804107819573,0,1,2,1,1.7105449061771836,2,84.02910513391141,7,Personal
user_1214,639,93,7,765.7373390532701,22,20975.54805909213,1,1,2,0,3.1252192078647756,1,37.178979136540356,4,Agency
user_1215,56,76,2,107.52900318568196,1,565.0113433480326,1,12,1,0,1.1743583092688477,1,4.283634794696079,7,E-commerce
user_1216,726,33,1,766.5383448146575,24,8737.348092294038,1,1,7,5,1.3312747247631305,0,79.3994416669835,7,E-commerce
user_1217,526,94,12,135.46483264564446,17,12974.588281396074,1,0,1,0,1.5018323581639277,2,64.42231695110412,1,B2B
user_1218,474,73,14,605.773200929754,18,10835.650754589215,0,0,1,0,4.351586698794854,3,80.19564947306976,6,B2B
user_1219,28,38,7,20.899863304806875,2,1076.865779742991,1,2,2,1,1.4554800104214594,4,34.88898132668935,8,Agency
user_1220,983,63,1,1696.911476599667,34,30603.90737893586,2,13,2,1,3.053153441545981,4,1.763019215264583,7,Personal
user_1221,78,30,15,72.21930158050088,4,1752.3471143178951,0,1,4,0,3.084384275971015,0,7.3752923657827925,8,E-commerce
user_1222,216,70,9,100.7413755098976,7,2739.789955137748,1,0,3,0,4.886601991726422,0,11.180078070082722,7,Personal
user_1223,386,62,11,178.7568636816857,12,5870.16046739385,0,1,4,0,3.6199227761555526,0,80.51475781557016,3,E-commerce
user_1224,365,55,13,569.6379593301247,12,11277.604228354294,0,0,5,1,2.1513611723072077,2,30.14347543601573,9,Agency
user_1225,666,41,9,402.6745468981332,23,16020.46098284678,0,3,3,0,1.963197239752554,4,99.78985094224628,6,Agency
user_1226,526,36,1,819.3730541227275,17,14818.334134732107,0,1,7,2,1.0089116078120046,2,75.83883964968852,8,B2B
user_1227,699,67,2,343.3389374291206,24,8863.658727431759,0,0,1,0,4.026058896196238,2,8.134149419435822,14,Personal
user_1228,312,29,1,221.8956793661362,10,10867.203782917704,2,10,3,1,3.7630266247293545,3,98.36194119964247,3,B2B
user_1229,883,35,14,869.2474936620837,29,38290.62686791185,0,0,2,1,3.439508509232424,2,31.63091883165179,6,Agency
user_1230,7,83,3,13.244504800922893,1,116.25094463787369,0,1,0,2,1.1633617717999534,2,16.561556912117116,5,Personal
user_1231,3,67,12,5.6108691210968,0,81.3544204872966,1,3,4,1,4.0513154655771775,3,73.72729696513153,2,E-commerce
user_1232,623,6,12,307.1742389373621,20,30463.908669100983,1,1,3,0,3.567550308593917,1,27.808337878964164,9,B2B
user_1233,919,50,0,717.3862679145294,32,18376.21218047534,0,1,5,3,1.8924349308373976,3,96.10369280667572,5,Agency
user_1234,750,0,12,287.8941285466255,26,23832.814141176943,1,0,0,0,3.3488085195072483,0,98.8069312250171,7,E-commerce
user_1235,363,43,7,388.036709202519,13,3288.3467627709915,2,1,1,1,2.2158076266468325,1,92.64043950253537,1,Agency
user_1236,751,44,12,732.3052415862197,27,24235.277008792786,1,0,6,0,2.526082208757281,4,94.47617629095447,2,E-commerce
user_1237,508,46,9,920.2137087974469,19,4588.982337743565,0,1,1,0,1.70336282151293,2,61.565481741636,7,B2B
user_1238,274,12,15,511.56079967803237,9,13197.372917542727,1,0,3,0,3.8916567288055406,1,69.211864956863,3,E-commerce
user_1239,506,21,12,419.3616897144106,17,18825.63858768653,0,1,2,0,3.8308866400869013,4,9.424615777269441,3,Personal
user_1240,806,20,9,833.6474859392804,30,32616.55551568207,0,2,4,0,1.802600061910705,3,76.30501597286889,1,E-commerce
user_1241,739,85,7,1332.3053174260854,26,27109.990517460785,1,1,0,0,1.6339572927291144,3,20.206336307689444,9,Agency
user_1242,883,91,7,1441.7136890538898,30,27847.88324849837,1,0,2,0,1.3080197328087784,0,84.03260597043828,0,E-commerce
user_1243,15,8,14,1.6042048733225045,2,378.6911272327161,0,0,3,0,4.647902974727034,0,96.15318206110014,6,B2B
user_1244,192,25,6,135.9577290141709,8,8376.34600113558,1,1,1,0,1.9322793347794045,1,21.237762916547332,3,Agency
user_1245,985,8,11,887.8504937834596,32,47336.74096384627,1,1,0,0,2.376654107007216,2,7.803111760562132,5,Agency
user_1246,631,14,11,338.5068525078265,22,17325.13212961139,0,1,1,0,2.1220180335099625,3,48.389013926788984,7,Agency
user_1247,485,9,11,232.40524404810756,19,22755.752447813593,0,2,4,1,2.654498410443164,1,79.15493719483091,6,Agency
user_1248,28,93,1,4.810135750890158,1,874.999466585532,2,8,2,0,3.8561951975299333,1,77.06401699435229,6,Personal
user_1249,714,39,0,944.1953690296373,23,20868.2839249824,3,12,1,0,4.482382534905138,1,69.68185056565842,5,Agency
user_1250,39,36,0,23.352012524802575,2,992.617196336651,0,0,4,1,1.4415410317064556,0,82.06959902347411,3,Agency
user_1251,953,23,10,190.0850359855786,31,13740.30565321919,0,0,2,0,3.7456493749646604,3,17.498835259515268,3,Agency
user_1252,273,45,2,147.1089683709066,11,1410.6960331498572,3,10,1,0,2.4102485689699407,0,65.19377578859459,8,B2B
user_1253,231,68,2,375.060033899776,9,3665.4572281687565,0,1,6,3,2.025120995562993,0,60.56793158976498,4,B2B
user_1254,86,25,14,147.73333228104573,2,2402.6286741057975,0,1,4,0,2.1956766371363075,1,15.343172375969317,8,Agency
user_1255,474,90,9,482.44946042108836,15,10474.545781700523,0,2,2,0,1.0287718240314399,4,41.44270706385477,8,Personal
user_1256,126,36,12,112.20731849583946,6,3172.9112427749337,1,3,2,0,3.0625598960793807,4,85.25297193095474,3,E-commerce
user_1257,812,67,11,1589.832678334549,27,39892.88594287037,0,2,4,0,1.602924337103751,4,97.18018040481599,1,Personal
user_1258,537,49,7,258.33612217770775,22,11149.331837224301,0,0,1,0,1.1779777072735964,1,66.54301775773519,1,Agency
user_1259,145,23,8,73.83148242644464,5,3675.493679324704,0,0,1,0,3.793076927790834,2,92.19410419862444,8,Agency
user_1260,525,66,0,343.6375090938087,18,5779.304900710363,0,2,2,0,3.929037130033826,3,2.844171896294536,14,Personal
user_1261,212,99,6,90.78664780362197,7,1517.516767448862,1,2,1,0,2.84279605246601,1,97.50605256429472,2,Agency
user_1262,25,59,10,20.519865914698862,2,997.3357039165566,2,1,1,1,3.707542067026309,1,3.3506499180713467,4,E-commerce
user_1263,580,78,1,1061.7393181427087,20,17794.830869378642,0,3,8,1,1.277329745413043,0,52.725927347110144,4,B2B
user_1264,394,36,0,500.0493934945507,14,15457.296211158258,0,1,8,3,1.9433102054202729,4,29.100832947081912,1,E-commerce
user_1265,67,62,1,59.14079563834116,2,786.8363386429531,1,0,3,0,3.386815892751845,1,11.653080414277015,9,E-commerce
user_1266,233,69,2,436.96365875667675,8,7160.624665850515,0,2,6,2,1.6741014207131004,2,21.75436320975107,9,E-commerce
user_1267,109,18,12,20.936942545742802,5,1789.116336644447,0,0,2,0,1.798522594692685,3,1.1530036733138793,0,Personal
user_1268,146,35,11,72.93061174997634,4,2228.366137033131,0,1,6,0,2.074826480146801,2,41.46094592361932,1,Personal
user_1269,111,92,1,130.445906815961,5,612.5724401946613,0,1,1,0,2.759852598030768,1,2.275659947609656,15,E-commerce
user_1270,228,96,10,289.4573963672852,8,2477.2958238186775,0,2,2,0,2.7845120376767456,1,29.009256918774906,0,Personal
user_1271,111,54,13,19.44267813405511,3,2099.7942169409785,2,0,4,0,4.097646846347617,0,64.37476916666982,0,Agency
user_1272,470,68,5,406.913610811069,16,4821.985786498361,0,2,3,0,2.469574636918128,2,29.470317661656598,8,B2B
user_1273,34,46,11,45.33534612807438,6,1678.3634138287343,1,1,2,0,1.6500206242367295,0,24.579322732123266,1,Personal
user_1274,623,48,8,888.6061057777065,23,11767.516301368956,1,1,0,0,2.0058638819643035,2,15.549566307033958,3,Personal
user_1275,776,98,15,1018.4734722699874,28,8430.9122188453,1,0,5,0,1.8589340095369136,4,13.517227408451838,2,E-commerce
user_1276,936,88,2,663.6896382034682,33,13065.347016313579,0,1,6,1,1.1192739010462496,4,52.58573731814192,3,B2B
user_1277,369,32,12,102.46695865449435,13,11603.812106610218,1,4,1,0,2.8813584585039282,2,68.15070229434714,6,Agency
user_1278,748,20,10,681.8122088511576,26,5895.705013288782,0,1,2,0,3.8345227918839337,0,45.27332057356356,9,Agency
user_1279,595,35,2,205.05689144458674,19,26066.673834529473,1,7,2,0,2.6648787230305078,4,12.36030990478505,1,B2B
user_1280,554,21,9,1052.8686629588542,19,26740.18700338208,1,1,4,0,4.558942410015621,1,64.77562995215263,1,Agency
user_1281,425,46,2,426.2004743132723,14,6844.044420263659,1,3,3,0,4.934081230890938,3,12.68104914359462,16,B2B
user_1282,613,36,10,430.81176037344363,21,15480.877984078856,0,1,2,0,3.6793700348104466,0,38.1275455265447,5,E-commerce
user_1283,518,14,4,805.9964667952214,19,3105.9540534975768,1,1,2,1,4.455250228944875,2,33.00468771260135,6,Agency
user_1284,692,34,5,723.9028095271606,24,23411.71639800568,0,1,1,0,3.0317330686882507,3,18.3152891150142,4,Agency
user_1285,282,91,5,194.31623006587074,13,6662.721676687353,0,0,1,0,4.738483361415632,3,14.62994588314569,4,B2B
user_1286,320,70,9,525.6763873736074,10,5488.841911862402,0,1,1,0,4.326345942691312,1,33.877169446869935,3,Agency
user_1287,738,31,8,1289.7207461337732,25,10559.060443577568,0,1,6,0,4.967114287064156,0,4.163112410345526,7,Personal
user_1288,443,46,0,610.7709735651795,16,15252.95005312739,0,0,5,3,1.714381253822388,3,43.66274128013073,6,E-commerce
user_1289,952,35,2,180.1492472509886,32,22590.737609424352,2,14,3,0,4.116826961072914,0,60.15739292849359,9,Agency
user_1290,315,47,0,370.4442437796695,11,4121.670421999002,0,1,4,0,3.171472559912854,1,0.7046981862554258,9,Agency
user_1291,877,77,14,1359.5783118610702,30,31580.68990087751,0,0,3,1,2.0364804170856914,2,62.582814327773704,1,Agency
user_1292,966,76,12,347.1376283782067,32,29393.692143605072,0,0,3,0,2.419020684519031,3,62.40760468558998,5,B2B
user_1293,741,56,11,396.0455508743831,25,32337.41967162405,2,0,0,0,4.5760216589252645,3,37.44148056036056,0,E-commerce
user_1294,377,79,1,669.8312437603062,14,3877.9786244397023,0,1,6,3,1.1646688621872574,3,13.33171562810509,6,E-commerce
user_1295,289,1,8,39.94883746952295,11,11662.594158287653,1,1,2,1,3.3659195442976326,0,44.69376532558422,7,Agency
user_1296,437,63,16,668.6893425369078,15,15429.707612761396,0,0,2,0,2.4899361300164347,3,59.8676319067514,9,Agency
user_1297,662,34,11,662.1120473246411,23,6736.175808109033,1,1,0,0,2.546770152022223,0,72.4033596655804,7,B2B
user_1298,277,6,7,262.8361871972851,10,10045.940397851,0,2,1,1,4.538284825655069,4,82.60867738954309,2,E-commerce
user_1299,710,84,14,80.57322233560281,24,17657.43587971058,2,1,0,1,4.415289498184906,4,25.59280920681215,6,Personal
user_1300,582,17,10,964.2905638027478,21,27659.151533707533,0,0,6,0,3.3953695022898747,0,24.122007522788746,0,Agency
user_1301,503,66,9,394.18465753836654,16,5720.372921236151,0,0,2,1,2.0916753896173357,4,56.529986310451804,2,Personal
user_1302,624,41,16,703.5317324699237,21,21170.761614105922,1,1,5,1,2.901825384648096,1,56.60151831344293,5,Personal
user_1303,516,79,2,715.6255928834805,18,11449.576655649604,1,10,4,1,2.633173575156864,1,21.794779670277432,8,E-commerce
user_1304,350,40,13,502.248668331214,12,16819.831061806326,1,1,1,0,2.414472116809981,4,58.74753103512731,4,Personal
user_1305,843,74,14,1615.49326022172,28,16732.59765283664,0,0,4,1,1.4111423142291857,2,34.58788499743949,4,Agency
user_1306,446,23,15,494.8574763727026,14,21541.07120350043,0,0,4,0,3.1724555468612814,0,63.93149188786329,8,Agency
user_1307,830,59,6,713.3577318866722,29,37820.49653861298,0,1,2,0,2.2073251914979344,4,29.104471367220164,8,B2B
user_1308,350,45,8,669.2129116169858,13,6008.535956142837,0,2,1,0,3.6432317717101137,0,59.22917920715764,5,E-commerce
user_1309,607,18,13,801.2457340549336,21,24983.74363401387,2,0,2,1,2.276815743302123,4,76.83100412369231,4,E-commerce
user_1310,664,67,7,442.5464894785025,23,33068.65354988876,0,1,2,0,2.724653972539207,1,98.0158775701938,9,Personal
user_1311,823,72,2,280.0521405375642,27,13472.374285413443,1,13,2,0,1.2094414967776301,2,91.10680564717572,1,Agency
user_1312,137,41,6,233.0169367313867,4,3377.731248878266,0,0,4,1,4.97015227962191,0,50.35387473274523,7,Agency
user_1313,759,31,13,598.202089389446,25,21561.773057437676,0,0,0,0,3.0304415331007033,2,48.83490833176181,7,B2B
user_1314,899,38,11,1218.0483310625848,30,16426.43909894533,1,2,1,0,1.0969503766566913,1,43.77000059357488,6,Personal
user_1315,243,35,5,241.67594082123517,11,1381.9210215293353,0,2,1,0,3.1649226350445763,3,2.7750597988638437,7,Agency
user_1316,543,83,1,259.53585381454104,19,8093.858081966564,2,11,2,1,4.481415997222599,3,16.595449748626166,2,E-commerce
user_1317,40,35,14,49.728182255155346,1,707.4863918151652,0,0,3,0,4.090208537064811,0,5.918908830405578,2,B2B
user_1318,229,2,16,49.30320330044188,7,5716.294922083919,0,0,0,0,3.8036267365178165,1,69.63550847753208,1,E-commerce
user_1319,548,72,16,485.1721692178853,19,6959.38711767449,0,2,1,1,1.5578586183961396,0,41.32346502181655,0,B2B
user_1320,920,98,2,1047.4829145320969,30,40752.73036703524,0,1,6,2,1.7429375970260685,0,6.376987806540956,2,E-commerce
user_1321,223,96,8,207.05310293404196,7,8188.783216958958,1,1,0,0,4.065193512049041,0,69.057507765387,2,Personal
user_1322,6,31,0,9.134862797861295,0,53.00412894110873,0,0,1,1,3.2896762558619863,2,10.946556641955054,14,Agency
user_1323,322,78,1,538.7244871908222,13,11029.839617017606,1,13,2,0,4.570996018081406,4,71.99628306904971,9,E-commerce
user_1324,468,67,4,732.5893414303019,15,16106.005393102365,1,0,1,0,2.1079591271395417,1,59.98341177615691,8,Personal
user_1325,732,12,8,127.18104781665438,25,35157.9254598211,0,1,2,0,1.9685787989570023,2,16.15395599472841,0,E-commerce
user_1326,75,48,9,35.16334978855104,3,385.19544082704425,0,1,3,1,4.478278979770584,4,6.139229774216881,7,Personal
user_1327,4,59,9,4.478217070404685,1,64.6278409650453,1,2,3,1,3.5015929719658097,0,81.71409702270373,0,B2B
user_1328,847,1,7,1589.1091096862094,29,39597.77223639015,0,1,2,0,1.0057888820839973,3,21.5808998965866,2,Personal
user_1329,646,59,13,1089.4259456989682,22,30327.13292062809,0,1,2,0,2.41252563404421,2,54.2529240474183,3,E-commerce
user_1330,118,66,2,200.69623677247392,5,4416.3138868580845,0,2,0,1,4.431423943258698,1,2.3731174100558072,16,Agency
user_1331,881,25,0,595.6401955343198,29,34763.68686292972,0,1,4,2,1.334459961201369,1,92.10525404365141,0,B2B
user_1332,606,26,4,555.0663086964181,21,5524.740262741477,0,0,1,0,1.0129917130460355,4,55.243976085429836,1,B2B
user_1333,504,31,10,501.1480151497416,17,14174.703932770339,1,1,2,2,2.125037162100519,2,58.001688538715065,4,Personal
user_1334,998,57,0,398.20799634810015,34,15390.392138788962,2,7,6,0,4.656000148037112,0,31.950503371581274,5,E-commerce
user_1335,947,7,14,150.60088674885026,32,12457.6069285943,0,1,1,0,4.605910325880066,4,95.86947017686612,4,Personal
user_1336,574,73,0,1090.0923021516396,19,23800.134216355676,0,2,1,0,3.0750477832060317,1,7.660699120395503,8,B2B
user_1337,441,49,9,245.79307552745232,14,4884.8318224254635,0,2,3,0,3.2129474845584904,2,0.4980383591258075,9,Agency
user_1338,194,66,9,107.8451659125305,7,5061.328790978443,2,3,4,0,2.3280320452687553,3,55.60822637349633,6,Personal
user_1339,847,43,12,218.8819112300647,29,40008.90960182165,0,1,1,0,1.9749466481112394,0,36.386538830520124,0,E-commerce
user_1340,715,57,9,1332.8777810156232,23,9554.146387814897,0,0,2,0,4.2608874168484725,1,3.2112204298832214,1,Personal
user_1341,392,2,15,470.98820320714213,14,19211.80399474246,1,0,2,1,1.4251794419985657,2,43.15497855070844,8,Personal
user_1342,26,85,11,35.55162074199249,4,1293.3169433404391,2,2,1,0,2.949417483514543,3,77.35664883786298,3,Personal
user_1343,435,69,14,796.918297322913,14,13051.205802908036,1,3,1,1,3.537589037988338,1,50.37894579563624,7,Agency
user_1344,173,1,10,130.9053495176895,7,2189.561232279174,0,1,0,0,1.4147211614841169,3,63.94590861399947,8,E-commerce
user_1345,300,86,5,384.25916734870793,10,5767.415987202092,0,1,1,0,3.0784283818893847,1,63.9741465720317,6,E-commerce
user_1346,645,43,10,112.04873177025158,21,15545.904468436434,1,1,2,0,3.3100851516497727,4,67.10193024834268,0,B2B
user_1347,326,49,1,148.2869039863615,11,6167.786371335131,3,13,3,0,3.9699842420294593,4,38.75961945685754,4,B2B
user_1348,410,80,14,688.5404821650652,14,7227.726448721717,1,0,2,0,1.9393441965901315,4,37.0004839056845,5,Personal
user_1349,118,34,13,183.70946549105489,4,5752.539755938858,0,0,5,0,2.173310013163033,2,0.45845313452752556,7,B2B
user_1350,836,97,10,640.5608511105321,28,9949.58480738035,1,0,1,0,3.2780845865321337,4,15.422246052892108,9,E-commerce
user_1351,787,86,10,642.1449317107798,28,29905.80788720768,0,1,1,1,4.932505639926457,2,95.08102127815516,7,Personal
user_1352,724,71,2,806.3574787963039,25,3633.3672299283176,0,1,1,0,1.8699727312804577,0,5.691158934752241,14,B2B
user_1353,225,7,6,22.603029502895023,7,7161.349527699066,0,1,3,0,4.943615308493856,4,27.5108437389903,8,Agency
user_1354,532,21,13,297.04977486723857,18,24587.675514660015,0,0,2,0,3.857370132217925,2,40.11919489257833,3,B2B
user_1355,113,43,7,56.007369308183634,4,2029.1448684640188,1,2,0,0,4.304328278520092,1,93.99213233846329,5,Agency
user_1356,140,57,10,80.62846383543707,5,1868.8136441236309,0,1,2,0,1.3585650729453569,2,25.044447955357718,2,B2B
user_1357,559,35,15,911.852595354768,18,19188.00524016683,0,2,2,0,2.201680749722529,2,53.25329692889299,0,E-commerce
user_1358,1,68,3,0.631380327438242,2,37.06706332842769,0,1,1,0,1.2309451186039242,1,2.207978405540456,5,B2B
user_1359,90,76,12,41.75014607057534,3,3236.5236017555244,1,1,0,0,2.486187980012701,2,61.97348363528066,0,Agency
user_1360,654,92,7,691.997776381421,22,12667.49577902904,1,1,1,0,4.925158639680207,1,93.0073598174395,8,Agency
user_1361,320,30,6,558.312182114621,10,5231.714591094365,0,1,3,1,1.421092248825354,3,88.47433848400222,5,B2B
user_1362,550,46,11,307.21044051018737,18,26408.990299060595,1,0,1,0,3.249491129484798,4,50.19692206275332,0,Personal
user_1363,805,88,2,200.6211833515856,28,37471.52468707819,0,1,9,1,1.510355697794707,0,64.9641972277166,2,Agency
user_1364,894,79,10,694.7890843142404,29,22867.84721598816,2,0,2,0,3.850731264176251,2,56.97981940132855,0,E-commerce
user_1365,139,61,9,211.35484686761063,7,5987.942632795606,0,0,3,0,1.7887707694881643,1,6.697424415417553,1,B2B
user_1366,511,29,15,585.7654498441761,18,12956.178368200637,0,0,2,0,1.5183381484990517,4,15.872348687674586,5,Agency
user_1367,868,46,1,1433.8556251020138,29,20916.635045912255,0,3,6,2,1.2415428506798922,2,96.38173147697597,6,B2B
user_1368,845,15,9,1625.1251929866253,29,10185.911082463179,1,2,1,2,4.084177191755926,4,25.596869687167324,0,B2B
user_1369,259,87,1,415.96920480947074,9,6264.762588413943,0,1,1,1,1.4264523452448432,3,5.429757722851116,17,Personal
user_1370,673,94,2,839.3829969175075,24,19640.671985495155,1,1,9,2,2.489570971391581,2,50.89443079545072,4,B2B
user_1371,902,15,8,935.6888136041697,31,5423.450650330384,0,0,4,0,1.0338576864692381,1,97.91321293933414,5,B2B
user_1372,690,11,11,121.5305722025776,25,17239.70881069637,3,1,2,0,4.873659450782473,3,68.99935062297764,3,B2B
user_1373,10,7,6,19.702117597466785,1,401.6102982778401,1,0,3,1,3.3685823999554554,2,62.959849773036524,5,E-commerce
user_1374,261,83,10,216.26828868496355,8,9292.140932115799,0,1,0,1,3.879598545538798,4,52.43999724408594,4,B2B
user_1375,919,2,8,357.7056843202412,31,30861.91727446803,1,1,0,0,3.605532684624058,3,70.06744145945572,6,E-commerce
user_1376,650,15,17,888.385436414624,23,29854.49628178817,1,0,1,0,1.5774582354786975,1,66.40158905283467,3,B2B
user_1377,172,29,17,110.10541287639609,6,999.5677560472803,0,2,2,0,3.3797597559759764,2,90.2840892260982,0,Personal
user_1378,898,85,1,1089.2548858625535,31,27000.29295802818,3,9,2,0,1.5256623805650484,4,54.183530536462264,1,Personal
user_1379,13,91,7,15.793167323761402,0,525.5990763196787,1,2,2,0,2.6049458158525116,4,42.15025881904898,5,Agency
user_1380,168,4,12,159.07695883219583,5,4932.495493221581,1,0,2,0,3.275852543701172,3,80.71620280638713,9,B2B
user_1381,642,41,2,1084.097487241843,23,12567.342514047155,0,0,0,0,3.2355244564086236,2,8.097190668222794,10,Personal
user_1382,596,88,2,359.64870050538366,19,6634.240155766846,0,0,5,3,1.6316727563014446,4,16.983643801208746,4,Personal
user_1383,321,29,10,305.72101762765607,12,14425.848572384884,2,0,1,0,1.1377438785860887,3,23.679199785645565,3,B2B
user_1384,319,20,7,357.7951991389878,11,8352.79414272404,0,2,0,1,4.192937255495256,0,95.86382612997058,6,Agency
user_1385,613,52,0,834.2237122776739,22,27287.807708850574,0,1,1,0,3.9036897479840214,4,14.307894932315318,8,E-commerce
user_1386,329,26,0,522.9608037510441,12,10318.540672623058,0,0,1,2,1.3272756182589522,3,13.654646668436644,13,Personal
user_1387,785,78,0,667.3550624129189,27,27740.8365194249,2,8,0,0,1.5096620752062138,0,31.016012457980978,7,Personal
user_1388,777,51,2,1031.4591035698047,26,32005.991262842505,1,7,2,0,4.570335105558481,3,48.10710228973535,6,E-commerce
user_1389,971,71,13,374.962147316111,33,33656.80152130287,2,1,2,2,4.07651560648712,4,74.3356607195656,1,Personal
user_1390,911,31,13,1705.4205972289762,30,20873.25819363305,0,2,2,0,4.984641184866696,0,48.23450974636753,0,E-commerce
user_1391,920,32,8,761.5867936239141,31,25864.42209464615,1,0,2,0,2.015949796820087,3,31.47846799586652,4,E-commerce
user_1392,550,15,7,817.3498859653781,19,22625.376735728027,0,3,0,0,2.9512119554752596,2,9.600100439437654,6,Agency
user_1393,419,75,10,58.09353528640162,15,9140.176338112617,0,1,3,0,1.9458383042494227,0,92.8261520537591,0,E-commerce
user_1394,606,37,10,296.85247634059476,20,13614.072126076915,0,3,0,0,3.491200553909239,3,87.16578228018956,7,E-commerce
user_1395,95,97,14,97.41839925040584,6,884.0752461479549,1,1,2,1,1.461656956365272,2,79.13649433497221,2,E-commerce
user_1396,817,13,11,1445.0113056609216,27,37709.69676092755,0,0,0,0,1.5089726909721324,0,69.4070963842565,6,E-commerce
user_1397,581,35,9,640.1369600305525,20,5285.144454248574,0,1,4,0,1.2875515656204906,3,51.550988445058344,2,Personal
user_1398,318,26,1,593.6277454019618,11,10865.873329288836,1,1,0,0,3.774344329056668,4,10.917276072024212,8,E-commerce
user_1399,956,22,14,974.3686829529912,33,22555.626478096357,0,1,5,0,2.976290309732827,0,79.170151279705,7,Personal
user_1400,236,65,7,243.51737497639996,9,5487.677924512798,4,0,4,1,3.47092486541852,0,81.60108418244626,1,B2B
user_1401,946,84,9,309.83287765085595,34,33658.521682899154,0,0,0,0,4.517204186357436,2,30.95504729994665,5,B2B
user_1402,334,1,10,542.7656525389987,12,2678.418801427077,0,1,0,1,3.9613139390214345,3,42.34582734023983,9,E-commerce
user_1403,885,90,8,503.77234106336556,30,28069.332806040882,0,1,2,3,2.846891672666764,4,70.68022641232585,8,Agency
user_1404,376,63,0,680.2831624075818,14,14942.777818652243,2,0,7,2,1.654225399778854,2,37.10623032077538,9,Agency
user_1405,459,64,9,840.2298025501384,15,19401.734514147603,0,1,1,1,2.825024404567893,0,49.3974653275481,8,Personal
user_1406,137,74,8,259.24362212084117,5,1736.3198506126246,2,2,1,0,1.4498026929341328,2,64.65129677051235,4,Personal
user_1407,930,66,8,1012.24727424516,32,42206.98724577157,1,1,2,1,4.970618989010864,2,43.7758401584281,2,B2B
user_1408,588,51,9,815.2491763602875,21,20301.62559028332,0,0,4,0,1.0912829200593892,2,79.30396071628898,5,Personal
user_1409,995,61,7,1571.284271256575,34,44460.04870674607,1,1,1,1,3.1995342379510086,0,11.627883888451496,8,Agency
user_1410,547,22,12,190.86349316342887,20,14680.18485166753,0,0,1,0,2.236381954798837,1,71.80565097820173,5,B2B
user_1411,513,25,5,637.0529779640606,17,15077.83977156891,0,2,0,0,3.0142086040679392,2,14.521006061127794,3,E-commerce
user_1412,296,67,4,48.88913969298249,10,13721.5898500219,2,3,1,0,3.2348518103780863,1,93.78396549285259,4,Personal
user_1413,320,81,12,334.5201787003453,11,14558.697424307275,0,1,0,0,1.9603835851139504,4,31.403768069495875,6,E-commerce
user_1414,918,54,14,361.87660528200064,30,23103.525678873473,0,4,1,0,3.2274350229490474,4,79.54323610394711,9,Personal
user_1415,572,88,2,256.00063593559366,20,9923.381138302448,0,0,2,0,4.02424444802215,4,10.387560694288736,8,Agency
user_1416,832,34,7,660.2671934276644,28,18880.30107008605,0,0,3,0,2.0660393489759934,3,9.108706658787414,8,Personal
user_1417,349,21,17,321.6490852497131,11,7834.838779559719,0,1,1,0,2.5337045332556283,0,58.25868543910996,0,Agency
user_1418,840,38,0,1078.5831895533709,30,15043.56787434961,0,1,10,2,2.159652242802906,1,91.21777368825698,7,Agency
user_1419,779,14,11,188.06150213084703,25,13310.058029892145,0,3,3,0,4.28223892395281,3,15.723440443790393,4,E-commerce
user_1420,873,89,1,922.7735243645494,31,38191.85745960578,0,0,5,1,2.4331089144853255,1,32.130694936083174,9,Personal
user_1421,229,95,2,102.36019417312428,9,1864.9270926554386,1,2,1,1,4.484785748873629,0,11.04758016528934,15,E-commerce
user_1422,270,60,0,321.4492647912836,10,9582.975862510068,0,0,6,2,1.3279487212492804,2,27.50530633406537,1,Agency
user_1423,828,48,7,1085.564936009294,27,10579.275117267414,0,0,3,0,1.2943185526390062,3,94.3779474736361,0,Agency
user_1424,798,41,17,923.8825747854371,27,16361.206631780811,0,3,2,0,1.4775340154346934,0,37.75002648084656,9,Agency
user_1425,291,37,7,437.3035877434563,10,2260.9060319956884,0,2,1,2,1.6440733312969456,3,65.80620584856787,6,Agency
user_1426,725,81,8,534.8017339418415,26,12432.889902409448,2,3,2,0,3.1323306426992095,4,22.39167643700659,9,B2B
user_1427,165,90,0,256.3609164769865,6,6530.526453045522,0,0,2,2,4.883648281451059,3,9.0858009815409,13,Agency
user_1428,5,34,9,4.61128727622784,1,224.1284480231332,0,2,4,0,2.428941666467128,2,17.58493356039391,4,Personal
user_1429,851,48,2,867.9779153378068,28,12738.382282101147,1,1,1,0,4.834033077440821,2,18.140162425212417,8,Agency
user_1430,379,87,12,504.5983418406975,13,9800.808398560912,0,2,0,0,1.1528031799567189,1,53.285820229005395,3,B2B
user_1431,78,68,2,10.52071250868499,3,2040.8374082595944,2,1,10,3,1.958086534984306,3,1.0748165751581773,7,Personal
user_1432,410,77,8,550.4614984863734,15,18167.464391267094,2,1,1,1,1.7246104292198847,4,83.29234276131146,0,B2B
user_1433,574,90,1,732.0289635780491,22,22573.099535782054,1,14,2,1,4.649899942877395,2,51.27538925310988,0,B2B
user_1434,132,92,2,90.9096568817226,4,3707.678677106216,1,0,1,0,1.2249097204618447,1,5.962622481652886,16,Personal
user_1435,601,79,12,158.06849392672706,20,21145.358036759113,1,1,7,0,4.79287778998013,4,6.729331250298875,1,B2B
user_1436,749,6,15,204.31023877124883,24,32305.102092015208,0,2,1,0,1.8031930572754433,4,6.319929712932804,9,Agency
user_1437,42,51,13,77.87325500942124,3,228.02862310827996,0,1,4,1,2.210856240292643,4,25.7643486858529,5,E-commerce
user_1438,89,33,2,125.45713321928906,4,2058.574574355445,0,2,0,1,2.9637693764118325,0,7.631515687431792,10,E-commerce
user_1439,402,72,8,137.28097639809152,13,18422.028896042353,0,3,1,0,2.522883524941901,2,86.02395360029985,4,E-commerce
user_1440,296,14,15,230.2211104193289,12,11340.969570841431,1,1,3,0,3.6701118770526,0,90.29654268909036,2,Personal
user_1441,840,20,11,1029.6028582669478,28,24719.40394982802,1,2,5,0,4.89923106900031,0,83.2327919979404,6,Personal
user_1442,295,34,3,497.8379407033086,9,8506.031096391396,0,1,3,0,3.425705963219763,2,32.85634681207237,8,Personal
user_1443,616,65,10,112.70075096570518,22,12720.187105595016,0,0,1,0,3.885941637746197,3,30.655775170609935,1,E-commerce
user_1444,526,90,7,289.09115159112685,19,14950.721031294648,1,1,1,0,1.352021001222806,1,98.74583451549977,6,E-commerce
user_1445,800,1,8,1432.4184652489776,27,27593.795180684316,3,1,3,3,3.5112497162800214,2,68.12806299874589,7,Personal
user_1446,691,34,10,81.13345083633267,24,16463.99867994332,3,3,1,1,2.8153991081856526,1,30.49519412575418,9,E-commerce
user_1447,637,78,2,307.4533341114419,22,23656.19994133167,1,0,6,3,1.0635388639658385,3,32.908015232480345,7,B2B
user_1448,422,77,13,811.1455842951241,16,18464.799995674726,1,2,2,0,2.552844398572408,2,43.464443931069695,6,B2B
user_1449,865,68,0,1094.625934759188,30,10346.107715595721,0,0,5,3,2.000345430025394,4,62.18066978248375,3,E-commerce
user_1450,23,81,11,13.735038722059032,2,582.3511686160343,0,0,0,0,1.9126149130363164,2,89.79791599716789,3,Personal
user_1451,575,59,0,130.68777062746352,20,13432.519862001473,2,6,2,1,2.037490134096784,3,19.830711969640923,9,Agency
user_1452,143,24,5,21.95958719951026,7,5138.83601406,0,0,3,1,2.5044897236890944,0,8.44033976844626,8,Agency
user_1453,993,65,8,561.0605417509906,36,16130.327685050574,1,2,1,0,2.216254150026011,2,40.57521239542326,9,E-commerce
user_1454,665,24,6,1180.2573330505884,25,22484.50862994687,0,4,2,0,2.0155153575602993,4,24.54554826105766,8,Agency
user_1455,145,76,0,129.08421175896385,5,6450.617302297959,2,13,1,1,1.1986748236032372,2,57.60326734391034,4,Personal
user_1456,225,32,5,330.44251531846203,7,5358.58244791043,0,3,1,1,4.346985327009836,0,69.92148371474215,6,B2B
user_1457,503,35,14,927.9050083126257,18,23135.840369029647,0,1,1,0,1.2572061235651373,2,31.07359537174299,6,B2B
user_1458,962,94,10,842.0163557176281,32,47804.05825843028,0,0,3,0,4.5494620624118705,4,68.54512888619885,8,Personal
user_1459,974,51,1,451.377902841807,32,9520.014549218738,2,12,1,0,1.501861556272241,3,34.31472548578066,6,Agency
user_1460,821,67,1,888.7522603437087,28,12715.150030100604,1,2,9,3,2.211099293948754,4,63.496813966626206,7,E-commerce
user_1461,616,79,4,1124.4211473348537,21,29424.52671108362,0,1,3,0,3.2520190559227884,3,63.30608067473998,6,B2B
user_1462,104,31,2,169.34438423360965,4,5004.973572732891,0,0,9,1,1.9875843387586558,4,27.815970342164377,3,Agency
user_1463,947,51,6,213.1476371633226,31,8898.795540606714,1,1,2,0,2.9649382753275404,1,63.57227517102035,1,Agency
user_1464,39,47,2,55.219644485748816,2,221.32236816187486,1,15,1,1,3.298017310005591,2,38.095509572365586,2,B2B
user_1465,947,98,11,1123.7152121603954,34,11600.277491072435,0,0,1,0,2.148226424476623,2,33.64549443606653,6,B2B
user_1466,198,65,2,361.18764694152526,6,9864.473899935832,0,1,2,0,3.6517970937184447,0,18.903848389186177,13,E-commerce
user_1467,646,67,0,214.9336910420548,21,8462.588854872667,0,0,2,1,3.009608878828733,1,9.328644071459118,10,Personal
user_1468,579,24,11,645.3931281364428,22,15988.877893142313,0,2,2,0,2.338973867829301,0,78.6744892061148,6,Agency
user_1469,391,12,8,692.4528350099848,14,16882.909896544843,0,0,4,1,4.306002667922913,2,24.51788141725172,3,E-commerce
user_1470,179,97,11,157.34908987086678,7,1059.334974093502,0,2,1,0,3.9108843853068405,0,68.19874051463097,6,B2B
user_1471,968,7,6,983.285052694289,33,31171.540067178492,0,5,2,0,2.574441367778488,3,90.06205849809001,4,Personal
user_1472,554,20,9,129.5669093122403,18,9676.244440319735,2,2,1,1,4.390471140915491,1,35.04289410345621,6,Personal
user_1473,448,97,9,281.55586675011284,16,19624.671915424988,1,0,1,0,4.681033000447097,4,2.9512064494900403,5,Agency
user_1474,500,43,0,358.28131671049994,16,8877.875858441781,1,1,3,0,3.14746506833745,3,1.9437155124005856,7,Personal
user_1475,15,24,11,28.435989789229275,0,538.5601111902885,1,0,1,1,1.859809800627683,4,13.950288835030433,6,B2B
user_1476,623,67,1,396.89335467256996,21,22016.747395662773,0,4,11,3,2.290927460338983,0,11.004484309866559,4,B2B
user_1477,669,67,10,652.7102494012546,25,10013.063288419464,0,0,2,0,1.7579184803820689,2,74.80852498714331,8,B2B
user_1478,289,43,2,397.51325897914603,10,1897.5635942878932,0,1,3,1,2.1700311344154892,3,29.485071690737264,0,E-commerce
user_1479,478,61,0,195.09493882083424,15,11192.958332123895,0,1,8,1,2.33578972459721,1,65.25097736006843,0,B2B
user_1480,231,91,1,236.59956371656872,7,4161.162814685215,2,12,3,0,3.907865377844159,4,4.24554357253637,1,E-commerce
user_1481,923,31,11,1387.4759135288994,31,38215.89083020538,1,1,2,1,4.693096345414197,3,29.57402760781426,7,B2B
user_1482,420,95,15,733.7504599955987,14,17226.88316180603,0,2,0,1,3.5491425872577596,2,23.414623467728045,8,B2B
user_1483,157,93,0,202.51314163180191,5,4013.874222240899,0,0,7,2,2.2499259495984534,1,27.688051035236285,6,Personal
user_1484,550,12,7,754.1609235062106,19,17761.177576749666,0,3,4,0,1.3694833571035865,1,19.071776913379946,0,Agency
user_1485,441,30,7,149.91292167861033,15,14196.530094760528,0,2,1,0,1.2430149183520802,4,61.79160211023198,6,B2B
user_1486,97,47,2,184.00660844250177,3,4095.545317886576,1,0,1,1,3.416767802974656,3,15.8585522550399,16,Personal
user_1487,997,19,13,350.83507497885495,34,24052.733309637257,0,1,1,1,4.864465289971019,3,14.846549048326029,6,Personal
user_1488,411,17,14,646.0420966452663,14,7149.3863427254655,1,0,4,0,3.010885235818896,1,74.11459846147578,4,Agency
user_1489,951,92,8,573.5966118212442,31,16097.16932182473,1,2,1,1,1.2060609037572205,0,25.004547625862894,6,Personal
user_1490,289,59,5,541.5359952063573,9,8418.180592065066,0,1,6,0,1.8848746243098247,1,28.292250249956542,9,Personal
user_1491,254,70,1,372.85247369971086,8,6403.76395722919,0,2,3,1,1.9791716256630827,2,17.6833020769358,8,Agency
user_1492,196,5,7,300.32022671314456,6,4861.865200087137,0,0,0,0,2.3514285165478,3,90.11659152711921,8,E-commerce
user_1493,598,31,14,308.6950324306394,21,5442.505794904021,0,0,1,0,1.1744135343448505,4,82.47563134684232,1,Agency
user_1494,834,44,0,785.4411469760757,29,31139.198388103043,2,1,3,0,4.6195708019916655,3,17.110608099658073,6,Agency
user_1495,522,42,8,664.9471263936542,19,7630.674800695083,1,0,2,0,3.062255778885981,1,99.92676350965198,4,B2B
user_1496,517,1,8,808.0450851643442,18,7167.126206805902,1,3,2,0,3.6837231718164363,2,67.21554147823683,7,B2B
user_1497,635,96,2,188.92698703829802,22,14969.569001926518,1,0,2,0,1.2686913475800359,0,7.642329883744976,10,E-commerce
user_1498,842,35,2,1623.7920332639544,30,12840.521363898495,1,2,1,0,1.2164618712145976,3,17.359868453877905,15,Agency
user_1499,865,67,2,1549.5776720564127,29,27051.6830549645,0,0,6,2,1.3614472768295764,1,81.73803954265935,5,Agency
user_1500,118,85,2,72.41215398911,3,2562.4703318660436,2,12,2,0,4.549184042016832,1,69.17430396287368,4,E-commerce
